userid,activity_count,login_count,resources_viewed,days_inactive,average_grade,assignments_submitted,forum_posts,completion_rate,quiz_attempts_count
2,2265,27.0,91.0,1486,0.0,0,0,0.0,0
4,6,1.0,4.0,1722,0.0,0,0,0.0,0
20,92,7.0,84.0,1522,0.0,0,0,0.0,0
23,10,0.0,7.0,999,0.0,0,0,0.0,0
27,42,3.0,34.0,1742,0.0,0,0,0.0,0
31,61,6.0,54.0,1715,0.0,0,0,0.0,0
33,8,1.0,7.0,1708,0.0,0,0,0.0,0
35,94,22.0,71.0,980,0.0,0,0,0.5,0
42,73,6.0,62.0,1730,0.0,0,0,0.0,0
44,30,7.0,18.0,1735,0.0,0,0,0.0,0
47,5,1.0,3.0,639,0.0,0,0,0.0,0
51,31,4.0,27.0,532,0.0,0,0,1.0,0
57,213,25.0,172.0,210,0.0,0,0,1.0,0
61,25,5.0,20.0,248,0.0,0,0,0.0,0
65,91,4.0,87.0,286,0.0,0,0,0.0,0
69,43,6.0,31.0,1681,0.0,0,0,0.0,1
83,26,1.0,24.0,1731,0.0,0,0,0.0,0
88,2580,32.0,635.0,1245,0.0,0,0,0.0,0
94,99,6.0,90.0,1721,0.0,0,0,0.0,0
105,103,11.0,81.0,259,0.0,0,0,0.0,0
116,16,1.0,11.0,1745,0.0,0,0,0.0,0
130,2,1.0,1.0,1943,0.0,0,0,0.0,0
131,3,1.0,2.0,1757,0.0,0,0,0.0,0
142,46,1.0,43.0,1718,0.0,0,0,0.66667,0
157,88,8.0,73.0,1298,15.0,0,0,0.0,1
169,10,3.0,7.0,1324,0.0,0,0,0.0,0
176,32,6.0,26.0,1644,0.0,0,0,1.0,0
181,11,1.0,6.0,1703,0.0,0,0,0.0,0
190,5,2.0,2.0,1757,0.0,0,0,0.0,0
192,2302,166.0,2076.0,38,0.0,0,6,0.0,0
193,19,1.0,17.0,1722,0.0,0,0,0.0,0
196,76,5.0,64.0,1725,0.0,0,0,0.0,0
197,7,1.0,2.0,1725,0.0,0,0,0.0,0
201,34,4.0,26.0,1725,0.0,0,0,0.0,0
205,90,11.0,75.0,1192,0.0,0,0,1.0,1
226,2,1.0,0.0,1758,0.0,0,0,0.0,0
230,130,8.0,115.0,1726,0.0,0,0,0.0,0
243,54,5.0,49.0,1568,0.0,0,0,0.0,0
245,6,1.0,2.0,1757,0.0,0,0,0.0,0
251,319,20.0,287.0,644,0.0,0,0,1.0,0
256,43,4.0,39.0,1388,0.0,0,1,1.0,0
257,6,2.0,3.0,1864,0.0,0,0,0.0,0
259,17,2.0,11.0,1735,0.0,0,0,0.0,0
264,3,1.0,1.0,1758,0.0,0,0,0.0,0
274,58,7.0,36.0,307,0.0,0,0,0.0,0
284,58,9.0,48.0,1700,0.0,0,0,1.0,0
286,3976,81.0,3836.0,184,0.0,0,2,0.0,0
288,4,1.0,1.0,999,0.0,0,0,0.0,0
297,9,2.0,6.0,1907,0.0,0,0,0.5,0
319,5,1.0,1.0,1758,0.0,0,0,0.0,0
328,18,2.0,10.0,1714,0.0,0,0,1.0,0
329,4,1.0,2.0,1783,0.0,0,0,0.0,0
335,27,3.0,24.0,379,0.0,0,0,0.0,0
336,3,1.0,2.0,999,0.0,0,0,0.0,0
341,4,1.0,3.0,1891,0.0,0,0,0.0,0
343,1537,97.0,1432.0,92,0.0,0,0,0.0,0
367,32,4.0,28.0,1702,0.0,0,0,0.0,0
398,7317,32.0,902.0,563,0.0,0,4,1.0,0
444,11,3.0,8.0,999,0.0,0,0,0.0,0
449,17,3.0,12.0,999,0.0,0,0,0.0,0
789,4,1.0,2.0,999,0.0,0,0,0.0,0
994,5,1.0,2.0,999,0.0,0,0,0.0,0
1735,36,2.0,29.0,1298,9.0,0,0,0.0,1
1954,9,3.0,5.0,999,0.0,0,0,0.0,0
1984,179,19.0,150.0,1606,0.0,5,0,1.0,0
2218,4,1.0,2.0,999,0.0,0,0,0.0,0
2579,312,35.0,263.0,269,0.0,7,0,1.0,0
4044,475,60.0,396.0,1605,0.0,6,0,0.85714,0
4247,14,3.0,7.0,999,0.0,0,0,0.0,0
4667,4,1.0,1.0,999,0.0,0,0,0.0,0
4736,265,30.0,221.0,1605,0.0,5,0,1.0,0
5428,2,1.0,1.0,999,0.0,0,0,0.0,0
5556,350,33.0,300.0,1606,0.0,5,0,1.0,0
5890,16,1.0,14.0,999,0.0,0,0,0.0,0
6113,12,1.0,9.0,999,0.0,0,0,0.0,0
6163,216,30.0,177.0,1604,0.0,5,0,0.8,0
6422,9,1.0,6.0,999,0.0,0,0,0.0,0
6834,12,2.0,8.0,999,0.0,0,0,0.0,0
7057,2,1.0,1.0,999,0.0,0,0,0.0,0
7198,5,2.0,2.0,999,0.0,0,0,0.0,0
7496,492,73.0,402.0,1277,0.0,6,0,1.0,0
7534,32,3.0,29.0,1388,0.0,0,0,1.0,0
8295,530,49.0,457.0,1581,0.0,0,0,1.0,0
8424,2,1.0,1.0,999,0.0,0,0,0.0,0
8612,2,1.0,1.0,999,0.0,0,0,0.0,0
8968,294,39.0,244.0,1604,0.0,6,0,1.0,0
9046,226,26.0,188.0,1606,0.0,5,0,1.0,0
9048,17,1.0,11.0,999,0.0,0,0,0.0,0
9052,353,44.0,291.0,1608,0.0,6,0,1.0,0
9086,9,1.0,4.0,999,0.0,0,0,0.0,0
9107,310,31.0,267.0,1606,0.0,6,0,1.0,0
9108,124,17.0,101.0,1616,0.0,2,0,1.0,0
9151,159,23.0,124.0,1606,0.0,6,0,1.0,0
9233,2,1.0,1.0,999,0.0,0,0,0.0,0
9241,102,6.0,96.0,1582,0.0,0,0,0.0,0
9710,212,13.0,188.0,999,0.0,0,0,0.0,0
9714,544,58.0,437.0,1457,5.0,8,0,1.0,1
9717,211,21.0,165.0,999,0.0,0,0,0.0,0
9728,28,6.0,17.0,999,0.0,0,0,0.0,0
9731,4,1.0,3.0,999,0.0,0,0,0.0,0
9733,141,12.0,109.0,999,0.0,0,0,0.0,0
9749,30,5.0,25.0,1726,0.0,0,0,0.0,0
9759,4,2.0,2.0,999,0.0,0,0,0.9,0
9769,264,25.0,209.0,999,0.0,0,0,0.0,0
9785,1663,206.0,1413.0,1471,22.56016,1,0,0.25,10
9790,237,15.0,200.0,891,0.0,2,0,1.0,0
9791,237,8.0,209.0,1937,0.0,2,0,1.0,0
9792,272,17.0,234.0,1936,0.0,2,0,1.0,0
9818,13,1.0,12.0,999,0.0,0,0,0.0,0
9835,4,1.0,3.0,999,0.0,0,0,0.0,0
9887,85,4.0,74.0,1298,15.0,0,0,1.0,1
9890,26,2.0,20.0,999,0.0,0,0,0.85714,0
9904,35,1.0,27.0,1298,20.0,0,0,1.0,1
9905,361,27.0,312.0,999,0.0,2,0,1.0,0
9907,306,25.0,258.0,999,8.0,2,0,1.0,2
9909,7,1.0,6.0,999,0.0,0,0,0.0,0
9915,50,3.0,40.0,1298,17.0,0,0,1.0,1
9925,6,2.0,4.0,999,0.0,0,0,0.0,0
9931,148,10.0,129.0,879,0.0,2,0,1.0,0
9933,4,1.0,3.0,999,0.0,0,0,0.0,0
9942,141,6.0,126.0,1297,19.66667,0,0,1.0,1
9943,29,1.0,23.0,1298,18.66667,0,0,0.0,1
10093,3,1.0,2.0,999,0.0,0,0,0.0,0
10470,7,2.0,3.0,999,0.0,0,0,0.0,0
10475,3,1.0,1.0,999,0.0,0,0,0.0,0
10598,6,1.0,4.0,1877,0.0,0,0,0.0,0
10814,11,2.0,9.0,999,0.0,0,0,0.0,0
10831,6,1.0,3.0,999,0.0,0,0,0.0,0
10883,2,1.0,1.0,999,0.0,0,0,0.0,0
10936,447,64.0,354.0,1457,7.0,5,0,0.83333,2
10943,248,19.0,202.0,999,0.0,2,0,0.66667,0
10945,3,1.0,2.0,1763,0.0,0,0,0.0,0
10953,6,1.0,3.0,999,0.0,0,0,0.0,0
10971,9,1.0,8.0,1647,0.0,0,0,1.0,0
10976,120,4.0,99.0,1517,0.0,2,0,1.0,1
10992,34,9.0,23.0,999,0.0,0,0,0.0,0
11005,4,1.0,1.0,999,0.0,0,0,0.0,0
11042,1721,960.0,749.0,763,0.0,7,0,0.35294,0
11046,23,2.0,16.0,1706,0.0,0,0,0.0,0
11071,49,9.0,32.0,625,0.0,0,0,0.0,0
11083,316,20.0,276.0,1457,2.0,8,0,1.0,1
11085,623,68.0,523.0,1508,17.694005714,0,0,0.0,10
11127,6,1.0,5.0,1909,0.0,0,0,1.0,0
11140,2,1.0,1.0,999,0.0,0,0,0.0,0
11160,16,1.0,10.0,1659,0.0,0,0,0.0,0
11162,4,1.0,3.0,1760,23.416665,0,0,0.73333,1
11189,341,28.0,280.0,1786,0.0,2,0,0.66667,0
11192,371,35.0,306.0,999,0.0,0,0,1.0,0
11194,527,46.0,452.0,175,15.311113333,19,0,0.90476,2
11196,379,24.0,321.0,1513,0.0,0,0,0.0,0
11217,336,34.0,287.0,912,0.0,7,0,1.0,0
11256,569,41.0,500.0,871,0.0,2,0,0.66667,0
11278,7,2.0,5.0,1658,0.0,0,0,1.0,0
11291,266,19.0,235.0,915,0.0,8,0,1.0,0
11292,24,3.0,17.0,1690,0.0,0,0,0.0,0
11330,901,98.0,765.0,174,9.55,23,0,1.0,3
11335,14,1.0,9.0,999,0.0,0,0,0.0,0
11349,22,2.0,18.0,1810,0.0,0,0,1.0,0
11380,215,31.0,171.0,1374,0.0,5,0,1.0,0
11383,25,7.0,18.0,1590,0.0,0,0,0.0,0
11417,396,48.0,315.0,999,0.0,0,0,0.0,0
11427,4,1.0,2.0,1786,0.0,0,0,1.0,0
11434,563,44.0,500.0,1535,0.0,0,0,0.0,0
11444,8,1.0,7.0,1029,5.6,0,0,0.0,4
11458,60,3.0,55.0,1722,0.0,0,0,0.0,0
11463,307,35.0,243.0,1583,0.0,0,0,1.0,0
11489,3,1.0,2.0,999,0.0,0,0,0.0,0
11490,3,1.0,2.0,999,0.0,0,0,0.0,0
11491,482,41.0,413.0,1475,0.0,0,0,0.47368,1
11508,508,49.0,402.0,1936,0.0,2,0,1.0,0
11509,3,1.0,2.0,1920,0.0,0,0,0.0,0
11545,218,25.0,165.0,999,0.0,1,0,0.5,1
11552,483,44.0,416.0,852,0.0,2,0,1.0,0
11565,5,1.0,3.0,1602,0.0,0,0,1.0,0
11580,313,30.0,263.0,1933,0.0,2,0,1.0,0
11594,645,42.0,566.0,178,7.26667,24,0,0.96429,2
11601,14,3.0,11.0,1720,0.0,0,0,0.0,0
11617,8,1.0,7.0,1733,0.0,0,0,0.0,0
11846,3,1.0,1.0,999,0.0,0,0,0.0,0
11863,2,1.0,1.0,999,0.0,0,0,0.0,0
11944,9,3.0,3.0,999,0.0,0,0,0.0,0
11951,41,8.0,27.0,999,0.0,0,0,0.0,0
11957,8,1.0,6.0,999,0.0,0,0,0.0,0
11976,4,1.0,3.0,999,0.0,0,0,0.0,0
12025,8,2.0,5.0,999,0.0,0,0,0.0,0
12040,2,1.0,1.0,999,0.0,0,0,0.0,0
12086,2,1.0,1.0,999,0.0,0,0,0.0,0
12095,6,1.0,5.0,999,0.0,0,0,0.0,0
12118,4,1.0,2.0,999,0.0,0,0,0.0,0
12323,200,19.0,161.0,1475,0.0,2,0,1.0,1
12360,318,17.0,275.0,999,0.0,2,0,1.0,0
12500,300,21.0,241.0,854,20.0,2,0,1.0,1
12610,9,1.0,8.0,999,0.0,0,0,0.0,0
12647,4,2.0,2.0,999,0.0,0,0,0.0,0
12747,27,8.0,15.0,999,0.0,0,0,0.0,0
13180,10,2.0,8.0,1588,0.0,0,0,1.0,0
13336,7,2.0,5.0,999,0.0,0,0,0.0,0
13422,7,1.0,6.0,999,0.0,0,0,0.0,0
13507,319,15.0,274.0,999,0.0,2,0,1.0,0
13638,6,2.0,4.0,999,0.0,0,0,0.0,0
13664,30,2.0,24.0,999,0.0,0,0,0.0,0
13680,354,37.0,296.0,1514,0.0,2,0,1.0,1
13687,208,20.0,174.0,999,0.0,0,0,1.0,0
13752,3,1.0,1.0,999,0.0,0,0,0.0,0
14060,3,1.0,2.0,1725,0.0,0,0,0.0,0
14072,10,2.0,5.0,999,0.0,0,0,0.0,0
14268,15,3.0,7.0,1720,0.0,0,0,0.0,0
14326,3,1.0,1.0,999,0.0,0,0,0.0,0
14402,16,3.0,7.0,1722,0.0,0,0,0.0,0
14437,3,1.0,2.0,1877,0.0,0,0,1.0,0
14499,608,41.0,545.0,1935,0.0,2,0,1.0,0
14534,2,1.0,1.0,999,0.0,0,0,0.0,0
14535,339,31.0,296.0,999,0.0,0,0,1.0,0
14540,369,43.0,302.0,791,21.766234285,0,0,0.5,5
14621,2,1.0,1.0,1788,0.0,0,0,0.0,0
14670,3,1.0,2.0,1843,0.0,0,0,0.0,0
14704,563,57.0,443.0,1604,0.0,6,0,1.0,0
14763,3,1.0,1.0,999,0.0,0,0,0.0,0
14811,7,1.0,4.0,999,0.0,0,0,0.0,0
14902,2,1.0,1.0,999,0.0,0,0,0.0,0
15082,24,1.0,22.0,999,0.0,0,0,0.0,0
15117,12,1.0,7.0,1714,0.0,0,0,0.0,0
15120,503,404.0,55.0,999,0.0,0,0,0.0,0
15307,4,1.0,2.0,999,0.0,0,0,0.0,0
15309,9,1.0,6.0,999,0.0,0,0,0.0,0
15389,1,1.0,0.0,999,0.0,0,0,0.0,0
15395,9,1.0,5.0,999,0.0,0,0,0.0,0
15495,17,1.0,12.0,1578,0.0,0,0,0.0,0
15676,2,1.0,1.0,999,0.0,0,0,0.0,0
15702,2,1.0,1.0,999,0.0,0,0,0.0,0
15771,7,2.0,3.0,999,0.0,0,0,0.0,0
15959,481,70.0,375.0,999,0.0,0,0,1.0,0
16061,39,8.0,31.0,1536,0.0,0,0,1.0,0
16086,20,5.0,10.0,999,0.0,0,0,0.0,0
16098,3,1.0,2.0,999,0.0,0,0,0.0,0
16141,9,2.0,7.0,999,0.0,0,0,0.0,0
16197,373,41.0,298.0,999,0.0,0,0,0.0,0
16255,28,2.0,20.0,1720,0.0,0,0,0.0,0
16348,2,1.0,1.0,999,0.0,0,0,0.0,0
16454,106,5.0,93.0,1298,20.0,0,0,1.0,1
16484,2,1.0,1.0,1896,0.0,0,0,0.0,0
16488,7,1.0,6.0,999,0.0,0,0,0.0,0
16530,4,1.0,3.0,999,0.0,0,0,0.0,0
16576,442,33.0,384.0,889,16.0,2,0,1.0,1
16578,3,1.0,1.0,999,0.0,0,0,0.0,0
16652,113,6.0,91.0,999,0.0,2,0,0.66667,0
16710,41,7.0,29.0,1737,0.0,0,0,0.0,0
16779,505,55.0,426.0,999,0.0,0,0,0.0,0
16842,4,1.0,1.0,999,0.0,0,0,0.0,0
16880,4,2.0,2.0,999,0.0,0,0,0.0,0
16967,365,45.0,298.0,999,0.0,0,0,0.0,0
17007,329,32.0,275.0,999,0.0,0,0,0.0,0
17130,9,1.0,6.0,999,0.0,0,0,0.0,0
17170,5,1.0,2.0,999,0.0,0,0,0.0,0
17216,5,1.0,2.0,999,0.0,0,0,0.0,0
17246,155,4.0,140.0,1298,6.041665,0,0,0.0,2
17600,398,31.0,343.0,514,22.0,2,0,1.0,2
17621,40,2.0,29.0,1298,19.0,0,0,0.0,1
17691,24,1.0,22.0,1723,0.0,0,0,0.0,0
17717,7,1.0,3.0,999,0.0,0,0,0.0,0
17719,2,1.0,1.0,999,0.0,0,0,0.0,0
17740,3,1.0,2.0,999,0.0,0,0,0.0,0
17791,548,66.0,427.0,999,0.0,0,0,1.0,0
17878,4,2.0,2.0,999,0.0,0,0,0.0,0
17946,5,2.0,3.0,999,0.0,0,0,0.0,0
17979,4,2.0,1.0,1762,0.0,0,0,0.0,0
18359,4,1.0,3.0,999,0.0,0,0,0.0,0
18436,3,1.0,2.0,999,0.0,0,0,0.92308,0
18495,4,2.0,2.0,999,0.0,0,0,0.0,0
18516,5,1.0,2.0,999,0.0,0,0,0.0,0
18664,5653,3780.0,1873.0,999,0.0,0,0,0.0,0
18683,4,1.0,3.0,999,0.0,0,0,0.0,0
18739,236,16.0,193.0,1580,0.0,1,0,1.0,1
18763,10,1.0,7.0,999,0.0,0,0,0.0,0
18853,6,1.0,2.0,999,0.0,0,0,0.0,0
18926,4,1.0,1.0,999,0.0,0,0,0.0,0
18945,2,1.0,1.0,999,0.0,0,0,0.0,0
18966,2,1.0,1.0,999,0.0,0,0,0.0,0
19345,43,2.0,34.0,1298,18.0,0,0,0.0,1
19513,4,1.0,3.0,999,0.0,0,0,0.0,0
19615,12,3.0,6.0,999,0.0,0,0,1.0,0
19622,655,78.0,556.0,1396,5.0,8,0,1.0,2
19636,10,1.0,5.0,999,0.0,0,0,0.0,0
19641,22,3.0,17.0,999,0.0,0,0,0.0,0
19707,6,1.0,2.0,999,0.0,0,0,0.0,0
19868,723,290.0,422.0,917,0.0,6,0,1.0,0
19899,5,1.0,3.0,1719,0.0,0,0,0.0,0
19911,4,1.0,3.0,999,0.0,0,0,0.0,0
20132,6,1.0,4.0,999,0.0,0,0,0.0,0
20155,3,1.0,2.0,999,0.0,0,0,0.0,0
20221,150,13.0,122.0,1928,0.0,0,0,1.0,0
20310,15,2.0,8.0,1714,0.0,0,0,0.0,0
20356,271,43.0,205.0,999,0.0,0,0,0.0,0
20387,3,1.0,1.0,999,0.0,0,0,0.0,0
20568,3,1.0,2.0,999,0.0,0,0,0.0,0
20730,2,1.0,1.0,999,0.0,0,0,0.0,0
20740,2,1.0,1.0,999,0.0,0,0,0.0,0
20742,37,3.0,32.0,500,0.0,0,0,0.0,0
20869,436,43.0,359.0,1810,0.0,0,0,0.42857,0
20891,2,1.0,1.0,999,0.0,0,0,0.0,0
20903,3,1.0,1.0,999,0.0,0,0,0.0,0
21136,14,2.0,5.0,999,0.0,0,0,0.0,0
21403,19,10.0,4.0,999,0.0,0,0,0.0,0
21407,49,23.0,9.0,999,0.0,0,0,0.0,0
21482,18,1.0,12.0,999,0.0,0,0,0.0,0
21485,4,2.0,2.0,999,0.0,0,0,0.0,0
21491,10,1.0,6.0,999,0.0,0,0,0.0,0
21559,5,2.0,2.0,999,0.0,0,0,0.0,0
21672,601,64.0,503.0,1559,0.0,1,0,1.0,1
21674,225,26.0,174.0,999,0.0,0,0,0.0,0
21805,7,1.0,6.0,1935,0.0,0,0,0.0,0
21808,4,1.0,3.0,1936,0.0,0,0,0.0,0
21816,2,1.0,1.0,999,0.0,0,0,0.0,0
21979,219,19.0,176.0,1936,0.0,2,0,1.0,0
22062,11,1.0,8.0,999,0.0,0,0,0.0,0
22065,3,1.0,2.0,999,0.0,0,0,0.0,0
22135,2,1.0,1.0,999,0.0,0,0,0.0,0
22326,281,27.0,225.0,999,0.0,2,0,1.0,0
22349,431,40.0,364.0,503,0.0,0,0,0.0,0
22448,397,26.0,345.0,999,0.0,2,0,1.0,0
22451,262,37.0,198.0,659,0.0,0,0,0.0,0
22517,446,55.0,371.0,1770,0.0,0,0,0.0,0
22628,24,6.0,17.0,999,0.0,0,0,0.0,0
22669,5,1.0,4.0,999,0.0,0,0,0.0,0
22674,10,3.0,4.0,1736,8.25,0,0,0.0,3
22684,14,6.0,4.0,999,0.0,0,0,0.0,0
22724,6,1.0,5.0,999,0.0,0,0,0.0,0
22799,457,36.0,390.0,859,0.0,2,0,0.8,0
22822,7,1.0,3.0,999,0.0,0,0,0.0,0
22993,2,1.0,1.0,999,0.0,0,0,0.0,0
23119,23,2.0,20.0,1576,0.0,0,0,0.0,0
23147,411,31.0,352.0,113,17.3125,2,0,1.0,6
23169,1874,1174.0,696.0,1711,0.0,0,0,0.0,0
23260,4,1.0,3.0,999,0.0,0,0,0.0,0
23385,1088,129.0,910.0,1565,28.190568571,1,0,0.5,11
23411,5,1.0,2.0,999,0.0,0,0,0.0,0
23429,31,1.0,24.0,1298,18.33333,0,0,0.0,1
23466,5,1.0,2.0,999,0.0,0,0,0.0,0
23467,15,1.0,13.0,999,0.0,0,0,0.0,0
23678,2,1.0,1.0,999,0.0,0,0,0.0,0
23904,13,3.0,10.0,999,0.0,0,0,0.0,0
24066,2,1.0,1.0,999,0.0,0,0,0.0,0
24097,2,1.0,1.0,999,0.0,0,0,0.0,0
24369,3,1.0,2.0,999,0.0,0,0,0.0,0
24491,3,1.0,1.0,999,0.0,0,0,0.0,0
24495,761,46.0,671.0,886,15.33333,1,0,0.4,1
24600,6,1.0,3.0,999,0.0,0,0,0.0,0
24657,8,1.0,7.0,999,0.0,0,0,0.0,0
24677,8,1.0,4.0,999,0.0,0,0,0.0,0
24727,4,1.0,2.0,999,0.0,0,0,0.0,0
24795,11,1.0,10.0,999,0.0,0,0,0.0,0
24823,11,2.0,9.0,999,0.0,0,0,0.0,0
24949,411,42.0,351.0,1775,0.0,0,0,0.0,0
25015,1,1.0,0.0,999,0.0,0,0,0.0,0
25139,4,1.0,3.0,999,0.0,0,0,0.0,0
25140,174,112.0,35.0,999,0.0,0,0,0.0,0
25158,16,3.0,11.0,999,0.0,0,0,0.0,0
25176,961,88.0,795.0,177,15.666666666,25,0,0.9,4
25188,4,1.0,2.0,364,0.0,0,0,0.0,0
25189,6,2.0,4.0,1786,0.0,0,0,0.0,0
25287,4,1.0,1.0,999,0.0,0,0,0.0,0
25295,2,1.0,1.0,999,0.0,0,0,1.0,0
25405,7,1.0,5.0,999,0.0,0,0,0.0,0
25439,12,1.0,10.0,999,0.0,0,0,0.0,0
25445,304,5.0,286.0,1298,19.0,0,0,0.0,1
25525,6,1.0,2.0,999,0.0,0,0,0.0,0
25752,5,1.0,2.0,999,0.0,0,0,0.0,0
25819,323,212.0,109.0,1713,0.0,0,0,0.0,0
26033,13,5.0,8.0,1448,0.0,0,0,0.0,0
26050,295,26.0,244.0,999,0.0,2,0,1.0,0
26345,13,4.0,5.0,999,0.0,0,0,0.0,0
26358,47,2.0,38.0,1298,20.0,0,0,1.0,1
26368,4,1.0,3.0,999,0.0,0,0,0.0,0
26396,12,3.0,6.0,999,0.0,0,0,0.0,0
26607,10,2.0,7.0,1716,0.0,0,0,0.88889,0
26698,15,5.0,6.0,999,0.0,0,0,0.5,3
26736,19,6.0,11.0,285,0.0,0,0,0.0,0
26869,16,2.0,13.0,999,0.0,0,0,0.0,0
27006,8,2.0,6.0,1906,0.0,0,0,0.0,0
27035,537,50.0,434.0,176,18.733333333,20,0,1.0,4
27065,7,1.0,4.0,999,0.0,0,0,0.0,0
27068,330,25.0,276.0,999,0.0,2,0,0.66667,0
27104,4,1.0,1.0,999,0.0,0,0,0.0,0
27126,12,1.0,6.0,1714,0.0,0,0,0.0,0
27205,3,1.0,2.0,999,0.0,0,0,0.0,0
27215,264,14.0,238.0,228,0.0,2,0,0.88889,1
27294,7,2.0,5.0,1781,0.0,0,0,0.0,0
27335,11,1.0,5.0,1712,0.0,0,0,0.0,0
27506,19,1.0,17.0,999,0.0,0,0,0.0,0
27567,17,2.0,15.0,1714,0.0,0,0,0.0,0
27658,6,1.0,5.0,999,0.0,0,0,0.0,0
27735,8,1.0,7.0,999,0.0,0,0,0.0,0
27753,4,1.0,3.0,1714,0.0,0,0,0.0,0
27868,3,1.0,2.0,999,0.0,0,0,0.0,0
27910,27,2.0,23.0,1702,0.0,0,0,0.0,0
27975,3,1.0,2.0,1896,0.0,0,0,0.0,0
27997,5,2.0,2.0,999,0.0,0,0,0.0,0
28002,4,1.0,2.0,999,0.0,0,0,0.0,0
28038,2,1.0,1.0,999,0.0,0,0,0.0,0
28135,26,4.0,16.0,581,0.0,0,0,0.0,0
28255,15,3.0,11.0,999,0.0,0,0,0.0,0
28265,345,28.0,303.0,1233,6.0,7,0,1.0,1
28316,6,2.0,4.0,999,0.0,0,0,0.0,0
28347,247,21.0,205.0,999,0.0,2,0,1.0,0
28381,7,1.0,6.0,999,0.0,0,0,0.0,0
28426,239,21.0,209.0,914,0.0,5,0,0.8,0
28446,4,1.0,1.0,999,0.0,0,0,0.0,0
28480,235,19.0,198.0,999,0.0,2,0,1.0,0
28566,50,6.0,36.0,1703,0.0,0,0,0.0,0
28588,16,5.0,9.0,999,0.0,0,0,0.0,0
28620,223,16.0,192.0,918,0.0,2,0,0.5,0
28642,220,28.0,182.0,1606,0.0,5,0,1.0,0
28660,430,41.0,367.0,175,0.0,15,0,0.90909,0
28663,328,42.0,265.0,999,0.0,0,0,0.0,0
28672,14,2.0,8.0,1722,0.0,0,0,0.0,0
28744,5,2.0,2.0,1876,0.0,0,0,1.0,0
28758,324,44.0,270.0,1604,0.0,5,0,1.0,0
28800,4,2.0,2.0,999,0.0,0,0,0.0,0
28847,17,1.0,12.0,1721,0.0,0,0,0.0,0
28879,33,4.0,26.0,1606,0.0,0,0,0.0,0
28888,713,60.0,625.0,999,0.0,0,0,0.0,0
28948,10,1.0,9.0,1573,0.0,0,0,0.0,0
28952,3,1.0,2.0,999,0.0,0,0,1.0,0
29018,4,1.0,3.0,1926,0.0,0,0,0.0,0
29074,390,28.0,315.0,1457,6.0,10,0,1.0,2
29101,34,2.0,32.0,36,0.0,0,0,0.0,0
29127,3,1.0,2.0,1905,0.0,0,0,0.0,0
29168,576,54.0,477.0,1517,0.0,1,0,1.0,1
29174,75,7.0,59.0,999,0.0,2,0,1.0,0
29235,276,25.0,246.0,913,0.0,2,0,0.66667,0
29292,467,53.0,392.0,1580,0.0,0,0,1.0,0
29297,4,1.0,1.0,999,0.0,0,0,0.0,0
29325,426,47.0,364.0,1457,6.0,8,0,1.0,1
29362,6,1.0,5.0,999,0.0,0,0,0.0,0
29366,5,2.0,3.0,1877,0.0,0,0,0.0,0
29452,16,3.0,11.0,858,0.0,0,0,1.0,0
29465,10,2.0,8.0,1724,0.0,0,0,0.0,0
29506,6,2.0,3.0,1898,0.0,0,0,0.0,0
29541,1122,157.0,941.0,1509,2.0,0,0,1.0,3
29592,2,1.0,1.0,999,0.0,0,0,0.0,0
29663,404,32.0,350.0,999,0.0,0,0,0.0,0
29805,14,2.0,4.0,999,0.0,0,0,0.0,0
29938,3,1.0,2.0,999,0.0,0,0,0.0,0
29984,9,1.0,4.0,1724,0.0,0,0,0.0,0
30089,26,8.0,13.0,1788,0.0,0,0,0.66667,0
30154,239,34.0,200.0,875,0.0,4,0,1.0,0
30157,338,30.0,280.0,1457,7.0,10,0,1.0,3
30161,892,108.0,726.0,63,8.31667,22,0,1.0,1
30168,532,46.0,456.0,184,8.03333,18,0,1.0,1
30345,169,9.0,145.0,1457,3.0,6,0,1.0,1
30383,5,2.0,3.0,999,0.0,0,0,0.0,0
30384,308,33.0,243.0,999,0.0,2,0,1.0,0
30423,335,38.0,263.0,999,0.0,2,0,1.0,0
30643,11,2.0,5.0,1722,0.0,0,0,0.0,0
30719,3,1.0,2.0,999,0.0,0,0,0.0,0
30742,17,3.0,10.0,999,0.0,0,0,0.0,0
30799,19,1.0,12.0,1711,0.0,0,0,0.0,0
30803,311,33.0,261.0,1457,5.0,9,0,1.0,1
30861,7,1.0,4.0,999,0.0,0,0,0.0,0
31028,2,1.0,1.0,999,0.0,0,0,0.0,0
31073,8,2.0,5.0,1719,0.0,0,0,0.0,0
31076,18,3.0,10.0,999,0.0,0,0,0.0,0
31098,488,53.0,409.0,603,0.0,5,0,1.0,0
31156,363,31.0,311.0,488,4.0,2,0,0.66667,2
31230,3,1.0,2.0,999,0.0,0,0,0.0,0
31250,6,1.0,3.0,999,0.0,0,0,0.0,0
31376,741,56.0,663.0,1513,0.0,0,0,1.0,0
31385,229,12.0,193.0,999,0.0,2,0,0.66667,0
31435,259,7.0,216.0,1517,0.0,2,0,1.0,2
31437,401,32.0,323.0,1476,0.0,2,0,1.0,2
31522,332,38.0,284.0,1606,0.0,5,0,1.0,0
31524,223,22.0,172.0,1606,0.0,4,0,1.0,0
31564,13,1.0,11.0,999,0.0,0,0,0.0,0
31566,29,3.0,19.0,1731,0.0,0,0,0.0,0
31575,1417,142.0,1214.0,176,8.8,13,0,0.13043,1
31577,2,1.0,1.0,1779,0.0,0,0,0.0,0
31648,3,1.0,2.0,999,0.0,0,0,0.0,0
31889,333,28.0,256.0,999,0.0,2,0,1.0,1
31949,355,37.0,294.0,999,0.0,0,0,0.0,0
31971,321,36.0,259.0,911,0.0,8,0,1.0,0
31977,204,14.0,170.0,999,0.0,0,0,0.0,0
31982,17,3.0,14.0,1751,0.0,0,0,1.0,0
31987,497,45.0,439.0,916,0.0,7,0,1.0,0
31989,561,58.0,480.0,659,6.0,9,0,1.0,1
32012,165,18.0,120.0,999,0.0,0,0,0.0,0
32031,214,12.0,188.0,918,0.0,6,0,1.0,0
32389,2,1.0,1.0,1895,0.0,0,0,0.0,0
32544,3,1.0,1.0,1897,0.0,0,0,0.0,0
32753,462,46.0,393.0,1382,6.0,10,0,1.0,2
32762,7,1.0,3.0,999,0.0,0,0,0.0,0
33000,517,41.0,451.0,999,0.0,0,0,0.0,0
33008,356,38.0,288.0,1585,0.0,0,0,0.0,0
33011,311,21.0,275.0,1788,0.0,0,0,0.0,0
33012,17,2.0,13.0,999,0.0,0,0,0.0,0
33015,263,18.0,232.0,1457,0.0,7,0,1.0,0
33024,49,3.0,41.0,999,0.0,0,0,1.0,0
33041,377,33.0,337.0,912,0.0,5,0,0.8,0
33073,6,1.0,3.0,999,0.0,0,0,0.0,0
33075,1693,915.0,758.0,910,0.0,8,0,1.0,0
33078,240,16.0,202.0,999,0.0,0,0,0.0,0
33083,477,45.0,410.0,999,0.0,0,0,1.0,0
33092,589,49.0,504.0,1522,0.0,2,0,0.88235,1
33115,378,33.0,338.0,917,0.0,3,0,1.0,0
33116,239,23.0,196.0,999,0.0,0,0,0.0,0
33118,301,48.0,219.0,1457,6.0,2,0,1.0,1
33127,262,29.0,216.0,877,0.0,4,0,1.0,0
33144,311,26.0,262.0,999,0.0,0,0,0.0,0
33145,259,32.0,207.0,1781,0.0,0,0,0.0,0
33147,8,1.0,7.0,1687,0.0,0,0,0.0,0
33153,612,47.0,537.0,1456,6.0,9,0,1.0,1
33155,7,2.0,5.0,1769,0.0,0,0,0.0,0
33167,20,3.0,17.0,1710,0.0,0,0,0.0,0
33172,360,40.0,307.0,914,0.0,7,0,0.95238,0
33174,1541,819.0,700.0,999,0.0,0,0,0.0,0
33182,4,2.0,2.0,1914,0.0,0,0,0.0,0
33196,313,26.0,251.0,1566,0.0,2,0,1.0,1
33197,546,53.0,465.0,1352,7.0,8,0,1.0,3
33198,495,36.0,422.0,999,0.0,0,0,0.0,0
33200,328,22.0,285.0,1552,0.0,0,0,0.0,0
33202,11,3.0,6.0,999,0.0,0,0,0.0,0
33203,12,2.0,6.0,1713,0.0,0,0,0.0,0
33216,334,37.0,279.0,999,0.0,0,0,0.0,0
33223,429,51.0,338.0,910,0.0,7,0,1.0,0
33224,309,32.0,245.0,1510,0.0,2,0,0.85714,1
33227,642,328.0,292.0,1517,0.0,1,0,0.92857,0
33234,415,30.0,367.0,212,0.0,1,0,0.4375,1
33237,286,30.0,230.0,999,0.0,0,0,0.0,0
33242,277,24.0,221.0,1517,0.0,2,0,1.0,1
33248,41,3.0,34.0,1720,0.0,0,0,0.0,0
33256,503,39.0,444.0,1457,4.0,9,0,0.9,3
33432,40,9.0,30.0,999,0.0,0,0,0.0,0
33788,3,1.0,2.0,999,0.0,0,0,0.0,0
33900,3,1.0,2.0,999,0.0,0,0,0.0,0
33942,3,1.0,1.0,999,0.0,0,0,0.0,0
34060,16,1.0,15.0,999,0.0,0,0,0.0,0
34072,8,2.0,6.0,999,0.0,0,0,0.0,0
34169,4,1.0,3.0,999,0.0,0,0,0.0,0
34192,3,1.0,2.0,999,0.0,0,0,0.0,0
34267,3,1.0,1.0,999,0.0,0,0,0.0,0
34364,3,1.0,1.0,999,0.0,0,0,0.0,0
34452,3,1.0,2.0,999,0.0,0,0,0.0,0
34638,2,1.0,1.0,999,0.0,0,0,0.0,0
34697,4,1.0,3.0,999,0.0,0,0,0.0,0
34773,3,1.0,2.0,999,0.0,0,0,0.0,0
35157,7,3.0,4.0,1762,0.0,0,0,0.0,0
35501,13,4.0,9.0,1925,0.0,0,0,0.0,0
35510,9,1.0,6.0,1782,0.0,0,0,0.0,0
35513,13,1.0,12.0,1715,0.0,0,0,0.0,0
35517,6,1.0,3.0,1633,0.0,0,0,0.0,0
35521,32,4.0,28.0,1526,0.0,0,0,1.0,0
35522,3,1.0,2.0,999,0.0,0,0,0.0,0
35524,17,2.0,10.0,1927,0.0,0,0,0.0,0
35527,11,1.0,6.0,1714,0.0,0,0,0.0,0
35541,9,1.0,5.0,1714,0.0,0,0,0.0,0
35549,13,4.0,9.0,1779,0.0,0,0,0.0,0
35554,69,12.0,45.0,1692,0.0,0,0,0.0,0
35555,5,1.0,2.0,999,0.0,0,0,0.0,0
35556,6,1.0,2.0,999,0.0,0,0,0.0,0
35557,5,2.0,3.0,1783,0.0,0,0,0.0,0
35560,4,1.0,2.0,999,0.0,0,0,0.0,0
35561,14,1.0,7.0,1714,0.0,0,0,0.0,0
35562,3,1.0,2.0,1713,0.0,0,0,1.0,0
35566,8,1.0,6.0,999,0.0,0,0,0.66667,0
35575,6,1.0,3.0,999,0.0,0,0,0.0,0
35581,5,1.0,3.0,999,0.0,0,0,0.0,0
35587,11,3.0,8.0,1676,0.0,0,0,0.0,0
35590,6,2.0,4.0,1722,0.0,0,0,0.0,0
35598,28,1.0,22.0,1724,0.0,0,0,0.0,0
35602,441,48.0,381.0,1936,0.0,0,0,0.0,0
35610,498,56.0,419.0,1788,0.0,0,0,1.0,0
35619,272,37.0,213.0,999,0.0,0,0,1.0,0
35620,27,3.0,19.0,1712,0.0,0,0,1.0,0
35622,424,23.0,390.0,999,0.0,0,0,0.0,0
35623,696,101.0,572.0,1421,0.0,0,0,0.0,0
35624,532,34.0,477.0,999,0.0,2,0,1.0,0
35640,4,1.0,1.0,999,0.0,0,0,0.0,0
35643,19,1.0,17.0,1726,0.0,0,0,0.0,0
35655,743,23.0,701.0,1562,0.0,0,0,0.0,0
35656,10,1.0,9.0,1726,0.0,0,0,0.0,0
35678,5,1.0,3.0,1408,0.0,0,0,0.0,0
35696,494,20.0,434.0,1584,0.0,0,0,0.0,0
35700,9,1.0,6.0,999,0.0,0,0,0.0,0
35704,4,1.0,3.0,1724,0.0,0,0,1.0,0
35717,24,5.0,15.0,1722,0.0,0,0,0.0,0
35727,16,5.0,11.0,1722,0.0,0,0,0.0,0
35730,4,1.0,3.0,1762,0.0,0,0,0.0,0
35731,1432,901.0,531.0,1784,0.0,0,0,0.0,0
35732,15,1.0,12.0,1732,0.0,0,0,0.0,0
35760,399,38.0,344.0,909,0.0,7,0,0.875,0
35773,344,28.0,285.0,872,0.0,2,0,0.33333,0
35784,419,66.0,335.0,1785,0.0,0,0,0.0,0
35918,2,1.0,1.0,999,0.0,0,0,0.0,0
35959,11,3.0,8.0,999,0.0,0,0,0.0,0
35966,12,3.0,7.0,999,0.0,0,0,0.0,0
36031,2,1.0,1.0,999,0.0,0,0,0.0,0
36050,2,1.0,1.0,999,0.0,0,0,0.0,0
36362,7,2.0,3.0,999,0.0,0,0,0.0,0
36438,7,2.0,5.0,999,0.0,0,0,0.0,0
36507,13,3.0,8.0,999,0.0,0,0,0.0,0
36813,7,1.0,5.0,999,0.0,0,0,0.0,0
36865,4,1.0,1.0,999,0.0,0,0,0.0,0
37205,5,1.0,2.0,999,0.0,0,0,0.0,0
37207,2,1.0,1.0,999,0.0,0,0,0.0,0
37261,6,2.0,3.0,999,0.0,0,0,0.0,0
37481,2,1.0,1.0,999,0.0,0,0,0.0,0
37675,3,1.0,2.0,999,0.0,0,0,0.0,0
37913,3,1.0,1.0,999,0.0,0,0,0.0,0
38161,30,3.0,22.0,999,0.0,0,0,0.0,0
38223,8,2.0,2.0,999,0.0,0,0,0.0,0
38286,4,1.0,1.0,999,0.0,0,0,0.0,0
38652,2,1.0,1.0,999,0.0,0,0,0.0,0
38883,214,18.0,178.0,1930,0.0,2,0,1.0,0
38907,498,36.0,426.0,1298,18.33333,2,0,0.85714,1
38927,296,21.0,251.0,999,0.0,2,0,1.0,0
38952,335,16.0,306.0,999,0.0,2,0,1.0,0
38956,187,13.0,146.0,1784,0.0,2,0,0.66667,0
38963,314,32.0,264.0,851,0.0,2,0,1.0,0
38965,439,24.0,382.0,854,0.0,2,0,1.0,0
38966,646,58.0,559.0,377,0.0,2,0,1.0,0
38967,341,31.0,278.0,891,0.0,2,0,1.0,0
38972,309,22.0,259.0,999,0.0,2,0,1.0,0
38978,425,25.0,378.0,999,0.0,2,0,0.66667,0
38980,352,31.0,286.0,999,0.0,2,0,0.57143,0
38991,187,25.0,157.0,885,0.0,2,0,1.0,0
39004,145,10.0,117.0,999,0.0,0,0,0.0,0
39013,488,65.0,383.0,1772,0.0,2,0,0.66667,0
39050,8,2.0,6.0,1711,0.0,0,0,0.0,0
39052,463,35.0,398.0,891,0.0,2,0,1.0,0
39054,971,69.0,842.0,1783,0.0,2,0,0.6,0
39100,2,1.0,1.0,999,0.0,0,0,0.0,0
39146,35,1.0,26.0,1298,19.0,0,0,0.0,1
39150,264,14.0,226.0,1298,10.0,2,0,0.66667,1
39162,112,3.0,98.0,1298,8.916665,0,0,1.0,2
39163,60,2.0,44.0,1298,13.90476,0,0,0.0,2
39166,607,46.0,529.0,178,8.56667,21,0,0.95455,1
39167,33,2.0,28.0,1298,20.0,0,0,0.0,1
39173,124,11.0,102.0,1296,8.208335,0,0,0.5,2
39174,33,2.0,26.0,1298,14.0,0,0,0.0,1
39195,88,14.0,62.0,1298,20.0,0,0,0.0,1
39197,49,3.0,39.0,1298,17.0,0,0,0.0,1
39200,49,2.0,38.0,1297,16.190473333,0,0,1.0,3
39201,649,30.0,588.0,803,19.0,2,0,1.0,1
39208,31,1.0,25.0,1298,19.0,0,0,0.0,1
39211,710,52.0,624.0,176,9.41667,21,0,0.82759,1
39217,9,1.0,7.0,1576,0.0,0,0,0.0,0
39228,8,1.0,5.0,999,0.0,0,0,0.0,0
39272,109,6.0,96.0,1298,10.75,0,0,0.0,2
39275,80,2.0,69.0,1298,9.0,0,0,0.0,2
39282,34,2.0,29.0,1298,19.0,0,0,1.0,1
39330,12,1.0,7.0,999,0.0,0,0,0.0,0
39339,340,42.0,284.0,1428,0.0,6,0,1.0,0
39343,794,76.0,635.0,1555,0.0,6,0,1.0,0
39393,510,55.0,388.0,1519,0.0,2,0,1.0,1
39400,785,98.0,642.0,1004,0.0,1,0,1.0,1
39404,4,1.0,3.0,999,0.0,0,0,0.66667,0
39409,203,25.0,144.0,999,0.0,1,0,0.66667,1
39440,2,1.0,1.0,999,0.0,0,0,0.0,0
39441,5,2.0,2.0,999,0.0,0,0,0.0,0
40635,3,1.0,1.0,999,0.0,0,0,0.0,0
40641,3,1.0,2.0,1895,0.0,0,0,0.0,0
42122,29,11.0,9.0,999,0.0,0,0,0.0,0
42733,3,1.0,2.0,999,0.0,0,0,0.0,0
42765,5,2.0,3.0,999,0.0,0,0,0.0,0
42788,26,2.0,24.0,999,0.0,0,0,0.0,0
42796,12,1.0,10.0,999,0.0,0,0,0.0,0
42806,6,2.0,4.0,1919,0.0,0,0,0.0,0
42877,26,4.0,18.0,999,0.0,0,0,0.0,0
42881,2,1.0,1.0,1831,0.0,0,0,0.5,0
42921,10,1.0,9.0,1731,0.0,0,1,0.0,0
42923,13,2.0,5.0,1690,0.0,0,0,0.0,0
42934,10,2.0,4.0,999,0.0,0,0,0.0,0
42937,2,1.0,1.0,1787,0.0,0,0,0.0,0
42944,5,0.0,4.0,999,0.0,0,0,0.0,0
43000,8,1.0,5.0,999,0.0,0,0,0.0,0
43010,288,28.0,229.0,999,0.0,0,0,0.0,0
43016,8,1.0,4.0,999,0.0,0,0,0.0,0
43027,13,4.0,9.0,999,0.0,0,0,1.0,0
43046,170,14.0,140.0,999,0.0,2,0,1.0,0
43067,10,1.0,7.0,999,0.0,0,0,0.0,0
43073,11,1.0,10.0,1440,0.0,0,0,0.0,0
43097,2,1.0,1.0,1935,0.0,0,0,0.0,0
43098,7,1.0,4.0,999,0.0,0,0,0.0,0
43107,4062,204.0,2874.0,0,0.0,0,1,0.8,0
43321,2,1.0,1.0,1887,0.0,0,0,1.0,0
43379,1776,86.0,665.0,17,0.0,0,0,0.0,0
43388,13490,377.0,11286.0,2,0.0,0,0,0.0,0
43429,10,0.0,5.0,1765,0.0,0,0,0.0,0
43876,26,3.0,18.0,1731,0.0,0,0,0.0,0
43877,1390,147.0,1235.0,44,0.0,0,0,0.0,0
44418,47,5.0,35.0,1726,0.0,0,0,0.0,0
45580,16,1.0,11.0,1716,0.0,0,0,0.0,0
45591,7,1.0,4.0,1706,0.0,0,0,0.0,0
45594,37,5.0,23.0,1719,0.0,0,0,0.0,0
45599,21,2.0,15.0,1675,0.0,0,0,0.0,0
45605,40,3.0,32.0,1698,0.0,0,0,0.0,0
45611,10,1.0,5.0,1724,0.0,0,0,0.0,0
45615,25,6.0,15.0,1457,0.0,0,0,0.0,0
45617,2,1.0,0.0,999,0.0,0,0,0.0,0
45621,77,3.0,61.0,1720,0.0,0,0,0.0,0
45622,7,1.0,2.0,1725,0.0,0,0,0.0,0
45623,44,5.0,35.0,1641,0.0,0,0,1.0,0
45624,42,5.0,31.0,1623,0.0,0,0,1.0,0
45627,43,6.0,30.0,1645,0.0,0,0,0.5,0
45628,37,3.0,26.0,1682,0.0,0,0,1.0,0
45629,53,4.0,44.0,1682,0.0,0,0,0.0,0
45631,29,1.0,24.0,1714,0.0,0,0,1.0,0
45632,110,13.0,88.0,1592,0.0,0,0,0.0,0
45634,4,2.0,1.0,999,0.0,0,0,0.0,0
45636,10,1.0,7.0,1714,0.0,0,0,0.0,0
45637,122,20.0,97.0,1618,0.0,0,0,0.0,0
45638,35,6.0,25.0,1630,0.0,0,0,1.0,0
45643,4,4.0,0.0,999,0.0,0,0,0.0,0
45644,78,7.0,63.0,1671,0.0,0,0,1.0,0
45645,40,1.0,37.0,1646,0.0,0,0,0.66667,0
45648,1,1.0,0.0,999,0.0,0,0,0.0,0
45649,1,1.0,0.0,999,0.0,0,0,0.0,0
45650,16,2.0,10.0,1712,0.0,0,0,0.0,0
45651,1,1.0,0.0,999,0.0,0,0,0.0,0
45653,5,1.0,2.0,1714,0.0,0,0,0.0,0
45654,42,5.0,28.0,1677,0.0,0,0,0.0,0
45655,118,14.0,99.0,1602,0.0,0,0,0.0,0
45656,25,3.0,16.0,1716,0.0,0,0,0.0,0
45658,60,11.0,45.0,1600,0.0,0,0,0.0,0
45659,76,5.0,62.0,1614,0.0,0,0,0.0,0
45660,109,14.0,91.0,1622,0.0,0,0,0.0,0
45661,1,1.0,0.0,999,0.0,0,0,0.0,0
45662,13,3.0,4.0,1658,0.0,0,0,0.0,0
45663,42,4.0,32.0,1639,0.0,0,0,1.0,0
45665,9,1.0,3.0,1655,0.0,0,0,0.0,0
45666,3,3.0,0.0,999,0.0,0,0,0.0,0
45667,2,1.0,0.0,999,0.0,0,0,0.0,0
45668,11,1.0,6.0,1642,0.0,0,0,1.0,0
45671,15,2.0,9.0,1710,0.0,0,0,0.0,0
45672,18,1.0,14.0,1716,0.0,0,0,0.0,0
45676,119,12.0,98.0,1393,0.0,0,0,0.0,0
45677,108,16.0,88.0,1614,0.0,0,0,0.0,0
45683,46,9.0,33.0,1631,0.0,0,0,0.0,0
45684,128,17.0,105.0,939,0.0,0,0,0.0,0
45686,175,11.0,148.0,1298,11.25,0,0,1.0,3
45687,26,1.0,22.0,1714,0.0,0,0,0.0,0
45688,45,7.0,30.0,1618,0.0,0,0,0.0,0
45689,43,3.0,36.0,1646,0.0,0,0,0.0,0
45690,181,42.0,130.0,30,0.0,0,0,1.0,0
45691,20,3.0,11.0,1675,0.0,0,0,0.0,0
45693,21,5.0,11.0,1675,0.0,0,0,0.0,0
45695,229,32.0,189.0,1596,0.0,0,0,0.25,0
45699,73,13.0,56.0,1612,0.0,0,0,0.0,0
45700,32,1.0,29.0,1714,0.0,0,0,0.0,0
45702,49,3.0,38.0,1707,0.0,0,0,1.0,0
45703,13,2.0,7.0,1694,0.0,0,0,0.0,0
45707,5,1.0,1.0,999,0.0,0,0,0.0,0
45710,7,1.0,4.0,1714,0.0,0,0,0.0,0
45712,190,22.0,164.0,1627,0.0,0,0,0.0,0
45714,13,1.0,10.0,1681,0.0,0,0,0.0,0
45716,10,2.0,5.0,1673,0.0,0,0,0.0,0
45718,4,1.0,1.0,999,0.0,0,0,0.0,0
45720,6,1.0,2.0,1716,0.0,0,0,0.0,0
45721,1,1.0,0.0,999,0.0,0,0,0.0,0
45723,31,5.0,22.0,1614,0.0,0,0,0.0,0
45724,12,2.0,6.0,1676,0.0,0,0,1.0,0
45725,37,2.0,31.0,1677,0.0,0,0,0.0,0
45730,7,3.0,2.0,999,0.0,0,0,0.0,0
45733,4,1.0,1.0,1675,0.0,0,0,0.0,0
45734,8,1.0,3.0,1716,0.0,0,0,0.0,0
45737,26,4.0,13.0,1677,0.0,0,0,0.0,0
45740,6,2.0,2.0,999,0.0,0,0,0.0,0
45742,20,3.0,13.0,1670,0.0,0,0,0.0,0
45745,64,6.0,52.0,1631,0.0,0,0,0.0,0
45746,6,5.0,0.0,999,0.0,0,0,0.0,0
45747,182,27.0,127.0,1574,0.0,0,0,0.0,0
45750,49,6.0,38.0,1619,0.0,0,0,0.0,0
45752,10,1.0,4.0,1716,0.0,0,0,0.0,0
45753,164,17.0,142.0,1607,0.0,0,0,0.0,0
45756,214,26.0,184.0,1220,0.0,0,0,0.5,0
45760,129,1.0,122.0,1614,0.0,0,0,0.0,0
45762,62,10.0,36.0,1623,0.0,0,0,0.0,0
45763,453,45.0,384.0,891,0.0,2,0,1.0,0
45767,192,20.0,161.0,832,0.0,0,0,0.0,0
45768,72,6.0,59.0,1629,0.0,0,0,0.0,0
45769,18,3.0,9.0,1651,0.0,0,0,0.0,0
45770,152,25.0,123.0,1513,0.0,0,0,0.0,0
45771,139,16.0,117.0,1230,0.0,0,0,0.0,0
45772,15,1.0,9.0,1716,0.0,0,0,0.0,0
45773,4,2.0,0.0,999,0.0,0,0,0.0,0
45774,10,1.0,5.0,1661,0.0,0,0,0.0,0
45775,2,2.0,0.0,999,0.0,0,0,0.0,0
45776,101,13.0,84.0,1614,0.0,0,0,1.0,0
45777,200,9.0,179.0,1298,10.5,0,0,1.0,2
45778,15,1.0,9.0,1675,0.0,0,0,0.0,0
45779,212,35.0,167.0,1608,0.0,0,0,0.0,0
45781,17,2.0,11.0,1716,0.0,0,0,0.0,0
45782,84,12.0,60.0,1616,0.0,0,0,0.0,0
45783,11,1.0,5.0,1714,0.0,0,0,0.33333,0
45784,12,1.0,8.0,1714,0.0,0,0,0.0,0
45785,397,60.0,331.0,1614,0.0,0,0,0.9375,0
45787,14,2.0,7.0,1675,0.0,0,0,0.0,0
45788,1,1.0,0.0,999,0.0,0,0,0.0,0
45789,170,3.0,161.0,1622,0.0,0,0,1.0,0
45790,12,1.0,7.0,1661,0.0,0,0,0.0,0
45791,31,9.0,17.0,1616,0.0,0,0,0.0,0
45793,9,1.0,4.0,1714,0.0,0,0,0.0,0
45796,57,5.0,47.0,1682,0.0,0,0,0.66667,0
45798,25,1.0,20.0,1683,0.0,0,0,1.0,0
45800,7,1.0,2.0,1716,0.0,0,0,0.0,0
45801,90,11.0,75.0,1628,0.0,0,0,0.0,0
45805,459,8.0,443.0,1592,0.0,0,0,0.0,0
45806,180,17.0,159.0,1599,0.0,0,0,0.0,0
45807,77,12.0,60.0,1626,0.0,0,0,0.0,0
45808,47,5.0,33.0,1633,0.0,0,0,0.0,0
45809,32,4.0,18.0,1675,0.0,0,0,0.0,0
45810,98,12.0,82.0,1613,0.0,0,0,1.0,0
45811,39,5.0,27.0,1626,0.0,0,0,0.0,0
45813,125,4.0,116.0,1614,0.0,0,0,0.0,0
45814,62,6.0,52.0,1616,0.0,0,0,0.0,0
45816,99,11.0,75.0,1627,0.0,0,0,0.0,0
45818,717,76.0,629.0,264,0.0,0,0,0.0,0
45819,154,25.0,122.0,1509,0.0,0,0,0.0,0
45821,2,1.0,0.0,999,0.0,0,0,0.0,0
45823,27,4.0,19.0,1626,0.0,0,0,1.0,0
45826,49,12.0,32.0,1622,0.0,0,0,0.0,0
45827,14,2.0,8.0,1681,0.0,0,0,0.0,0
45828,20,1.0,14.0,1671,0.0,0,0,0.0,0
45829,2,1.0,1.0,999,0.0,0,0,0.0,0
45831,31,5.0,20.0,1634,0.0,0,0,0.0,0
45832,68,10.0,48.0,1633,0.0,0,0,1.0,0
45833,73,5.0,60.0,1644,0.0,0,0,0.5,0
45836,272,30.0,235.0,1162,0.0,0,0,0.0,0
45838,32,2.0,26.0,1677,0.0,0,0,0.0,0
45839,58,4.0,47.0,1630,0.0,0,0,0.0,0
45840,20,2.0,13.0,1673,0.0,0,0,0.0,0
45841,373,2.0,364.0,1600,0.0,0,0,0.0,0
45842,26,5.0,17.0,1630,0.0,0,0,0.0,0
45843,139,22.0,112.0,1614,0.0,0,0,0.0,0
45844,9,1.0,4.0,1714,0.0,0,0,0.0,0
45845,38,5.0,29.0,1675,0.0,0,0,0.0,0
45848,24,3.0,17.0,1679,0.0,0,0,0.0,0
45849,13,2.0,8.0,1679,0.0,0,0,0.0,0
45850,60,10.0,44.0,1677,0.0,0,0,0.33333,0
45851,10,2.0,4.0,1714,0.0,0,0,0.0,0
45852,21,1.0,17.0,1714,0.0,0,0,1.0,0
45854,16,4.0,8.0,1681,0.0,0,0,0.0,0
45855,3,3.0,0.0,999,0.0,0,0,0.0,0
45857,199,31.0,163.0,1574,0.0,0,0,0.0,0
45858,30,3.0,23.0,1680,0.0,0,0,0.66667,0
45859,80,18.0,58.0,1614,0.0,0,0,0.0,0
45863,32,3.0,23.0,1714,0.0,0,0,0.0,0
45868,178,20.0,150.0,1610,0.0,0,0,0.0,0
45870,153,23.0,123.0,1583,0.0,0,0,0.0,0
45871,10,1.0,5.0,1714,0.0,0,0,0.0,0
45872,7,1.0,3.0,1714,0.0,0,0,0.0,0
45875,144,24.0,115.0,1600,0.0,0,0,0.0,0
45877,164,21.0,137.0,1616,0.0,0,0,0.0,0
45878,105,11.0,88.0,1639,0.0,0,0,1.0,0
45879,7,1.0,2.0,1716,0.0,0,0,0.0,0
45881,4,1.0,1.0,999,0.0,0,0,0.0,0
45882,29,2.0,23.0,1715,0.0,0,0,0.0,0
45883,40,7.0,29.0,1613,0.0,0,0,0.0,0
45885,22,2.0,15.0,1669,0.0,0,0,1.0,0
45889,5,1.0,2.0,999,0.0,0,0,0.0,0
45892,154,1.0,148.0,1598,0.0,0,0,1.0,0
45893,8,2.0,2.0,1714,0.0,0,0,0.0,0
45894,27,5.0,17.0,1692,0.0,0,0,0.0,0
45895,73,3.0,61.0,1298,11.66667,0,0,0.0,1
45898,11,1.0,6.0,1714,0.0,0,0,1.0,0
45899,58,5.0,47.0,1445,0.0,0,0,0.33333,0
45900,101,14.0,79.0,1610,0.0,0,0,1.0,0
45901,8,1.0,4.0,1694,0.0,0,0,0.0,0
45902,13,3.0,6.0,1662,0.0,0,0,0.0,0
45903,6,3.0,1.0,1652,0.0,0,0,0.0,0
45904,59,6.0,49.0,1614,0.0,0,0,0.0,0
45905,9,1.0,4.0,1714,0.0,0,0,0.0,0
45908,4,1.0,1.0,999,0.0,0,0,0.0,0
45909,88,8.0,76.0,1630,0.0,0,0,0.0,0
45910,59,11.0,43.0,1592,0.0,0,0,0.0,0
45913,193,22.0,158.0,1646,0.0,0,0,0.0,0
45915,159,22.0,133.0,1602,0.0,0,0,0.0,0
45916,290,1.0,284.0,1618,0.0,0,0,0.0,0
45917,5,1.0,2.0,999,0.0,0,0,0.0,0
45918,7,2.0,2.0,999,0.0,0,0,0.0,0
45921,144,18.0,122.0,1591,0.0,0,0,0.0,0
45922,77,5.0,64.0,1675,0.0,0,0,0.0,0
45924,24,1.0,19.0,1716,0.0,0,0,1.0,0
45925,8,1.0,3.0,1676,0.0,0,0,0.0,0
45926,18,4.0,10.0,1716,0.0,0,0,0.0,0
45927,71,5.0,61.0,1653,0.0,0,0,1.0,0
45928,327,34.0,286.0,1607,0.0,0,0,0.0,0
45929,126,23.0,99.0,1616,0.0,0,0,0.0,0
45930,26,1.0,23.0,1629,0.0,0,0,1.0,0
45934,87,9.0,73.0,1597,0.0,0,0,0.0,0
45936,7,1.0,2.0,1716,0.0,0,0,0.0,0
45938,38,2.0,32.0,1714,0.0,0,0,1.0,0
45939,50,6.0,37.0,1611,0.0,0,0,0.0,0
45942,14,1.0,11.0,1714,0.0,0,0,0.0,0
45944,136,16.0,116.0,1611,0.0,0,0,0.0,0
45945,23,3.0,16.0,1676,0.0,0,0,0.0,0
45948,90,11.0,71.0,1605,0.0,0,0,0.0,0
45949,61,9.0,47.0,1612,0.0,0,0,0.0,0
45950,531,67.0,419.0,790,23.83333,0,0,1.0,5
45963,19,1.0,13.0,892,0.0,0,0,0.0,0
45964,202,21.0,170.0,181,2.61667,6,0,0.96296,1
45975,2901,1905.0,972.0,999,0.0,2,0,1.0,0
45984,305,24.0,239.0,888,0.0,2,0,0.66667,0
45988,252,17.0,217.0,790,26.272725,0,0,1.0,5
45995,470,51.0,401.0,489,27.5,0,0,0.83333,5
45998,21,1.0,18.0,1656,0.0,0,0,0.0,0
46002,437,46.0,359.0,889,0.0,2,0,0.66667,0
46003,445,29.0,384.0,889,0.0,2,0,0.66667,0
46011,368,37.0,305.0,854,0.0,2,0,0.66667,0
46012,297,27.0,239.0,999,0.0,2,0,1.0,0
46013,298,20.0,251.0,999,0.0,2,0,1.0,0
46014,204,21.0,161.0,887,0.0,2,0,1.0,0
46020,436,31.0,380.0,999,0.0,2,0,1.0,0
46027,231,11.0,194.0,872,0.0,2,0,1.0,0
46032,258,21.0,219.0,792,27.045455,0,0,1.0,5
46033,542,81.0,405.0,873,0.0,2,0,1.0,0
46036,332,17.0,295.0,504,19.333333333,2,0,1.0,2
46040,368,22.0,320.0,879,0.0,2,0,1.0,0
46043,11,3.0,3.0,999,0.0,0,0,0.0,0
46046,438,29.0,384.0,1594,24.666666666,2,0,1.0,2
46053,490,31.0,435.0,868,0.0,2,0,1.0,0
46069,388,23.0,336.0,999,0.0,2,0,1.0,0
46071,303,26.0,232.0,868,0.0,2,0,1.0,0
46074,612,45.0,508.0,860,0.0,2,0,1.0,0
46076,324,20.0,282.0,495,6.0,2,0,1.0,2
46084,236,16.0,195.0,999,0.0,2,0,0.66667,0
46087,383,33.0,326.0,872,0.0,2,0,1.0,0
46090,539,38.0,476.0,879,0.0,2,0,1.0,0
46092,2474,1376.0,1070.0,890,0.0,2,0,1.0,0
46093,410,45.0,342.0,999,0.0,2,0,0.5,0
46094,550,66.0,460.0,849,0.0,2,0,1.0,0
46097,321,27.0,263.0,999,0.0,2,0,1.0,0
46105,1,1.0,0.0,999,0.0,0,0,0.0,0
46110,548,25.0,495.0,886,0.0,2,0,1.0,0
46113,277,23.0,228.0,999,0.0,2,0,1.0,0
46117,28,4.0,18.0,1676,0.0,0,0,0.0,0
46126,406,33.0,336.0,999,0.0,2,0,1.0,0
46127,111,8.0,100.0,39,0.0,3,0,1.0,0
46129,314,24.0,261.0,999,0.0,2,0,1.0,0
46133,297,32.0,243.0,999,23.333333333,2,0,1.0,2
46135,223,36.0,168.0,792,23.0,0,0,1.0,5
46145,353,32.0,296.0,889,0.0,2,0,1.0,0
46148,215,12.0,187.0,123,27.7,2,0,0.85714,4
46149,306,34.0,248.0,790,27.59091,0,0,0.33333,5
46163,292,26.0,242.0,999,0.0,2,0,0.66667,0
46168,352,27.0,301.0,999,0.0,2,0,1.0,0
46170,320,17.0,274.0,999,0.0,2,0,1.0,0
46176,498,35.0,426.0,999,0.0,2,0,1.0,0
46181,401,61.0,320.0,772,19.272725,0,0,1.0,6
46188,584,57.0,487.0,999,0.0,2,0,1.0,0
46189,30,2.0,24.0,999,0.0,0,0,0.0,0
46191,184,20.0,141.0,999,0.0,2,0,1.0,0
46196,557,68.0,421.0,782,17.878785,0,0,0.84615,5
46197,431,40.0,365.0,999,0.0,2,0,0.875,0
46201,624,65.0,514.0,999,4.0,2,0,1.0,2
46202,214,11.0,177.0,999,0.0,2,0,1.0,0
46208,38,2.0,32.0,1579,0.0,0,0,0.0,0
46211,7,1.0,2.0,869,0.0,0,0,0.0,0
46217,16,1.0,11.0,1717,0.0,0,0,0.0,0
46232,32,6.0,22.0,1288,0.0,0,0,0.0,0
46376,11,1.0,6.0,1406,0.0,0,0,0.0,0
46430,221,19.0,188.0,1268,0.0,6,0,1.0,0
46431,953,16.0,863.0,1633,0.0,0,0,0.0,0
46432,230,25.0,194.0,1608,0.0,5,0,1.0,0
46433,287,25.0,247.0,1606,0.0,6,0,1.0,0
46434,321,35.0,241.0,1606,0.0,6,0,1.0,0
46435,170,26.0,136.0,1605,0.0,4,0,0.75,0
46436,157,22.0,126.0,1606,0.0,5,0,0.92308,0
46437,182,16.0,156.0,1597,0.0,6,0,1.0,0
46438,227,21.0,174.0,1608,0.0,6,0,1.0,0
46439,159,16.0,131.0,1606,0.0,4,0,1.0,0
46440,116,9.0,57.0,1308,0.0,0,0,0.0,0
46442,1059,113.0,902.0,1482,21.7242825,1,0,0.5,10
46443,949,90.0,811.0,1479,24.808691428,1,0,1.0,12
46444,773,76.0,648.0,1483,17.625054285,1,0,1.0,11
46445,4773,2185.0,2532.0,998,23.79091,1,0,1.0,11
46446,677,73.0,558.0,1514,16.277237142,0,0,1.0,9
46447,1517,155.0,1302.0,1274,20.3972325,1,0,1.0,11
46448,1194,105.0,1043.0,497,16.570255,1,0,0.5,10
46449,1467,137.0,1287.0,1487,11.368365714,1,0,1.0,10
46450,1416,70.0,1290.0,1271,7.245014285,1,0,1.0,11
46451,8427,5200.0,3164.0,1508,18.5721275,1,0,1.0,10
46452,11716,900.0,8684.0,1,0.0,0,10,0.5,2
46453,158,21.0,133.0,1403,0.0,0,0,0.58824,0
46459,9,2.0,3.0,999,0.0,0,0,0.0,0
46460,5,1.0,1.0,999,0.0,0,0,0.0,0
46462,78,17.0,57.0,1591,0.0,0,0,0.0,0
46463,110,22.0,62.0,1572,0.0,0,0,0.0,0
46464,33,5.0,23.0,1615,0.0,0,0,0.0,0
46469,463,22.0,427.0,916,0.0,8,0,1.0,0
46471,388,34.0,320.0,917,0.0,3,0,1.0,0
46474,273,21.0,243.0,917,0.0,4,0,1.0,0
46478,460,49.0,399.0,913,0.0,4,0,1.0,0
46481,494,29.0,445.0,898,0.0,8,0,1.0,0
46486,311,24.0,260.0,999,0.0,2,0,1.0,1
46487,535,38.0,386.0,1480,0.0,1,0,1.0,1
46488,417,34.0,312.0,1510,0.0,1,0,1.0,1
46489,467,38.0,391.0,1534,0.0,1,0,1.0,1
46490,357,33.0,291.0,1517,0.0,0,0,1.0,1
46491,373,38.0,302.0,1533,0.0,0,0,1.0,1
46492,245,19.0,199.0,1525,0.0,0,0,1.0,1
46493,227,23.0,188.0,1582,0.0,2,0,1.0,1
46494,4042,2249.0,1753.0,999,0.0,0,0,1.0,1
46495,381,46.0,303.0,284,0.0,1,0,1.0,1
46511,100,17.0,79.0,1597,0.0,0,0,0.0,0
46512,2638,1714.0,915.0,1015,0.0,0,0,0.0,0
46514,40,4.0,32.0,1633,0.0,0,0,0.0,0
46515,44,5.0,33.0,1628,0.0,0,0,0.0,0
46516,7,1.0,4.0,999,0.0,0,0,0.0,0
46517,12,1.0,9.0,999,0.0,0,0,0.0,0
46518,415,42.0,342.0,999,0.0,0,0,0.0,0
46519,372,45.0,295.0,999,0.0,0,0,1.0,0
46520,307,36.0,249.0,999,0.0,0,0,0.0,0
46521,464,42.0,384.0,999,0.0,0,0,1.0,0
46522,516,56.0,390.0,999,0.0,0,0,1.0,0
46523,348,39.0,287.0,999,0.0,0,0,0.0,0
46524,1714,78.0,1456.0,999,0.0,0,0,1.0,2
46525,762,30.0,723.0,1153,0.0,0,0,0.0,0
46526,452,42.0,388.0,1457,5.0,5,0,1.0,3
46527,448,23.0,404.0,1457,7.0,6,0,1.0,1
46528,408,37.0,335.0,1457,6.0,8,0,1.0,1
46529,551,62.0,472.0,1393,6.0,8,0,1.0,2
46530,274,24.0,225.0,1457,7.0,9,0,1.0,2
46531,423,28.0,377.0,1394,3.0,7,0,1.0,2
46532,554,50.0,480.0,1395,6.0,9,0,0.9,3
46533,426,33.0,374.0,1457,4.0,9,0,1.0,1
46534,196,23.0,159.0,1457,4.0,7,0,1.0,1
46535,364,34.0,302.0,1457,2.0,8,0,1.0,4
46537,42,1.0,34.0,1298,10.33333,0,0,0.0,1
46538,89,3.0,77.0,1298,12.22222,0,0,0.0,2
46539,70,3.0,59.0,1298,11.875,0,0,0.0,2
46540,97,4.0,82.0,1298,12.666665,0,0,0.0,3
46541,1798,1023.0,764.0,914,10.541665,0,0,0.0,2
46542,67,4.0,50.0,1298,9.041665,0,0,0.0,2
46543,73,1.0,65.0,1298,20.0,0,0,0.0,1
46544,97,3.0,74.0,1298,9.028572,0,0,0.66667,5
46547,84,3.0,70.0,1298,9.875,0,0,0.0,2
46548,2,1.0,0.0,999,0.0,0,0,0.0,0
46549,63,3.0,50.0,1298,14.041665,0,0,0.0,2
46550,119,5.0,98.0,1294,10.375,0,0,0.33333,2
46551,64,3.0,52.0,1298,19.33333,0,0,0.0,1
46553,656,38.0,585.0,174,11.85,6,0,1.0,4
46554,49,3.0,34.0,1298,9.875,0,0,0.0,2
46555,49,4.0,36.0,1298,10.708335,0,0,0.0,2
46556,31,2.0,24.0,1298,13.33333,0,0,0.0,1
46557,65,4.0,45.0,1296,13.833335,0,0,0.0,3
46558,15,1.0,7.0,1303,3.75,0,0,1.0,1
46559,66,3.0,53.0,1298,9.875,0,0,0.0,2
46560,102,10.0,75.0,1295,12.666665,0,0,1.0,4
46561,504,52.0,411.0,169,12.555556666,6,0,0.57143,5
46564,684,479.0,195.0,1298,10.75,0,0,0.0,2
46565,208,16.0,165.0,38,14.166665,3,0,0.5,5
46566,61,1.0,53.0,1298,15.66667,0,0,0.5,1
46567,364,23.0,319.0,35,11.833335,3,0,1.0,3
46568,63,4.0,49.0,1298,5.875,0,0,1.0,2
46569,101,3.0,84.0,1298,10.166665,0,0,0.0,3
46570,164,22.0,126.0,67,7.166665,0,0,0.66667,2
46571,37,1.0,32.0,1298,19.33333,0,0,0.0,1
46572,6,1.0,2.0,1298,0.0,0,0,0.0,0
46575,37,1.0,32.0,1298,19.33333,0,0,0.0,1
46576,72,1.0,64.0,1298,19.33333,0,0,1.0,1
46577,55,2.0,37.0,1298,14.333335,0,0,0.0,4
46578,1921,1173.0,738.0,1298,10.5,0,0,0.0,2
46579,74,3.0,65.0,1298,17.66667,0,0,0.0,1
46580,157,4.0,134.0,1298,14.833335,0,0,0.0,4
46581,76,2.0,61.0,1298,12.375,0,0,1.0,3
46582,92,5.0,74.0,1296,12.5,0,0,0.5,3
46583,72,2.0,57.0,1298,10.041665,0,0,0.0,3
46584,94,3.0,78.0,1298,14.5,0,0,0.0,3
46585,57,4.0,43.0,1298,10.33333,0,0,1.0,1
46586,44,4.0,35.0,1298,19.66667,0,0,0.0,1
46587,100,6.0,84.0,1298,8.541665,0,0,0.0,2
46588,250,25.0,195.0,518,12.333334285,2,0,1.0,4
46589,80,6.0,64.0,1296,9.708335,0,0,0.0,2
46590,34,2.0,24.0,1298,17.33333,0,0,1.0,1
46591,437,38.0,341.0,172,12.666666666,5,0,0.85714,5
46592,33,1.0,27.0,1298,14.33333,0,0,1.0,1
46593,409,44.0,341.0,172,10.805556666,5,0,1.0,3
46594,3,1.0,1.0,999,0.0,0,0,0.0,0
46595,115,3.0,97.0,1298,10.791665,0,0,0.0,3
46596,54,3.0,40.0,1298,9.416665,0,0,1.0,2
46597,121,5.0,105.0,1298,11.208335,0,0,1.0,2
46598,70,3.0,56.0,1298,8.375,0,0,1.0,2
46599,30,1.0,24.0,1298,10.0,0,0,0.0,1
46600,54,5.0,38.0,1298,9.375,0,0,0.0,2
46601,43,4.0,33.0,1298,0.0,0,0,1.0,0
46602,113,11.0,92.0,1296,11.208335,0,0,0.0,2
46603,108,5.0,90.0,1296,11.541665,0,0,1.0,3
46604,62,1.0,54.0,1298,15.33333,0,0,0.0,1
46605,59,1.0,52.0,1298,16.33333,0,0,0.0,1
46606,592,336.0,245.0,1298,11.875,0,0,1.0,2
46607,76,2.0,67.0,1298,15.0,0,0,0.0,1
46608,74,1.0,65.0,1298,19.33333,0,0,0.0,1
46609,56,4.0,37.0,1298,7.875,0,0,0.0,2
46610,197,13.0,162.0,35,14.833335,3,0,1.0,3
46611,76,3.0,58.0,1298,9.0,0,0,1.0,2
46612,91,3.0,80.0,1298,12.5,0,0,0.0,2
46613,78,2.0,56.0,1298,12.166665,0,0,1.0,4
46614,4481,2394.0,2073.0,83,15.0,0,0,0.0,3
46615,33,3.0,21.0,1298,5.375,0,0,0.0,2
46616,93,5.0,74.0,1262,14.166665,0,0,1.0,3
46618,159,10.0,131.0,1296,15.333332,0,0,0.0,4
46619,91,2.0,77.0,1298,11.375,0,0,0.0,2
46620,76,2.0,64.0,1298,11.875,0,0,1.0,2
46621,63,2.0,50.0,1298,11.041665,0,0,0.0,2
46623,87,2.0,75.0,1298,11.375,0,0,1.0,2
46624,63,3.0,48.0,1298,10.375,0,0,0.0,2
46625,49,3.0,32.0,1298,13.0,0,0,0.0,1
46626,79,3.0,56.0,1296,12.0,0,0,0.5,5
46627,37,2.0,28.0,1298,17.33333,0,0,0.0,1
46628,115,4.0,94.0,1296,13.07936,0,0,1.0,2
46630,60,3.0,46.0,1298,11.541665,0,0,0.0,2
46631,136,2.0,124.0,1298,8.541665,0,0,0.0,2
46632,47,3.0,36.0,1298,20.0,0,0,1.0,1
46634,96,6.0,79.0,1296,11.875,0,0,0.66667,2
46635,81,5.0,67.0,1293,12.625,0,0,0.0,2
46636,108,3.0,83.0,1298,12.958335,0,0,0.0,7
46637,54,3.0,40.0,1298,8.708335,0,0,1.0,2
46638,59,4.0,44.0,1298,11.541665,0,0,0.0,2
46639,171,3.0,157.0,1291,14.5,0,0,1.0,2
46640,116,4.0,100.0,1281,10.541665,0,0,0.0,2
46641,77,5.0,61.0,1298,9.791665,0,0,1.0,2
46642,68,6.0,52.0,1296,11.083335,0,0,0.66667,2
46643,116,5.0,98.0,1298,11.541665,0,0,0.5,3
46644,58,2.0,43.0,1298,10.041665,0,0,1.0,2
46645,80,2.0,68.0,1298,11.791665,0,0,1.0,2
46646,45,3.0,32.0,1298,8.208335,0,0,0.66667,2
46647,92,7.0,75.0,1298,6.875,0,0,0.0,2
46649,74,1.0,68.0,1298,17.33333,0,0,0.0,1
46650,41,3.0,28.0,1298,10.541665,0,0,0.0,2
46651,56,2.0,42.0,1298,8.416665,0,0,0.0,2
46652,80,6.0,61.0,1298,8.875,0,0,0.0,2
46653,67,1.0,62.0,1298,19.0,0,0,0.0,1
46654,87,6.0,70.0,1298,7.375,0,0,1.0,2
46655,86,5.0,63.0,1298,14.166665,0,0,1.0,3
46656,74,4.0,57.0,1296,13.666665,0,0,1.0,3
46657,105,3.0,91.0,1298,8.875,0,0,0.5,2
46658,72,5.0,55.0,1298,9.041665,0,0,0.0,2
46659,62,1.0,54.0,1298,16.66667,0,0,1.0,1
46660,50,1.0,42.0,1298,13.33333,0,0,0.0,1
46661,56,1.0,47.0,1298,15.33333,0,0,1.0,1
46662,43,2.0,34.0,1298,5.0,0,0,1.0,1
46663,28,1.0,24.0,1298,11.33333,0,0,0.0,1
46664,30,2.0,23.0,1298,15.33333,0,0,0.0,1
46665,90,3.0,77.0,1298,11.375,0,0,0.0,2
46666,84,2.0,70.0,1298,9.375,0,0,0.5,2
46667,64,2.0,47.0,1298,11.833335,0,0,0.0,3
46668,35,1.0,27.0,1298,16.66667,0,0,0.0,1
46669,95,4.0,83.0,1298,8.041665,0,0,0.0,2
46670,74,3.0,59.0,1298,11.875,0,0,1.0,2
46671,30,1.0,24.0,1298,14.33333,0,0,0.0,1
46672,487,79.0,383.0,87,11.875,0,0,1.0,2
46673,114,3.0,93.0,1296,9.166665,0,0,0.0,3
46674,56,2.0,47.0,1298,20.0,0,0,0.0,1
46675,647,47.0,574.0,174,6.4,7,0,1.0,3
46676,92,3.0,79.0,1298,11.541665,0,0,1.0,2
46677,83,4.0,71.0,1298,18.33333,0,0,1.0,1
46678,62,5.0,47.0,1278,10.583335,0,0,0.0,2
46679,47,2.0,35.0,1298,10.12698,0,0,0.0,2
46680,46,1.0,41.0,1298,18.33333,0,0,0.0,1
46681,247,30.0,203.0,39,9.541665,3,0,1.0,2
46683,100,2.0,85.0,1298,11.208335,0,0,0.0,3
46684,8488,5081.0,3392.0,1298,11.375,0,0,0.0,3
46685,116,5.0,101.0,1298,11.875,0,0,1.0,2
46686,104,5.0,88.0,1298,9.916665,0,0,0.0,2
46687,110,7.0,89.0,1298,11.875,0,0,0.0,2
46688,70,5.0,50.0,1298,12.666665,0,0,1.0,3
46689,44,2.0,31.0,1298,10.416665,0,0,0.0,2
46690,45,1.0,39.0,1298,17.0,0,0,0.0,1
46692,64,5.0,45.0,1298,11.375,0,0,1.0,3
46693,111,3.0,96.0,1297,11.375,0,0,0.0,3
46694,175,7.0,149.0,1298,14.166665,0,0,1.0,4
46695,104,7.0,78.0,1298,13.666665,0,0,1.0,5
46696,58,2.0,46.0,1298,9.75,0,0,1.0,2
46697,37,1.0,29.0,1298,17.0,0,0,0.0,1
46698,79,3.0,63.0,1298,14.166665,0,0,1.0,3
46699,305,22.0,252.0,523,16.5,2,0,1.0,5
46700,73,6.0,57.0,1298,11.333335,0,0,0.0,2
46701,58,3.0,43.0,1298,8.041665,0,0,1.0,2
46702,3170,1886.0,1266.0,169,14.5,5,0,1.0,2
46703,192,10.0,166.0,1298,14.166665,0,0,0.0,4
46704,114,5.0,98.0,1298,9.708335,0,0,0.5,2
46705,108,9.0,84.0,1298,11.958335,0,0,1.0,3
46706,88,6.0,72.0,1298,10.041665,0,0,0.0,2
46707,90,1.0,73.0,1298,16.0,0,0,1.0,3
46708,49,2.0,37.0,1298,8.541665,0,0,0.0,2
46709,89,3.0,73.0,1298,10.166665,0,0,1.0,2
46710,105,8.0,82.0,1298,10.375,0,0,0.5,3
46711,36,2.0,27.0,1298,20.0,0,0,1.0,1
46712,48,3.0,34.0,1298,13.125,0,0,1.0,2
46713,117,4.0,98.0,1298,11.375,0,0,0.0,3
46714,74,5.0,58.0,1297,11.875,0,0,0.5,2
46715,118,6.0,100.0,1298,11.25,0,0,1.0,3
46716,34,3.0,24.0,1298,18.66667,0,0,0.0,1
46717,86,4.0,64.0,1298,12.25,0,0,1.0,3
46718,84,3.0,73.0,1298,19.33333,0,0,0.0,1
46719,96,3.0,83.0,1298,9.708335,0,0,1.0,2
46720,110,7.0,91.0,1298,10.875,0,0,0.0,4
46721,103,8.0,80.0,1297,8.625,0,0,1.0,3
46722,11,2.0,8.0,1297,0.0,0,0,0.0,0
46724,58,4.0,37.0,1296,13.708335,0,0,0.0,3
46725,72,3.0,56.0,1298,13.5,0,0,1.0,3
46726,55,3.0,42.0,1298,11.541665,0,0,0.0,2
46727,74,4.0,58.0,1298,11.041665,0,0,0.0,2
46728,101,4.0,81.0,1298,12.041665,0,0,1.0,4
46729,100,6.0,87.0,777,16.66667,0,0,0.5,1
46730,62,2.0,46.0,1298,11.666665,0,0,1.0,3
46731,154,2.0,142.0,1298,9.166665,0,0,0.0,2
46732,78,8.0,57.0,1298,10.875,0,0,1.0,2
46733,84,3.0,67.0,1298,13.833335,0,0,0.0,3
46735,106,9.0,83.0,1297,12.333335,0,0,0.5,3
46736,159,8.0,133.0,1298,11.633332,0,0,1.0,4
46737,124,3.0,103.0,1298,15.0,0,0,0.0,3
46738,91,11.0,63.0,1298,10.541665,0,0,1.0,2
46739,43,2.0,31.0,1298,11.208335,0,0,0.0,2
46740,60,8.0,43.0,1297,11.875,0,0,0.0,2
46741,46,5.0,31.0,1298,8.708335,0,0,0.0,2
46742,90,4.0,68.0,1298,14.666665,0,0,1.0,4
46743,60,4.0,44.0,1298,10.541665,0,0,0.0,2
46744,90,8.0,61.0,1296,14.5,0,0,1.0,3
46745,4,2.0,0.0,999,0.0,0,0,0.0,0
46746,238,15.0,203.0,1297,14.666665,0,0,0.5,4
46747,112,5.0,94.0,1298,9.791665,0,0,1.0,2
46748,137,9.0,101.0,1295,14.5,0,0,0.0,6
46749,113,3.0,100.0,1298,10.041665,0,0,0.0,2
46750,99,2.0,86.0,1298,9.541665,0,0,1.0,2
46751,67,6.0,48.0,1298,12.708335,0,0,0.0,3
46752,93,3.0,75.0,1295,13.125,0,0,0.0,4
46753,92,4.0,71.0,1291,13.5,0,0,1.0,3
46754,58,5.0,41.0,1297,9.015873333,0,0,1.0,2
46756,60,5.0,45.0,1278,7.875,0,0,0.0,2
46757,44,3.0,32.0,1298,9.041665,0,0,1.0,2
46758,346,22.0,288.0,521,18.666665714,2,0,0.5,6
46759,493,41.0,433.0,111,20.4,2,0,0.6,3
46760,73,5.0,55.0,1298,7.75,0,0,0.0,2
46761,89,6.0,73.0,1298,9.041665,0,0,0.0,2
46762,63,4.0,50.0,1298,19.33333,0,0,0.0,1
46765,69,5.0,51.0,1298,10.875,0,0,1.0,3
46766,102,2.0,90.0,1298,6.75,0,0,0.0,2
46767,45,1.0,38.0,1298,15.66667,0,0,0.0,1
46768,341,29.0,276.0,122,20.983334,2,0,1.0,7
46769,181,10.0,158.0,1291,8.875,0,0,1.0,2
46770,62,3.0,48.0,1272,9.041665,0,0,0.0,2
46771,156,10.0,127.0,1297,14.5,0,0,1.0,3
46773,162,1.0,154.0,1298,18.0,0,0,0.0,1
46774,396,69.0,309.0,67,11.083335,0,0,1.0,2
46775,42,1.0,34.0,1298,19.33333,0,0,0.0,1
46776,54,4.0,38.0,1298,7.875,0,0,0.0,2
46777,483,25.0,439.0,173,14.066665,6,0,1.0,2
46778,47,2.0,36.0,1298,9.041665,0,0,0.0,2
46779,26,1.0,22.0,1298,18.33333,0,0,0.0,1
46780,78,2.0,67.0,1298,9.625,0,0,0.0,2
46781,89,4.0,72.0,1298,11.541665,0,0,1.0,2
46782,206,5.0,187.0,1298,10.875,0,0,0.0,2
46783,64,1.0,58.0,1298,17.33333,0,0,0.0,1
46784,75,4.0,64.0,1298,15.33333,0,0,0.0,1
46785,63,6.0,51.0,1298,16.33333,0,0,0.5,1
46786,74,2.0,62.0,1298,11.25,0,0,1.0,2
46787,109,3.0,98.0,1298,15.66667,0,0,0.0,1
46788,218,4.0,202.0,1278,15.968253333,0,0,0.0,2
46789,126,12.0,101.0,1298,5.916665,0,0,1.0,2
46790,115,2.0,104.0,1298,13.125,0,0,0.0,2
46791,49,1.0,41.0,1298,16.33333,0,0,1.0,1
46793,72,3.0,54.0,1298,12.791665,0,0,1.0,4
46794,110,3.0,96.0,1298,11.208335,0,0,0.0,2
46795,54,5.0,39.0,1298,14.33333,0,0,0.0,1
46798,153,11.0,128.0,1290,8.541665,0,0,1.0,2
46799,67,5.0,50.0,1298,9.916665,0,0,0.0,2
46800,107,4.0,93.0,1298,11.208335,0,0,1.0,2
46801,139,6.0,119.0,1296,10.875,0,0,1.0,3
46802,110,5.0,92.0,1298,8.041665,0,0,0.0,2
46803,115,2.0,103.0,1298,9.041665,0,0,1.0,2
46804,53,4.0,36.0,1280,14.5,0,0,0.0,3
46805,74,2.0,65.0,1298,19.0,0,0,1.0,1
46806,92,7.0,75.0,1296,10.541665,0,0,0.0,2
46807,74,3.0,60.0,1298,4.416665,0,0,1.0,2
46808,92,12.0,65.0,1298,13.083335,0,0,1.0,4
46809,433,33.0,373.0,175,13.11111,6,0,0.9375,3
46810,115,4.0,95.0,1298,20.0,0,0,1.0,1
46811,89,3.0,76.0,1298,7.375,0,0,1.0,2
46812,65,2.0,55.0,1298,14.33333,0,0,1.0,1
46813,113,5.0,94.0,1295,12.333335,0,0,0.0,3
46814,78,4.0,64.0,1296,10.125,0,0,1.0,2
46815,34,1.0,26.0,1298,16.33333,0,0,0.0,1
46816,32,1.0,24.0,1298,19.33333,0,0,1.0,1
46817,101,4.0,81.0,1296,13.041665,0,0,1.0,3
46818,64,3.0,50.0,1298,11.666665,0,0,1.0,2
46819,88,4.0,69.0,1298,14.166665,0,0,1.0,3
46820,127,7.0,108.0,1296,9.708335,0,0,1.0,2
46821,122,9.0,105.0,1296,10.875,0,0,1.0,2
46822,96,6.0,79.0,1295,12.5,0,0,1.0,2
46823,76,6.0,58.0,1296,10.708335,0,0,0.0,2
46824,128,5.0,112.0,66,16.0,2,0,1.0,1
46825,32,1.0,23.0,1298,11.0,0,0,0.0,1
46826,151,14.0,127.0,1166,3.75,0,0,0.0,2
46827,90,5.0,72.0,1295,8.416665,0,0,0.0,2
46828,135,5.0,112.0,1296,10.541665,0,0,0.0,2
46829,84,8.0,65.0,1296,9.583335,0,0,1.0,2
46830,51,2.0,35.0,1298,14.166665,0,0,0.0,3
46831,128,10.0,102.0,1294,15.0,0,0,0.66667,4
46832,76,3.0,61.0,1298,11.875,0,0,1.0,3
46833,75,2.0,53.0,1298,13.666665,0,0,1.0,6
46834,199,9.0,176.0,1298,11.083335,0,0,1.0,3
46835,44,3.0,30.0,1298,7.75,0,0,0.0,2
46836,117,5.0,101.0,1298,11.375,0,0,1.0,2
46837,63,5.0,50.0,1296,17.0,0,0,1.0,1
46838,78,10.0,51.0,1298,10.708335,0,0,0.0,2
46839,78,6.0,62.0,1298,11.375,0,0,0.0,2
46840,37,1.0,29.0,1298,16.66667,0,0,1.0,1
46841,135,3.0,115.0,1297,11.041665,0,0,1.0,5
46842,228,33.0,182.0,185,10.541665,0,0,1.0,2
46843,66,5.0,51.0,1296,11.541665,0,0,0.66667,2
46844,76,3.0,63.0,1298,8.875,0,0,0.5,2
46845,81,9.0,61.0,1295,9.875,0,0,1.0,2
46847,108,10.0,84.0,1284,6.109524,0,0,1.0,3
46848,188,6.0,158.0,1300,14.133332,0,0,1.0,5
46849,91,6.0,75.0,1298,11.666665,0,0,1.0,2
46850,413,31.0,352.0,153,12.594443333,6,0,1.0,4
46851,37,3.0,28.0,1298,18.33333,0,0,0.0,1
46852,217,1.0,204.0,1249,8.875,0,0,1.0,2
46853,91,4.0,74.0,1298,11.041665,0,0,1.0,2
46854,94,3.0,77.0,1293,8.75,0,0,1.0,3
46855,83,5.0,67.0,1286,10.708335,0,0,1.0,2
46856,110,9.0,89.0,1243,10.75,0,0,1.0,2
46857,66,3.0,51.0,1298,11.208335,0,0,0.0,2
46858,33,1.0,25.0,1298,14.0,0,0,0.0,1
46859,90,3.0,78.0,1298,9.875,0,0,0.0,2
46860,102,5.0,81.0,1260,10.125,0,0,0.0,3
46861,57,4.0,45.0,1298,14.33333,0,0,0.0,1
46862,39,2.0,27.0,1298,7.541665,0,0,0.0,2
46863,89,3.0,73.0,1275,9.375,0,0,0.0,3
46864,78,2.0,66.0,1298,8.0,0,0,0.0,1
46865,82,5.0,64.0,1200,11.875,0,0,0.0,3
46866,6504,3823.0,2660.0,495,13.0,0,0,0.0,4
46867,201,3.0,184.0,1295,10.5,0,0,0.33333,3
46868,293,7.0,270.0,1241,10.625,0,0,0.0,3
46869,132,5.0,108.0,1298,10.933332,0,0,0.0,3
46870,73,4.0,54.0,1298,9.166665,0,0,1.0,2
46871,180,13.0,144.0,1298,6.666665,0,0,0.0,2
46872,62,2.0,50.0,1298,19.33333,0,0,0.0,1
46873,100,8.0,78.0,1295,9.291665,0,0,0.0,2
46874,84,8.0,66.0,1296,4.791665,0,0,0.0,2
46875,64,2.0,47.0,1298,8.208335,0,0,0.0,4
46876,293,13.0,267.0,1296,9.25,0,0,0.5,3
46877,60,4.0,50.0,1298,13.0,0,0,0.0,1
46878,69,1.0,61.0,1298,15.0,0,0,0.5,1
46880,31,1.0,25.0,1298,9.33333,0,0,0.0,1
46881,60,2.0,51.0,1298,16.0,0,0,0.0,1
46882,40,1.0,34.0,1298,9.0,0,0,0.0,1
46883,103,6.0,78.0,1297,18.888886666,0,0,1.0,4
46884,66,5.0,48.0,1298,6.458335,0,0,1.0,2
46886,75,2.0,62.0,1298,6.75,0,0,1.0,2
46887,108,8.0,88.0,1298,7.291665,0,0,1.0,2
46888,134,2.0,121.0,1298,5.25,0,0,0.5,2
46889,131,10.0,102.0,1298,8.875,0,0,1.0,3
46890,73,4.0,58.0,1298,9.125,0,0,1.0,3
46893,151,4.0,134.0,1298,8.958335,0,0,0.0,3
46895,68,3.0,52.0,1298,9.833335,0,0,0.0,3
46896,186,7.0,165.0,1286,13.766668,0,0,1.0,3
46897,101,7.0,77.0,1298,10.416665,0,0,1.0,2
46898,118,8.0,99.0,1298,9.25,0,0,0.33333,2
46899,127,8.0,99.0,1295,12.0,0,0,1.0,5
46900,50,3.0,37.0,1298,9.66667,0,0,0.0,1
46901,143,6.0,122.0,1298,9.5,0,0,0.66667,2
46902,67,3.0,57.0,1298,7.33333,0,0,0.0,1
46903,110,4.0,98.0,1298,7.125,0,0,0.5,2
46904,67,3.0,54.0,1298,10.375,0,0,0.0,2
46905,380,29.0,328.0,185,9.166666666,5,0,0.83333,4
46906,75,4.0,63.0,1296,4.166665,0,0,0.0,2
46907,122,10.0,85.0,1298,9.0,0,0,1.0,3
46908,112,3.0,95.0,1298,11.968253333,0,0,1.0,2
46909,72,6.0,52.0,1298,11.5,0,0,1.0,3
46910,95,2.0,80.0,1298,9.75,0,0,0.0,3
46911,89,6.0,72.0,1298,12.0,0,0,1.0,1
46912,83,3.0,67.0,1298,15.555553333,0,0,0.0,3
46913,100,10.0,76.0,1298,8.25,0,0,1.0,3
46914,32,1.0,23.0,1298,6.33333,0,0,0.0,1
46915,58,2.0,46.0,1298,6.916665,0,0,0.0,2
46916,140,8.0,120.0,1298,6.416665,0,0,0.66667,2
46917,114,7.0,78.0,1298,12.0,0,0,1.0,6
46918,352,45.0,259.0,522,11.571428571,2,0,1.0,4
46919,103,11.0,76.0,1126,6.25,0,0,0.0,2
46920,174,4.0,155.0,1298,10.291665,0,0,1.0,4
46921,66,5.0,51.0,1206,6.583335,0,0,1.0,2
46922,117,5.0,93.0,1298,10.666665,0,0,1.0,5
46923,145,6.0,129.0,1298,14.0,0,0,0.0,1
46924,103,5.0,88.0,1296,6.416665,0,0,1.0,2
46926,282,19.0,233.0,174,8.805556666,7,0,1.0,4
46927,37,2.0,27.0,1298,9.916665,0,0,0.0,2
46928,594,81.0,483.0,174,7.533333333,6,0,1.0,3
46929,175,6.0,154.0,1298,10.916665,0,0,0.0,3
46930,342,27.0,294.0,174,8.094443333,6,0,1.0,3
46931,96,4.0,76.0,1298,11.041665,0,0,1.0,3
46932,75,4.0,62.0,1298,6.083335,0,0,0.0,2
46933,398,43.0,335.0,184,8.81111,6,0,0.71429,3
46934,61,4.0,49.0,1298,7.5,0,0,0.0,2
46935,89,3.0,68.0,1298,10.0,0,0,1.0,3
46936,122,3.0,109.0,1298,9.916665,0,0,0.0,2
46937,114,3.0,98.0,1296,4.842856,0,0,1.0,3
46938,8451,5298.0,3137.0,1298,7.916665,0,0,1.0,2
46939,84,2.0,72.0,1298,10.083335,0,0,0.0,2
46940,33,1.0,25.0,1298,9.33333,0,0,0.0,1
46941,118,3.0,101.0,1296,6.291665,0,0,0.0,2
46942,127,5.0,108.0,1298,5.25,0,0,0.0,2
46943,501,67.0,382.0,169,5.291665,6,0,1.0,2
46944,56,2.0,39.0,1298,12.166665,0,0,1.0,3
46945,52,1.0,45.0,1298,8.0,0,0,0.0,1
46946,47,3.0,34.0,1298,3.625,0,0,0.0,2
46947,120,2.0,107.0,1298,7.416665,0,0,0.5,2
46948,61,2.0,47.0,1298,5.75,0,0,1.0,2
46949,94,5.0,75.0,1298,11.041665,0,0,1.0,2
46950,127,3.0,97.0,1298,13.133332,0,0,0.0,6
46951,100,2.0,87.0,1298,7.583335,0,0,1.0,3
46952,123,8.0,104.0,1298,7.958335,0,0,1.0,2
46953,538,42.0,467.0,119,17.85,2,0,0.75,7
46954,119,4.0,106.0,1298,6.791665,0,0,0.0,2
46955,60,3.0,46.0,1298,4.75,0,0,0.0,2
46956,53,3.0,39.0,1298,4.791665,0,0,1.0,2
46957,81,6.0,65.0,1298,9.083335,0,0,0.0,2
46958,77,3.0,64.0,1298,8.416665,0,0,1.0,2
46959,502,53.0,427.0,167,7.894443333,7,0,1.0,3
46961,109,2.0,94.0,1298,11.5,0,0,1.0,3
46962,84,6.0,65.0,1298,8.733332,0,0,1.0,3
46963,106,7.0,84.0,1298,15.07936,0,0,1.0,2
46964,90,8.0,70.0,1281,10.583335,0,0,0.0,2
46965,95,6.0,73.0,1243,11.166665,0,0,1.0,3
46966,83,5.0,69.0,1255,12.66667,0,0,0.0,1
46967,124,5.0,100.0,1298,9.25,0,0,1.0,3
46968,81,3.0,67.0,1298,8.416665,0,0,0.0,2
46969,9,1.0,4.0,1303,2.5,0,0,0.0,1
46970,28,2.0,21.0,1298,3.0,0,0,0.0,1
46971,34,1.0,27.0,1298,13.0,0,0,0.0,1
46973,159,25.0,122.0,1298,9.083335,0,0,1.0,2
46974,73,3.0,60.0,1298,6.416665,0,0,0.66667,2
46975,66,3.0,51.0,1298,6.083335,0,0,0.0,2
46976,50,2.0,38.0,1298,10.291665,0,0,0.0,2
46977,104,2.0,91.0,1298,6.625,0,0,0.0,2
46978,58,2.0,46.0,1298,8.916665,0,0,0.0,2
46979,87,6.0,66.0,1298,10.8,0,0,1.0,3
46980,111,6.0,93.0,1298,7.791665,0,0,0.0,2
46981,71,5.0,55.0,1296,9.416665,0,0,0.0,2
46982,105,4.0,90.0,1296,9.25,0,0,1.0,2
46983,52,2.0,39.0,1298,7.458335,0,0,1.0,2
46984,48,4.0,25.0,1298,1.75,0,0,0.0,2
46985,226,15.0,199.0,1242,6.75,0,0,0.0,2
46986,95,1.0,82.0,1298,3.75,0,0,1.0,2
46987,88,7.0,68.0,1294,6.125,0,0,0.0,2
46988,132,7.0,112.0,1266,5.458335,0,0,0.0,2
46989,244,6.0,210.0,1217,9.361904,0,0,1.0,4
46990,65,3.0,46.0,1298,5.0,0,0,1.0,5
46991,84,4.0,68.0,1297,7.083335,0,0,1.0,2
46992,80,1.0,72.0,1298,10.33333,0,0,0.0,1
46993,82,6.0,65.0,1244,8.916665,0,0,0.0,3
46994,53,2.0,43.0,1298,14.33333,0,0,1.0,1
46995,104,5.0,88.0,1298,9.416665,0,0,1.0,2
46996,130,4.0,114.0,1292,7.583335,0,0,1.0,3
46997,168,10.0,136.0,1297,10.208335,0,0,0.5,4
46998,81,2.0,72.0,1298,6.083335,0,0,0.0,2
46999,124,5.0,103.0,1298,9.166665,0,0,1.0,4
47000,90,3.0,76.0,1298,5.75,0,0,0.0,2
47001,129,7.0,107.0,1298,5.125,0,0,1.0,2
47002,182,11.0,157.0,39,7.916665,3,0,0.8,2
47003,130,5.0,109.0,1298,11.208335,0,0,0.0,2
47004,55,1.0,48.0,1298,10.33333,0,0,1.0,1
47006,91,5.0,75.0,1294,4.75,0,0,0.0,2
47007,106,4.0,92.0,1298,9.25,0,0,1.0,2
47008,56,1.0,48.0,1298,7.0,0,0,0.0,1
47009,111,4.0,90.0,1298,12.625,0,0,1.0,2
47011,87,3.0,73.0,1298,6.791665,0,0,0.0,2
47012,80,7.0,62.0,1298,8.75,0,0,0.0,2
47013,120,5.0,102.0,1281,10.125,0,0,0.0,2
47014,493,35.0,430.0,181,8.38889,6,0,0.75,4
47015,131,1.0,125.0,1298,12.33333,0,0,0.0,1
47016,125,4.0,111.0,1298,7.541665,0,0,1.0,2
47017,33,1.0,25.0,1298,7.0,0,0,1.0,1
47018,93,5.0,70.0,1298,8.5,0,0,0.0,4
47019,1044,222.0,765.0,29,6.583335,0,0,0.0,2
47020,118,5.0,100.0,1220,12.0,0,0,1.0,3
47021,68,3.0,54.0,1298,6.958335,0,0,0.0,2
47022,80,3.0,58.0,1298,6.416665,0,0,0.0,4
47023,98,4.0,81.0,1298,5.791665,0,0,1.0,2
47024,100,4.0,85.0,1296,8.791665,0,0,0.0,2
47025,150,6.0,127.0,1298,9.041665,0,0,1.0,3
47026,88,3.0,72.0,1298,9.625,0,0,0.0,3
47027,13,2.0,8.0,1302,0.0,0,0,0.0,0
47028,54,4.0,39.0,1298,2.25,0,0,1.0,2
47029,61,3.0,48.0,1200,7.375,0,0,0.5,2
47030,2,2.0,0.0,999,0.0,0,0,0.0,0
47032,87,7.0,64.0,1296,7.916665,0,0,1.0,2
47033,103,7.0,84.0,1296,6.125,0,0,0.5,2
47034,66,5.0,52.0,1298,12.0,0,0,1.0,1
47035,62,2.0,50.0,1298,8.25,0,0,1.0,2
47036,58,2.0,45.0,1298,4.416665,0,0,1.0,2
47037,644,40.0,573.0,182,6.744446666,6,0,1.0,4
47039,135,4.0,121.0,1296,7.375,0,0,0.0,2
47040,95,2.0,82.0,1298,8.75,0,0,0.0,2
47041,32,1.0,26.0,1298,8.66667,0,0,0.0,1
47042,83,5.0,65.0,1298,11.875,0,0,0.0,3
47043,127,2.0,114.0,1298,5.916665,0,0,1.0,2
47044,84,1.0,76.0,1298,13.0,0,0,0.0,1
47045,38,1.0,31.0,1298,2.25,0,0,1.0,2
47046,77,3.0,66.0,1293,13.0,0,0,0.0,1
47047,124,6.0,99.0,1298,10.833335,0,0,1.0,5
47048,93,2.0,81.0,1298,11.083335,0,0,0.0,2
47049,192,2.0,177.0,1298,5.375,0,0,1.0,3
47050,95,3.0,81.0,1298,7.583335,0,0,0.5,2
47051,171,9.0,150.0,1294,6.942856,0,0,1.0,3
47052,98,7.0,83.0,1298,6.916665,0,0,1.0,2
47054,91,4.0,72.0,1298,5.125,0,0,0.0,2
47055,122,8.0,100.0,161,10.333335,0,0,1.0,3
47056,34,1.0,29.0,1298,12.0,0,0,0.0,1
47057,80,3.0,72.0,1298,9.0,0,0,0.0,1
47058,71,2.0,56.0,1298,10.666665,0,0,0.0,3
47059,109,2.0,97.0,1298,8.75,0,0,1.0,2
47060,125,16.0,97.0,1206,9.5,0,0,1.0,2
47061,75,6.0,58.0,1298,9.416665,0,0,1.0,2
47062,79,5.0,64.0,1298,4.458335,0,0,0.0,2
47063,109,4.0,94.0,1298,7.625,0,0,0.0,2
47064,103,5.0,84.0,1295,7.75,0,0,0.66667,2
47065,123,3.0,108.0,1298,8.416665,0,0,0.0,2
47066,114,3.0,101.0,1298,6.916665,0,0,1.0,2
47068,260,6.0,238.0,1298,10.125,0,0,0.0,3
47069,96,9.0,76.0,1298,7.416665,0,0,0.0,2
47070,133,4.0,113.0,1298,12.666665,0,0,0.0,4
47071,56,3.0,45.0,1295,12.33333,0,0,1.0,1
47072,80,2.0,67.0,1298,7.291665,0,0,0.0,2
47073,234,6.0,203.0,1219,14.266668,0,0,1.0,7
47074,91,3.0,77.0,1298,6.25,0,0,0.0,2
47075,83,3.0,68.0,1298,8.083335,0,0,0.0,2
47076,361,7.0,340.0,1298,4.75,0,0,1.0,2
47077,96,2.0,78.0,1298,17.555553333,0,0,1.0,3
47079,193,15.0,148.0,1280,15.0,0,0,1.0,3
47080,95,3.0,81.0,1298,3.291665,0,0,1.0,2
47081,137,5.0,119.0,1242,8.625,0,0,0.0,2
47082,98,4.0,84.0,1201,8.416665,0,0,1.0,2
47083,116,6.0,94.0,1298,12.333335,0,0,0.0,3
47084,78,8.0,56.0,1298,6.958335,0,0,0.0,2
47085,162,6.0,146.0,1295,7.25,0,0,0.0,2
47086,160,15.0,134.0,1200,8.916665,0,0,0.0,2
47087,106,5.0,80.0,1298,11.166665,0,0,1.0,5
47088,73,5.0,57.0,1298,9.083335,0,0,0.0,2
47090,106,5.0,91.0,1298,8.916665,0,0,1.0,2
47091,92,6.0,76.0,1163,9.083335,0,0,0.0,2
47092,118,9.0,89.0,1183,8.75,0,0,1.0,2
47093,87,3.0,71.0,1295,6.083335,0,0,0.0,3
47095,61,1.0,55.0,1298,11.0,0,0,0.0,1
47096,106,4.0,92.0,1298,8.916665,0,0,1.0,2
47097,147,5.0,124.0,1298,9.666668,0,0,1.0,4
47098,57,4.0,43.0,1298,6.291665,0,0,0.0,2
47099,74,6.0,57.0,1298,8.583335,0,0,0.5,3
47100,74,3.0,61.0,1298,8.083335,0,0,1.0,2
47101,61,2.0,49.0,1298,7.416665,0,0,0.0,2
47102,91,5.0,76.0,1298,8.75,0,0,0.5,2
47103,181,7.0,161.0,1298,8.75,0,0,1.0,2
47104,129,3.0,113.0,1298,6.791665,0,0,1.0,2
47105,73,4.0,59.0,1298,10.166665,0,0,1.0,2
47106,105,3.0,91.0,1251,6.416665,0,0,1.0,2
47107,120,6.0,104.0,1298,7.416665,0,0,1.0,2
47108,100,6.0,80.0,1219,9.75,0,0,1.0,4
47109,97,4.0,81.0,1296,8.583335,0,0,1.0,3
47110,122,10.0,99.0,1298,11.416665,0,0,1.0,3
47111,72,2.0,64.0,1298,10.33333,0,0,0.0,1
47112,47,2.0,35.0,1298,9.25,0,0,1.0,2
47113,141,5.0,121.0,1298,7.876188,0,0,1.0,3
47114,76,3.0,59.0,1297,8.791665,0,0,0.0,2
47115,107,4.0,93.0,1298,6.083335,0,0,1.0,2
47116,495,21.0,454.0,1298,7.416665,0,0,1.0,2
47117,2,1.0,0.0,999,0.0,0,0,0.0,0
47118,98,7.0,79.0,1294,5.75,0,0,0.0,2
47120,72,5.0,58.0,1298,6.291665,0,0,1.0,2
47121,88,3.0,79.0,1298,12.33333,0,0,1.0,1
47122,56,4.0,42.0,1298,6.916665,0,0,0.0,2
47123,46,1.0,35.0,1298,7.841266666,0,0,0.0,2
47124,55,1.0,46.0,1298,8.0,0,0,1.0,1
47125,81,5.0,62.0,1298,8.061904,0,0,0.0,3
47126,265,12.0,236.0,1292,10.228572,0,0,1.0,4
47127,112,5.0,85.0,1298,11.041665,0,0,0.0,3
47128,100,4.0,83.0,1298,9.25,0,0,0.0,3
47129,541,43.0,468.0,122,17.166666,2,0,0.2,7
47130,124,4.0,110.0,1298,14.5,0,0,0.5,2
47131,51,1.0,45.0,1298,9.33333,0,0,0.0,1
47132,452,49.0,360.0,518,14.523808571,2,0,0.66667,5
47133,64,1.0,54.0,1298,9.33333,0,0,0.5,1
47134,35,1.0,27.0,1298,4.66667,0,0,1.0,1
47135,111,6.0,91.0,1212,9.375,0,0,1.0,2
47136,93,8.0,75.0,1298,9.25,0,0,0.0,2
47137,96,4.0,79.0,1298,8.791665,0,0,1.0,3
47138,86,7.0,68.0,1298,8.583335,0,0,0.0,2
47139,58,3.0,45.0,1298,7.0,0,0,0.0,2
47140,707,516.0,181.0,277,9.708335,0,0,0.0,2
47141,33,1.0,27.0,1298,8.0,0,0,0.0,1
47142,77,4.0,63.0,1298,6.416665,0,0,1.0,2
47143,166,7.0,142.0,1298,9.916665,0,0,1.0,3
47144,81,7.0,59.0,1290,11.5,0,0,1.0,3
47145,79,4.0,67.0,1298,8.416665,0,0,0.0,2
47146,158,5.0,136.0,1298,8.2,0,0,1.0,3
47147,1779,1075.0,692.0,1298,9.25,0,0,0.0,2
47148,81,2.0,69.0,1298,5.75,0,0,0.0,2
47149,50,1.0,45.0,1298,14.33333,0,0,0.0,1
47150,143,4.0,122.0,1296,9.625,0,0,0.0,2
47151,101,5.0,80.0,1198,12.0,0,0,0.0,3
47152,92,6.0,73.0,1298,6.625,0,0,1.0,2
47153,116,3.0,105.0,1297,7.75,0,0,0.0,2
47154,62,4.0,51.0,1298,7.0,0,0,1.0,1
47155,118,2.0,103.0,1298,14.333335,0,0,1.0,3
47156,63,2.0,51.0,1298,8.25,0,0,1.0,2
47158,105,3.0,92.0,1298,8.416665,0,0,0.0,2
47159,32,1.0,24.0,1298,12.0,0,0,1.0,1
47160,57,4.0,45.0,1298,8.75,0,0,0.0,2
47161,96,4.0,81.0,1298,8.0,0,0,1.0,1
47162,106,6.0,90.0,1298,9.833335,0,0,1.0,2
47163,34,1.0,26.0,1298,9.33333,0,0,0.0,1
47164,90,3.0,73.0,1298,7.75,0,0,0.0,3
47165,82,3.0,66.0,1298,3.625,0,0,1.0,2
47166,88,3.0,74.0,1298,7.916665,0,0,0.0,2
47167,134,6.0,116.0,1294,9.75,0,0,0.33333,2
47168,136,14.0,104.0,1298,12.33333,0,0,1.0,1
47169,146,2.0,128.0,1298,10.333335,0,0,0.66667,3
47170,121,3.0,103.0,1292,5.25,0,0,0.0,3
47171,108,5.0,92.0,1298,8.583335,0,0,0.5,2
47172,121,4.0,99.0,1298,11.041665,0,0,0.0,2
47173,78,6.0,61.0,1298,8.583335,0,0,1.0,2
47175,47,5.0,32.0,1298,7.958335,0,0,1.0,2
47176,110,2.0,98.0,1298,5.371428,0,0,1.0,3
47177,135,4.0,120.0,1298,8.25,0,0,1.0,2
47178,51,1.0,44.0,1298,14.33333,0,0,0.0,1
47182,69,5.0,54.0,1297,9.875,0,0,0.0,2
47183,103,7.0,80.0,1298,10.375,0,0,1.0,3
47184,89,6.0,72.0,1125,8.083335,0,0,1.0,2
47185,94,10.0,74.0,1295,4.25,0,0,0.0,2
47186,56,6.0,37.0,1298,6.75,0,0,0.0,2
47187,69,1.0,60.0,1298,8.333335,0,0,1.0,2
47188,261,4.0,238.0,1298,13.015873333,0,0,1.0,2
47189,103,5.0,88.0,1298,11.208335,0,0,1.0,2
47190,109,6.0,92.0,1294,8.75,0,0,0.0,2
47191,81,5.0,65.0,1298,8.25,0,0,0.0,2
47192,122,9.0,103.0,1298,4.625,0,0,1.0,2
47195,261,22.0,215.0,999,0.0,2,0,1.0,0
47201,382,32.0,323.0,424,0.0,2,0,1.0,0
47202,11,1.0,5.0,1298,0.0,0,0,0.0,0
47205,468,45.0,392.0,1298,10.583335,2,0,0.75,2
47212,14,1.0,8.0,1295,0.0,0,0,0.0,0
47222,156,8.0,137.0,1298,6.916665,0,0,0.0,2
47223,92,3.0,75.0,1298,4.247616,0,0,1.0,3
47226,420,34.0,350.0,999,0.0,2,0,1.0,0
47227,67,3.0,55.0,1298,11.375,0,0,1.0,2
47237,296,40.0,238.0,731,19.727275,0,0,0.4,5
47239,107,3.0,93.0,1291,6.333335,0,0,1.0,2
47240,1424,92.0,1301.0,177,3.125,20,0,0.91892,2
47243,45,3.0,34.0,1298,6.958335,0,0,0.0,2
47244,341,24.0,289.0,636,10.875,0,0,1.0,2
47245,206,10.0,182.0,1298,9.761904,0,0,1.0,3
47246,147,9.0,123.0,1295,10.69524,0,0,1.0,3
47247,106,9.0,83.0,1298,15.07936,0,0,0.5,2
47248,75,2.0,58.0,1298,15.33333,0,0,1.0,1
47249,41,1.0,35.0,1298,16.33333,0,0,0.0,1
47250,122,5.0,109.0,1298,18.33333,0,0,1.0,1
47252,2,1.0,1.0,999,0.0,0,0,0.0,0
47253,216,38.0,166.0,515,0.0,0,0,0.0,0
47254,370,28.0,321.0,999,0.0,2,0,1.0,0
47255,301,22.0,256.0,999,0.0,2,0,1.0,0
47256,383,24.0,335.0,999,0.0,2,0,1.0,0
47257,465,35.0,405.0,999,0.0,2,0,1.0,0
47258,634,48.0,564.0,999,0.0,2,0,1.0,0
47259,230,18.0,187.0,999,0.0,2,0,1.0,0
47260,476,26.0,429.0,999,0.0,2,0,1.0,0
47261,230,23.0,183.0,999,0.0,2,0,1.0,0
47262,287,17.0,249.0,999,0.0,2,0,0.75,0
47263,750,75.0,577.0,999,0.0,2,0,1.0,0
47264,196,19.0,156.0,999,0.0,2,0,1.0,0
47265,174,12.0,135.0,999,0.0,2,0,1.0,0
47266,455,35.0,395.0,999,0.0,2,0,0.66667,0
47267,574,36.0,515.0,999,0.0,2,0,1.0,0
47268,350,24.0,296.0,999,0.0,2,0,1.0,0
47269,360,25.0,314.0,999,0.0,2,0,0.66667,0
47270,395,33.0,341.0,999,0.0,2,0,1.0,0
47271,231,19.0,193.0,999,0.0,2,0,0.91667,0
47272,565,47.0,480.0,999,0.0,2,0,1.0,0
47274,220,27.0,181.0,683,5.656566666,0,0,0.75,4
47275,196,28.0,143.0,795,24.51515,0,0,0.0,5
47276,384,45.0,317.0,773,26.045455,0,0,1.0,6
47277,130,12.0,105.0,856,10.878785,0,0,0.5,3
47278,310,44.0,248.0,790,9.969695,0,0,1.0,5
47279,259,32.0,211.0,782,10.0,0,0,0.14286,4
47280,444,42.0,385.0,759,8.836364,0,0,0.0,6
47281,302,46.0,239.0,791,26.0,0,0,1.0,5
47282,150,19.0,115.0,795,17.81818,0,0,0.0,3
47283,91,8.0,73.0,856,15.111106666,0,0,0.0,2
47285,247,30.0,201.0,635,27.272725,0,0,1.0,5
47286,596,56.0,518.0,771,25.060605,0,0,0.0,5
47287,149,15.0,126.0,772,2.0,0,0,1.0,3
47288,1485,959.0,510.0,772,13.0303,0,0,1.0,3
47289,268,36.0,215.0,792,24.863635,0,0,1.0,5
47290,156,13.0,131.0,865,8.0,0,0,0.0,3
47291,270,26.0,228.0,792,18.8,0,0,1.0,4
47292,44,1.0,38.0,891,0.0,0,0,0.0,0
47293,178,39.0,121.0,263,0.0,0,0,0.0,0
47294,892,75.0,783.0,182,7.21667,20,0,1.0,1
47295,699,51.0,615.0,176,0.0,22,0,1.0,0
47296,460,42.0,384.0,176,16.311113333,17,0,1.0,2
47297,716,73.0,612.0,111,9.41667,20,0,0.88462,1
47298,713,58.0,613.0,176,14.888886666,22,0,1.0,3
47299,648,40.0,567.0,164,14.97778,19,0,1.0,2
47300,1119,62.0,1023.0,188,12.455553333,19,0,0.8125,2
47301,988,74.0,885.0,169,8.66667,18,0,1.0,1
47302,2229,167.0,1945.0,178,9.75,19,0,0.84,1
47303,1167,99.0,1011.0,158,16.0,17,0,0.94737,2
47304,577,64.0,484.0,175,15.066666666,18,0,0.90476,3
47305,798,73.0,670.0,177,16.011113333,23,0,0.95652,5
47306,1275,119.0,1117.0,173,8.08333,21,0,1.0,1
47307,910,91.0,758.0,186,14.9,19,0,1.0,2
47308,1180,94.0,1052.0,177,5.31667,21,0,0.95833,1
47309,1316,98.0,1101.0,107,14.366666666,19,0,0.91667,3
47310,1332,105.0,1136.0,178,17.333333333,24,0,0.96774,4
47311,248,17.0,208.0,999,22.666666666,2,0,0.66667,2
47312,310,29.0,256.0,999,26.666666666,2,0,1.0,2
47313,194,16.0,153.0,999,21.333333333,2,0,1.0,2
47314,1238,326.0,869.0,29,24.666666666,2,0,1.0,2
47315,193,21.0,145.0,999,26.666666666,2,0,0.875,2
47316,342,19.0,297.0,999,24.666666666,2,0,1.0,2
47317,664,47.0,575.0,999,24.666666666,2,0,1.0,2
47318,303,24.0,253.0,999,22.0,2,0,0.33333,2
47319,487,38.0,409.0,999,24.666666666,2,0,0.66667,2
47320,3890,2630.0,1234.0,999,24.666666666,2,0,0.66667,2
47321,288,26.0,241.0,999,24.666666666,2,0,1.0,2
47322,146,14.0,106.0,999,26.666666666,2,0,1.0,2
47323,219,20.0,178.0,999,25.333333333,2,0,0.66667,2
47324,733,94.0,613.0,999,26.666666666,2,0,1.0,2
47325,466,41.0,399.0,999,20.0,2,0,1.0,2
47326,345,26.0,298.0,999,15.333333333,2,0,1.0,2
47327,350,35.0,293.0,999,26.666666666,2,0,1.0,2
47328,253,23.0,204.0,999,8.0,2,0,1.0,2
47329,360,32.0,302.0,999,26.666666666,2,0,1.0,2
47330,180,15.0,144.0,999,23.333333333,2,0,1.0,2
47331,351,33.0,294.0,999,26.666666666,2,0,1.0,2
47332,423,37.0,328.0,999,19.333333333,2,0,1.0,2
47333,1377,157.0,1194.0,25,24.666666666,2,0,1.0,2
47334,748,121.0,586.0,33,26.666666666,2,0,1.0,2
47335,580,7.0,551.0,999,14.0,2,0,1.0,2
47336,185,22.0,134.0,999,24.666666666,2,0,1.0,2
47337,348,24.0,297.0,999,26.666666666,2,0,1.0,2
47338,428,38.0,366.0,999,23.333333333,2,0,1.0,2
47339,3467,1983.0,1440.0,999,20.0,2,0,1.0,2
47340,394,30.0,342.0,999,26.666666666,2,0,1.0,2
47341,719,52.0,643.0,999,26.666666666,2,0,1.0,2
47342,477,47.0,406.0,999,22.666666666,2,0,1.0,2
47343,620,61.0,518.0,999,25.333333333,2,0,0.8,2
47344,478,38.0,416.0,999,9.333333333,2,0,1.0,2
47345,354,44.0,285.0,999,26.666666666,2,0,1.0,2
47346,294,26.0,241.0,999,17.333333333,2,0,0.66667,2
47347,515,52.0,436.0,223,19.333333333,2,0,1.0,2
47348,488,40.0,426.0,999,18.666666666,2,0,0.8,2
47349,284,28.0,229.0,999,10.0,2,0,1.0,2
47350,345,25.0,299.0,999,26.666666666,2,0,0.5,2
47351,463,29.0,406.0,999,24.666666666,2,0,1.0,2
47352,497,27.0,449.0,999,24.666666666,2,0,0.66667,2
47353,317,23.0,273.0,999,14.0,2,0,1.0,2
47354,4413,2697.0,1683.0,999,24.666666666,2,0,1.0,2
47355,415,36.0,354.0,999,20.666666666,2,0,0.57143,2
47356,242,16.0,205.0,999,24.666666666,2,0,1.0,2
47357,361,31.0,305.0,999,22.666666666,2,0,0.66667,2
47358,349,28.0,300.0,999,15.333333333,2,0,1.0,2
47359,241,21.0,198.0,999,24.666666666,2,0,1.0,2
47360,242,27.0,203.0,999,0.0,6,0,1.0,0
47361,588,58.0,516.0,999,0.0,7,0,1.0,0
47362,256,29.0,210.0,999,0.0,6,0,1.0,0
47363,378,52.0,305.0,999,0.0,6,0,1.0,0
47364,445,160.0,272.0,999,0.0,6,0,1.0,0
47365,215,15.0,188.0,999,0.0,6,0,1.0,0
47366,240,30.0,199.0,999,0.0,6,0,0.9,0
47367,378,34.0,309.0,999,0.0,7,0,1.0,0
47368,417,56.0,346.0,999,0.0,6,0,0.83333,0
47369,369,36.0,318.0,999,0.0,6,0,1.0,0
47370,224,24.0,186.0,999,0.0,6,0,1.0,0
47371,379,33.0,331.0,999,0.0,4,0,0.92308,0
47372,622,62.0,544.0,999,0.0,7,0,1.0,0
47373,282,31.0,240.0,999,0.0,6,0,0.88889,0
47374,439,36.0,383.0,999,0.0,6,0,1.0,0
47375,421,53.0,352.0,999,0.0,7,0,1.0,0
47376,221,22.0,186.0,999,0.0,6,0,1.0,0
47377,309,29.0,258.0,999,0.0,6,0,1.0,0
47378,327,34.0,280.0,999,0.0,6,0,0.86667,0
47379,278,27.0,236.0,999,0.0,6,0,1.0,0
47380,481,54.0,413.0,999,0.0,6,0,1.0,0
47381,460,39.0,407.0,999,0.0,7,0,1.0,0
47382,259,25.0,217.0,999,0.0,6,0,0.91667,0
47383,492,39.0,437.0,999,0.0,6,0,0.84211,0
47384,386,24.0,350.0,999,0.0,6,0,0.9375,0
47385,353,37.0,305.0,999,0.0,6,0,1.0,0
47386,222,25.0,190.0,999,0.0,3,0,1.0,0
47387,115,7.0,100.0,160,0.0,0,0,0.0,0
47388,15,3.0,9.0,999,0.0,0,0,0.0,0
47389,455,18.0,427.0,202,0.0,0,0,0.0,0
47390,42,5.0,30.0,999,0.0,0,0,0.0,0
47391,1567,57.0,1499.0,129,0.0,0,0,1.0,0
47392,23,7.0,8.0,999,0.0,0,0,0.0,0
47393,100,11.0,84.0,112,0.0,1,0,0.57143,0
47394,95,11.0,71.0,148,0.0,1,0,1.0,0
47395,97,11.0,81.0,148,0.0,1,0,1.0,0
47396,122,13.0,104.0,262,0.0,1,0,1.0,0
47397,238,29.0,204.0,53,0.0,1,0,0.8,0
47398,108,14.0,89.0,44,0.0,1,0,1.0,0
47399,253,42.0,200.0,42,0.0,1,0,1.0,0
47400,108,9.0,93.0,148,0.0,1,0,1.0,0
47401,95,10.0,79.0,148,0.0,1,0,0.33333,0
47402,129,13.0,112.0,148,0.0,0,0,0.6,0
47403,100,14.0,72.0,140,0.0,1,0,1.0,0
47404,138,9.0,118.0,148,0.0,1,0,0.57143,0
47405,118,14.0,97.0,34,0.0,1,0,1.0,0
47406,76,7.0,61.0,144,0.0,1,0,1.0,0
47407,249,36.0,208.0,191,0.0,1,0,1.0,0
47408,145,14.0,123.0,148,0.0,1,0,1.0,0
47409,69,6.0,58.0,274,0.0,1,0,1.0,0
47410,72,7.0,60.0,154,0.0,1,0,1.0,0
47411,94,14.0,75.0,149,0.0,1,0,1.0,0
47412,191,22.0,163.0,151,0.0,1,0,0.5,0
47413,97,11.0,81.0,71,0.0,1,0,1.0,0
47414,145,14.0,122.0,148,0.0,1,0,1.0,0
47415,123,14.0,104.0,153,0.0,1,0,1.0,0
47416,86,7.0,75.0,187,0.0,0,0,0.0,0
47417,9,2.0,4.0,278,0.0,0,0,0.0,0
47418,1272,99.0,1052.0,31,10.162687727,7,1,1.0,25
47419,804,84.0,612.0,31,9.831435454,3,0,1.0,25
47421,1187,101.0,989.0,31,8.647632727,7,0,0.99502,22
47423,1889,128.0,1572.0,44,10.272727272,8,1,1.0,43
47424,562,31.0,446.0,43,8.810495909,3,0,0.9951,19
47425,1138,177.0,862.0,31,8.101175263,8,0,0.89286,17
47427,356,43.0,296.0,35,8.0,0,0,0.97917,2
47428,1532,153.0,1260.0,31,7.870258636,10,0,0.99485,20
47429,948,169.0,674.0,189,7.0,3,0,0.96667,2
47430,1732,109.0,1430.0,34,10.363636363,10,0,1.0,46
47431,943,51.0,779.0,31,9.9189565,8,0,1.0,27
47432,817,42.0,638.0,31,10.013416818,8,0,1.0,36
47433,1010,45.0,824.0,36,10.363636363,8,1,1.0,36
47434,1690,69.0,1424.0,43,10.4,9,0,1.0,49
47435,1099,191.0,850.0,31,8.060408,3,1,1.0,12
47436,34,9.0,21.0,278,0.0,0,0,1.0,0
47437,945,134.0,775.0,31,7.0388,7,0,0.98925,5
47438,110,23.0,82.0,87,0.0,0,0,0.0,0
47439,858,51.0,693.0,31,9.767011363,7,0,1.0,23
47440,807,36.0,645.0,36,8.518226818,9,0,1.0,27
47441,279,9.0,238.0,31,7.14646375,6,0,1.0,5
47442,67,7.0,52.0,228,0.0,0,0,0.95652,0
47443,929,56.0,745.0,42,9.875420909,9,1,0.99519,28
47444,3459,533.0,2507.0,31,9.009151818,10,3,1.0,31
47445,746,131.0,561.0,190,0.0,1,0,1.0,0
47446,687,33.0,555.0,56,9.8760605,7,0,0.98485,21
47447,641,31.0,518.0,42,6.539914545,5,0,0.9881,22
47448,978,75.0,823.0,42,6.9644325,4,0,0.98592,18
47449,650,17.0,530.0,80,10.096007272,7,0,1.0,24
47450,1328,148.0,1074.0,31,10.11111125,4,0,0.98529,25
47451,688,357.0,321.0,43,9.0,0,0,1.0,1
47453,1193,135.0,948.0,42,9.515039545,3,0,0.98361,24
47454,8,1.0,3.0,278,0.0,0,0,0.0,0
47455,892,37.0,744.0,31,10.3358025,9,0,0.99441,24
47456,889,75.0,724.0,70,9.52862,7,0,1.0,20
47457,751,84.0,588.0,31,8.451375,7,1,1.0,15
47458,659,41.0,528.0,31,9.359708,4,0,1.0,18
47459,49,7.0,37.0,262,0.0,0,0,0.0,0
47460,1050,49.0,896.0,36,9.675540454,10,1,1.0,22
47461,422,25.0,344.0,42,8.147185714,2,0,0.99412,11
47462,9,1.0,8.0,263,0.0,0,0,0.0,0
47463,2122,177.0,1767.0,28,10.202693181,10,0,1.0,44
47464,760,39.0,623.0,79,9.389796363,9,0,1.0,20
47465,1494,149.0,1226.0,39,10.04315909,8,1,1.0,26
47466,1058,181.0,859.0,69,4.047813333,3,0,1.0,3
47468,860,46.0,723.0,36,9.069982727,9,0,1.0,19
47469,1712,156.0,1389.0,38,8.643925909,8,0,0.94488,41
47470,520,32.0,414.0,69,8.192996,1,0,1.0,17
47472,1115,106.0,853.0,9,9.886083181,9,0,1.0,42
47473,846,44.0,692.0,42,9.740400909,9,1,1.0,24
47474,859,26.0,735.0,31,9.122345,10,0,1.0,19
47475,820,34.0,645.0,43,10.363636363,9,0,1.0,41
47477,227,24.0,194.0,192,0.0,1,0,1.0,0
47478,802,54.0,655.0,39,10.268135909,8,0,1.0,19
47479,8,1.0,3.0,273,0.0,0,0,0.0,0
47480,122,12.0,106.0,89,0.0,0,0,0.5,0
47482,1027,83.0,909.0,42,8.419753333,3,1,1.0,7
47483,1694,179.0,1356.0,31,9.842104285,7,0,0.96774,33
47484,665,22.0,484.0,37,8.566911,6,0,1.0,38
47485,1222,78.0,1018.0,31,9.934343181,10,0,1.0,26
47486,219,9.0,204.0,92,0.0,2,0,1.0,0
47487,370,76.0,280.0,42,0.0,0,0,0.0,0
47488,1087,82.0,875.0,31,10.209774545,4,0,1.0,31
47489,1383,118.0,1108.0,77,10.2319195,6,1,1.0,34
47490,752,41.0,623.0,31,8.162214444,8,0,0.995,18
47491,375,30.0,336.0,151,0.0,0,0,1.0,0
47492,1409,130.0,1132.0,31,9.511223181,10,0,1.0,39
47493,803,77.0,642.0,15,10.045455,5,0,0.99425,18
47495,816,113.0,585.0,31,6.014581428,3,0,1.0,19
47496,473,16.0,370.0,36,8.453453181,5,0,1.0,19
47497,585,22.0,463.0,43,6.801881666,9,0,1.0,21
47498,3429,58.0,3210.0,35,10.363636363,10,1,1.0,36
47499,15,2.0,8.0,278,0.0,0,0,0.0,0
47500,773,36.0,636.0,31,8.682498181,10,0,1.0,19
47501,2232,247.0,1870.0,41,7.80919409,7,1,1.0,21
47502,1205,144.0,945.0,42,7.028482727,2,0,0.99291,28
47503,2184,200.0,1832.0,31,9.177912,9,1,1.0,38
47505,873,44.0,713.0,21,9.54769909,6,0,1.0,29
47506,53,8.0,40.0,228,0.0,0,0,0.5,0
47507,1570,147.0,1278.0,31,10.272727272,8,0,1.0,34
47508,869,37.0,732.0,43,9.391868181,6,0,1.0,21
47510,1078,139.0,893.0,31,4.060606,5,0,1.0,3
47511,993,71.0,822.0,31,9.262633636,7,0,0.99015,21
47512,797,28.0,642.0,42,9.30297909,10,1,1.0,31
47513,1066,118.0,822.0,29,8.512227727,4,1,0.99,21
47514,466,37.0,342.0,42,7.159838823,1,0,0.96721,21
47515,57,5.0,48.0,204,0.0,0,0,1.0,0
47516,540,30.0,424.0,36,7.588620909,6,0,1.0,19
47517,1435,155.0,1136.0,31,9.631371818,4,0,0.87097,39
47518,151,8.0,123.0,42,6.521886666,0,0,1.0,4
47519,1069,69.0,878.0,76,10.042421818,9,1,1.0,27
47520,660,32.0,508.0,42,9.242995454,4,0,0.98529,24
47521,38,8.0,26.0,214,0.0,0,0,1.0,0
47522,192,31.0,158.0,187,0.0,0,0,0.0,0
47523,143,15.0,127.0,101,0.0,0,0,0.0,0
47524,1089,133.0,806.0,31,10.185184545,10,0,1.0,37
47525,29,5.0,19.0,252,0.0,0,0,0.0,0
47526,2541,245.0,2105.0,30,10.272727272,5,1,0.99497,47
47527,816,29.0,687.0,31,9.048995454,5,0,0.99462,19
47528,850,70.0,661.0,55,9.745566818,0,0,1.0,30
47529,581,55.0,438.0,37,3.71477409,5,0,1.0,19
47530,162,9.0,145.0,230,7.0,0,0,0.95652,1
47531,490,72.0,407.0,57,0.0,0,0,1.0,0
47532,1281,88.0,1038.0,31,8.933042727,10,0,0.97949,34
47533,224,7.0,177.0,56,8.813590909,4,0,1.0,8
47534,192,16.0,165.0,240,7.0,2,0,1.0,1
47535,1651,76.0,1394.0,31,10.14141409,2,1,1.0,38
47537,245,25.0,207.0,249,0.0,0,0,1.0,0
47538,1488,157.0,1239.0,31,8.95096619,5,0,0.99448,19
47539,1505,124.0,1263.0,31,9.798489545,8,0,1.0,23
47540,475,12.0,374.0,42,7.638717647,8,0,1.0,15
47541,106,8.0,83.0,31,1.75084,0,0,0.83333,2
47542,163,21.0,122.0,232,10.0,0,0,0.875,2
47543,1324,89.0,1113.0,31,9.436486363,10,0,1.0,28
47544,623,58.0,478.0,42,7.404748095,1,0,1.0,18
47546,1278,97.0,1038.0,39,9.562626818,10,0,1.0,30
47547,1593,179.0,1266.0,30,10.134068181,8,0,1.0,33
47548,517,35.0,430.0,42,7.0,7,1,1.0,1
47549,1279,159.0,1026.0,31,9.44742409,5,1,0.99485,20
47551,818,34.0,691.0,31,7.85167,7,0,0.99512,19
47552,116,15.0,100.0,188,0.0,0,0,0.66667,0
47553,1012,80.0,826.0,42,8.455617272,10,0,0.99505,24
47554,1023,54.0,802.0,31,10.01678409,11,0,1.0,48
47556,560,35.0,443.0,36,8.7743855,6,0,1.0,18
47558,1786,91.0,1588.0,42,9.151335909,11,0,1.0,19
47559,803,39.0,657.0,42,9.238758095,6,0,1.0,25
47560,852,30.0,650.0,37,10.363636363,10,0,1.0,49
47562,1287,192.0,1007.0,31,9.069336315,8,0,1.0,18
47563,750,37.0,626.0,31,8.960317142,5,0,1.0,18
47564,583,24.0,466.0,43,7.960077857,4,0,1.0,20
47565,629,19.0,512.0,42,9.636980454,7,0,1.0,23
47566,811,42.0,652.0,31,8.826021818,10,0,1.0,26
47567,1034,72.0,796.0,31,10.10101,9,0,1.0,32
47568,1082,83.0,881.0,56,9.030860454,5,0,0.97826,26
47569,638,34.0,509.0,61,9.132435,8,0,0.99517,19
47571,1263,156.0,1022.0,37,8.76551,5,0,0.99394,19
47573,285,18.0,258.0,65,6.0,2,0,1.0,1
47575,416,103.0,289.0,184,0.0,0,0,0.0,0
47576,880,78.0,713.0,35,9.401235,6,0,1.0,19
47577,177,11.0,153.0,65,2.45118,0,0,0.89474,1
47578,10,2.0,4.0,278,0.0,0,0,0.0,0
47581,1943,198.0,1593.0,42,9.626583636,7,0,0.99505,41
47582,1569,111.0,1315.0,42,10.363636363,10,0,1.0,29
47583,1049,73.0,822.0,26,10.035914545,11,0,1.0,41
47584,1491,161.0,1140.0,31,10.4,9,0,1.0,39
47585,92,8.0,75.0,78,3.151516666,0,0,1.0,1
47586,864,42.0,707.0,30,8.976833636,6,0,1.0,26
47587,864,94.0,660.0,88,9.895286363,3,0,0.9845,24
47588,551,41.0,398.0,31,9.022233,4,0,0.96875,21
47589,522,36.0,397.0,42,8.66779909,8,0,1.0,19
47592,609,82.0,494.0,40,2.10101,6,0,0.94203,1
47593,20,3.0,12.0,278,0.0,0,0,0.0,0
47595,963,74.0,776.0,31,9.507855909,11,0,0.99517,24
47596,623,32.0,500.0,31,6.368191363,7,0,1.0,20
47598,907,63.0,711.0,42,9.8290795,9,0,1.0,37
47600,860,58.0,684.0,42,9.141475,9,0,1.0,25
47601,154,7.0,139.0,263,6.0,0,0,0.75,1
47602,1444,147.0,1187.0,31,9.351799473,8,1,0.99517,17
47603,1818,221.0,1425.0,31,10.4,10,0,1.0,32
47604,1049,99.0,674.0,24,10.25074,6,0,1.0,70
47606,121,10.0,104.0,206,0.0,0,0,1.0,0
47607,1683,143.0,1376.0,31,10.363636363,11,0,1.0,35
47608,471,27.0,336.0,42,7.923045238,0,0,0.96667,26
47609,1277,156.0,974.0,31,9.24972909,9,1,1.0,19
47610,828,31.0,695.0,31,9.322270454,6,0,1.0,22
47611,27,5.0,17.0,192,0.0,0,0,0.0,0
47612,1015,47.0,853.0,43,9.076540909,5,1,0.98985,24
47615,1530,141.0,1223.0,31,9.74264909,10,0,1.0,36
47616,927,59.0,749.0,31,9.604697727,7,0,0.99167,26
47617,1307,127.0,1026.0,31,8.290403,5,0,1.0,18
47618,860,75.0,683.0,31,9.833741818,1,0,0.99515,24
47619,524,22.0,407.0,42,9.987552727,5,0,1.0,21
47620,1462,188.0,1172.0,31,9.239338,7,0,1.0,18
47621,727,38.0,642.0,42,7.575308888,1,0,1.0,9
47622,554,38.0,422.0,34,9.730746666,11,1,1.0,18
47623,134,9.0,117.0,223,0.0,1,0,0.5,0
47624,1718,127.0,1418.0,34,10.363636363,9,2,1.0,36
47625,1485,125.0,1266.0,42,9.193785909,12,1,1.0,19
47626,782,37.0,625.0,39,8.597041818,6,0,1.0,30
47628,1627,217.0,1257.0,34,8.581825454,6,1,0.95,24
47629,1880,172.0,1412.0,21,10.02760909,3,1,0.57143,73
47630,518,56.0,446.0,188,8.0,5,2,1.0,1
47631,58,8.0,42.0,247,0.0,0,0,0.0,0
47632,884,40.0,744.0,34,9.729517272,12,1,1.0,20
47633,541,24.0,432.0,34,9.0226715,6,9,0.98592,19
47634,1335,151.0,1096.0,34,9.8061725,9,0,0.9951,19
47635,731,127.0,546.0,34,6.8658,1,0,1.0,6
47636,1125,123.0,884.0,42,9.415263636,5,0,1.0,28
47638,1098,60.0,911.0,39,9.281435,7,2,0.99405,26
47639,888,78.0,708.0,42,9.961738636,6,0,0.9875,24
47640,857,95.0,659.0,37,9.06633,5,0,0.97059,26
47641,706,78.0,583.0,34,7.775420833,1,0,0.98601,9
47642,840,63.0,683.0,7,9.341178,2,0,0.66667,20
47643,873,61.0,701.0,34,9.700336818,10,0,0.99497,23
47644,195,19.0,169.0,34,0.0,1,0,1.0,0
47646,624,43.0,498.0,40,8.7821185,6,0,1.0,18
47647,64,8.0,46.0,279,0.0,0,0,1.0,0
47649,1341,174.0,1015.0,34,9.471665454,7,0,0.99474,36
47651,499,27.0,348.0,34,10.4,4,0,1.0,31
47652,1546,196.0,1201.0,23,10.09090909,7,0,0.99515,33
47653,411,10.0,243.0,43,10.018462,3,0,0.98851,43
47654,371,24.0,258.0,34,8.34004,1,0,1.0,18
47655,321,19.0,223.0,42,9.467907368,6,0,0.94118,17
47656,188,21.0,152.0,188,10.0,2,0,1.0,1
47657,1176,174.0,878.0,22,9.8921105,1,0,0.91667,24
47658,475,34.0,372.0,34,8.124002857,3,1,0.98182,14
47659,1600,202.0,1263.0,34,10.1271605,7,0,0.88889,26
47660,1445,82.0,1233.0,42,10.14870909,8,2,0.99515,31
47662,356,37.0,309.0,188,0.0,1,0,1.0,0
47663,398,24.0,289.0,34,9.5048825,7,0,1.0,18
47664,802,97.0,607.0,34,9.326395909,8,0,1.0,19
47665,832,127.0,689.0,34,0.700336666,1,0,1.0,1
47666,607,29.0,499.0,39,9.408148,2,0,0.9697,18
47667,1242,123.0,942.0,34,10.258765,7,0,1.0,44
47668,621,91.0,528.0,188,0.0,1,0,1.0,0
47670,521,25.0,405.0,34,7.711141578,9,0,0.98404,17
47671,485,20.0,377.0,43,8.6182685,7,0,1.0,20
47672,398,36.0,347.0,213,0.0,1,1,0.91667,0
47673,10,1.0,5.0,279,0.0,0,0,0.0,0
47674,786,60.0,621.0,34,8.725313684,1,0,0.98864,26
47675,674,81.0,520.0,34,8.647763684,2,0,1.0,16
47676,530,31.0,487.0,188,0.0,2,0,1.0,0
47677,806,31.0,606.0,34,9.7536465,5,0,0.28571,50
47678,748,109.0,548.0,34,8.85507,5,0,1.0,18
47679,521,45.0,463.0,187,0.0,2,0,1.0,0
47681,143,22.0,106.0,188,8.0,1,0,0.96774,1
47682,616,67.0,467.0,34,7.987172777,2,0,1.0,19
47683,27,1.0,26.0,259,0.0,0,0,0.0,0
47686,857,50.0,700.0,37,8.384393636,9,1,0.99029,23
47688,52,5.0,43.0,278,0.0,0,0,0.0,0
47689,51,7.0,40.0,273,0.0,0,0,0.0,0
47690,494,31.0,377.0,34,9.058709,6,0,0.72727,18
47691,586,30.0,407.0,37,9.0426805,1,0,0.95556,38
47692,2268,304.0,1729.0,20,10.134018,5,0,0.93902,28
47693,15,3.0,8.0,279,0.0,0,0,0.0,0
47695,1450,256.0,1152.0,34,7.691198571,2,0,0.33333,6
47696,1400,169.0,1122.0,34,9.598387272,7,2,0.99476,22
47697,1306,151.0,992.0,34,10.4,4,0,0.88889,36
47698,1021,96.0,810.0,34,10.4,3,0,0.96129,27
47699,1835,206.0,1368.0,37,10.2949495,4,0,0.92157,68
47700,719,66.0,560.0,34,9.267636363,1,0,1.0,21
47701,1211,207.0,823.0,34,9.137945454,4,0,0.9434,20
47706,1504,218.0,1147.0,43,9.6181445,4,0,1.0,23
47708,1114,160.0,862.0,34,8.693667142,7,1,1.0,18
47709,57,6.0,50.0,36,0.0,0,0,0.0,0
47710,195,34.0,153.0,34,5.0,1,0,0.875,1
47711,1112,61.0,948.0,71,9.524130416,8,2,0.98361,21
47712,1201,174.0,842.0,34,9.112692727,2,0,0.9898,32
47713,1036,54.0,855.0,34,10.0,7,0,0.99,29
47714,223,30.0,187.0,149,0.0,0,0,0.33333,0
47715,668,80.0,515.0,42,7.775925833,2,0,0.81818,10
47716,1295,127.0,1085.0,33,7.424278,1,0,1.0,18
47717,1454,148.0,1157.0,34,9.976734,9,0,0.99048,40
47719,1133,126.0,916.0,34,9.340011,4,3,0.99065,21
47720,676,59.0,508.0,42,8.649744583,2,0,0.98592,29
47721,1048,100.0,859.0,59,9.365172631,2,1,0.975,21
47722,945,112.0,790.0,99,6.022896666,1,0,0.66667,6
47723,494,37.0,388.0,34,8.71419,3,0,0.9902,14
47724,518,45.0,432.0,34,7.747475555,1,0,0.96429,7
47725,2039,229.0,1611.0,34,10.011111363,9,0,1.0,39
47726,874,101.0,662.0,42,7.005495263,1,0,1.0,23
47727,1189,170.0,973.0,42,7.36995,1,0,0.98592,6
47730,1982,279.0,1512.0,21,9.854321,5,0,1.0,41
47731,588,32.0,460.0,42,8.0377395,4,0,0.9932,23
47732,333,10.0,246.0,76,8.833151052,3,0,1.0,17
47733,675,80.0,581.0,188,9.0,1,0,1.0,2
47734,1341,74.0,1085.0,34,10.0381595,8,0,1.0,47
47735,611,35.0,481.0,34,9.3185005,1,0,1.0,22
47736,12,2.0,10.0,233,0.0,0,0,0.0,0
47738,6,1.0,5.0,999,0.0,0,0,0.0,0
47739,22,5.0,13.0,279,0.0,0,0,1.0,0
47742,11,2.0,5.0,279,0.0,0,0,0.0,0
47743,19,3.0,11.0,279,0.0,0,0,0.0,0
47745,1172,89.0,989.0,34,8.973186363,8,1,0.99507,20
47746,1980,191.0,1579.0,36,10.018024,3,0,0.95789,53
47748,10,2.0,4.0,279,0.0,0,0,0.0,0
47749,802,101.0,616.0,35,9.440465909,2,0,1.0,20
47751,15,4.0,7.0,279,0.0,0,0,0.0,0
47752,632,68.0,485.0,34,5.232215,3,0,0.99457,17
47753,1179,82.0,1005.0,34,9.308463181,10,0,0.99043,20
47754,1233,89.0,940.0,34,9.598204545,6,0,1.0,48
47755,945,98.0,719.0,34,8.616406363,5,0,1.0,31
47756,955,62.0,681.0,34,10.25074,8,0,1.0,47
47759,6,1.0,3.0,279,0.0,0,0,0.0,0
47760,44,4.0,32.0,279,0.0,0,0,0.0,0
47761,406,41.0,280.0,42,9.1137155,4,0,1.0,18
47763,1432,158.0,1029.0,34,9.777165454,7,1,0.98901,50
47764,15,2.0,9.0,210,0.0,0,0,0.0,0
47766,1099,142.0,875.0,34,8.869088947,1,0,1.0,17
47767,2116,204.0,1716.0,34,9.624226818,4,0,0.99061,49
47768,2189,264.0,1728.0,34,10.363636363,6,0,0.98964,45
47769,302,34.0,262.0,171,0.0,1,0,0.81818,0
47771,777,70.0,620.0,34,9.5490915,4,0,0.98378,18
47772,10,1.0,6.0,279,0.0,0,0,0.0,0
47774,125,5.0,115.0,221,0.0,1,0,1.0,0
47775,1554,150.0,1154.0,16,10.4,6,2,0.99448,61
47776,184,31.0,146.0,187,0.0,0,0,0.75,0
47777,913,75.0,747.0,34,8.536373181,8,0,1.0,20
47778,643,70.0,480.0,37,9.4101905,1,0,0.5,19
47780,359,32.0,307.0,185,9.0,6,0,0.97368,2
47781,577,43.0,444.0,34,8.2497165,5,0,0.99462,19
47782,1381,61.0,1070.0,39,13.541666666,9,11,1.0,72
47784,957,57.0,757.0,35,11.567077916,4,1,0.95349,38
47785,1438,144.0,1151.0,30,12.833333333,9,1,1.0,31
47786,751,40.0,602.0,35,11.19311625,7,1,1.0,24
47787,1007,88.0,821.0,39,12.396249166,8,1,1.0,21
47788,1426,164.0,1118.0,22,12.375,9,1,0.77143,29
47789,586,103.0,461.0,37,14.0,1,0,0.125,2
47791,780,53.0,628.0,35,12.155135652,9,1,0.99379,20
47792,821,136.0,650.0,106,18.75,2,1,1.0,3
47793,1146,45.0,927.0,35,12.76763625,8,1,0.98592,40
47794,329,35.0,288.0,260,0.0,0,0,0.0,0
47795,997,72.0,811.0,35,12.386259565,8,0,1.0,21
47796,433,40.0,379.0,105,18.666666666,2,1,1.0,2
47797,747,52.0,641.0,35,10.410421428,4,1,1.0,11
47798,869,64.0,668.0,35,12.377101666,9,1,0.98936,22
47799,1758,119.0,1450.0,26,11.210076086,9,2,1.0,39
47800,820,65.0,624.0,35,12.529526666,7,1,1.0,25
47801,12,1.0,7.0,279,0.0,0,0,0.0,0
47803,33,3.0,26.0,273,0.0,0,0,0.0,0
47805,1232,76.0,1049.0,39,13.26898625,9,1,0.99371,24
47806,1109,83.0,908.0,35,12.69253375,5,0,0.83333,28
47807,2074,112.0,1862.0,35,11.846760833,9,1,1.0,21
47808,34,2.0,28.0,273,0.0,0,0,1.0,0
47809,1334,194.0,969.0,40,12.817545833,3,0,1.0,25
47810,17,3.0,10.0,273,0.0,0,0,0.0,0
47811,1432,153.0,1180.0,37,10.627385217,7,0,0.99479,22
47813,1297,170.0,980.0,35,10.324715,4,1,0.97,21
47814,1710,175.0,1436.0,39,12.157093333,6,1,0.99448,23
47815,1240,97.0,1025.0,38,9.358863333,8,0,0.995,24
47816,1959,213.0,1473.0,22,12.898147916,7,1,0.93407,46
47817,962,68.0,777.0,36,11.538543333,5,6,0.98361,24
47818,2443,241.0,2061.0,39,13.791666666,9,1,1.0,34
47819,1095,157.0,893.0,35,13.345599285,0,0,0.93103,11
47820,718,32.0,569.0,44,13.208333333,5,0,1.0,28
47821,1838,130.0,1667.0,35,13.24619909,7,1,1.0,8
47822,11,2.0,5.0,279,0.0,0,0,0.0,0
47823,1560,233.0,1229.0,35,9.505232173,5,1,0.99,21
47825,3,1.0,2.0,999,0.0,0,0,0.0,0
47826,911,101.0,784.0,66,10.650792857,2,0,0.75,4
47827,2990,357.0,2458.0,35,12.625,7,1,1.0,47
47829,1692,141.0,1460.0,35,12.818791304,7,0,0.95455,21
47830,2048,229.0,1699.0,35,11.745380416,9,1,0.99482,26
47831,2144,261.0,1685.0,35,12.583333333,8,3,0.85,34
47832,682,32.0,555.0,39,11.725654583,8,1,1.0,21
47833,14,1.0,9.0,279,0.0,0,0,0.0,0
47834,430,27.0,361.0,39,10.681819166,2,0,0.98324,9
47839,37,6.0,27.0,279,0.0,0,0,1.0,0
47840,1533,145.0,1274.0,35,10.164824545,9,0,1.0,20
47841,442,50.0,372.0,42,5.525251666,2,1,0.95652,3
47842,1284,108.0,1026.0,35,12.850720416,9,0,0.99487,39
47843,599,31.0,547.0,149,17.75,2,2,1.0,3
47844,849,35.0,735.0,35,11.5295285,5,2,1.0,19
47846,59,6.0,49.0,251,0.0,0,0,1.0,0
47847,324,47.0,261.0,43,19.333333333,1,0,1.0,2
47848,1169,241.0,905.0,69,17.636364285,2,1,1.0,4
47849,2150,193.0,1740.0,35,11.394444166,9,1,0.99474,52
47850,1129,119.0,913.0,39,11.76867,7,0,1.0,21
47851,745,99.0,618.0,39,24.75,6,2,0.75,3
47852,447,54.0,360.0,35,24.25,2,1,0.85714,3
47853,1190,168.0,924.0,35,10.748420869,6,1,0.9774,21
47855,24,4.0,15.0,279,0.0,0,0,0.0,0
47857,576,71.0,427.0,35,9.454545454,0,0,0.98864,15
47858,941,52.0,699.0,35,11.311969565,9,1,0.99492,44
47859,1097,117.0,835.0,35,12.055652916,6,1,0.98942,28
47862,2558,254.0,1959.0,33,13.875,9,1,1.0,56
47863,1724,226.0,1320.0,35,12.982154583,7,1,1.0,38
47866,1859,139.0,1596.0,35,12.388754583,9,1,1.0,27
47867,852,33.0,723.0,34,12.358697916,8,1,1.0,21
47869,585,55.0,508.0,81,16.25,2,0,0.8,3
47870,3330,422.0,2415.0,35,13.449915833,6,1,0.99471,29
47871,936,68.0,847.0,106,30.5,2,1,1.0,3
47872,1588,159.0,1319.0,42,11.870912173,9,1,0.99495,25
47873,1534,210.0,1214.0,35,12.830300833,9,1,1.0,22
47875,1284,127.0,1026.0,39,11.804729583,7,0,0.875,35
47876,1065,94.0,858.0,39,11.1667225,7,1,0.97826,25
47877,607,47.0,497.0,34,11.576832352,1,0,0.98765,14
47878,2192,230.0,1782.0,37,12.631313181,9,1,1.0,34
47879,757,139.0,593.0,169,26.666666666,0,0,0.75,2
47881,1504,162.0,1212.0,35,11.107519583,9,1,1.0,33
47883,580,38.0,506.0,56,11.663523333,2,1,0.98148,6
47885,919,51.0,752.0,59,13.412149166,2,1,1.0,22
47887,1339,106.0,1140.0,35,9.480808,6,4,1.0,19
47888,1494,131.0,1260.0,35,11.697325217,8,1,1.0,22
47889,1074,77.0,866.0,39,12.700624166,9,1,1.0,30
47890,102,11.0,82.0,199,11.0,0,0,1.0,1
47893,1617,189.0,1277.0,35,12.8606525,9,1,1.0,30
47894,1574,147.0,1328.0,31,10.734267916,7,0,0.98387,22
47895,996,72.0,831.0,30,10.791965833,6,0,1.0,21
47897,659,78.0,555.0,35,14.0,1,0,1.0,2
47898,1723,146.0,1431.0,36,12.73940375,9,1,1.0,32
47899,501,43.0,450.0,35,0.0,2,1,0.66667,0
47900,1146,114.0,925.0,35,9.393724782,9,0,0.92593,22
47901,309,25.0,268.0,123,17.75,2,1,1.0,3
47902,374,36.0,330.0,189,29.0,1,0,1.0,1
47904,1169,81.0,951.0,35,13.017589583,9,0,0.27273,31
47905,1471,166.0,1092.0,35,11.291666666,9,2,1.0,52
47906,18,2.0,12.0,279,0.0,0,0,0.0,0
47908,1728,276.0,1336.0,35,9.94267647,9,0,0.99495,20
47909,542,24.0,417.0,39,8.281930434,8,0,0.85714,20
47910,1261,121.0,1048.0,36,9.83948909,7,0,1.0,19
47911,47,2.0,41.0,277,0.0,0,0,0.0,0
47912,1683,189.0,1382.0,35,13.417945416,6,2,0.97468,26
47913,377,21.0,336.0,203,29.0,2,1,1.0,3
47914,1717,255.0,1271.0,35,11.09296826,8,1,1.0,22
47916,897,45.0,709.0,35,11.542350434,9,1,1.0,32
47917,178,10.0,162.0,278,0.0,0,0,1.0,0
47918,1325,74.0,1121.0,39,13.479377083,8,1,0.99291,30
47919,1393,126.0,1092.0,35,12.570482916,6,3,1.0,44
47920,2133,252.0,1694.0,35,13.75,8,1,0.99355,36
47921,1071,141.0,827.0,30,10.458713913,2,1,0.66667,24
47922,1455,228.0,1078.0,21,9.515200434,7,0,0.93103,20
47923,1053,77.0,877.0,38,13.518939583,9,5,1.0,21
47925,2165,229.0,1812.0,35,13.08415625,8,1,0.9,26
47926,1907,260.0,1414.0,35,13.301187916,9,1,0.98864,26
47929,1586,169.0,1289.0,31,9.01287875,8,0,0.82353,21
47930,1441,269.0,1036.0,204,21.0,1,1,0.75,3
47931,1410,196.0,1046.0,39,11.887034166,1,1,0.33333,28
47933,991,54.0,809.0,35,11.173913043,2,1,0.33333,31
47934,1102,102.0,900.0,37,9.577647083,8,1,1.0,21
47935,1075,87.0,891.0,35,12.656743333,8,0,0.68421,21
47937,1102,98.0,833.0,36,10.259795652,0,0,0.25,41
47938,991,79.0,780.0,37,8.508684545,7,1,0.99471,28
47939,652,53.0,454.0,22,10.057335555,2,1,0.98958,30
47940,1277,137.0,1042.0,36,9.722836363,6,3,1.0,21
47941,435,17.0,336.0,43,9.344444545,0,0,0.95833,20
47942,2008,241.0,1569.0,36,8.678475238,7,0,0.71429,26
47943,508,39.0,386.0,35,6.087239,5,0,1.0,18
47944,937,144.0,774.0,90,10.0,0,0,1.0,3
47945,1236,126.0,953.0,37,10.607312307,7,0,1.0,37
47946,1022,57.0,828.0,43,9.327609,2,0,0.9,23
47947,1215,138.0,952.0,36,9.35065826,8,0,0.99485,26
47948,1359,170.0,1066.0,31,9.332553157,3,0,1.0,27
47949,918,67.0,734.0,36,9.7992,6,0,0.98765,25
47950,1293,116.0,1001.0,32,10.782608695,9,0,0.98507,48
47952,2511,311.0,2037.0,24,8.565470833,8,0,1.0,40
47954,32,7.0,21.0,276,0.0,0,0,1.0,0
47955,1502,176.0,1235.0,42,9.6171045,0,0,0.98765,21
47956,1141,75.0,970.0,37,9.787329565,8,0,1.0,21
47957,1243,18.0,1092.0,42,10.315619565,8,0,1.0,30
47958,889,112.0,698.0,35,8.589296875,1,0,1.0,14
47959,177,17.0,155.0,188,0.0,0,0,0.0,0
47960,1129,111.0,921.0,35,9.345152173,6,0,0.98773,21
47961,644,83.0,546.0,87,12.0,2,1,1.0,3
47962,103,6.0,88.0,279,0.0,0,0,0.0,0
47963,1547,683.0,774.0,35,10.422222272,6,0,0.83333,20
47965,1761,237.0,1273.0,36,9.707246086,4,0,0.99476,29
47966,756,46.0,592.0,43,9.877770434,0,0,0.99485,28
47967,1049,105.0,821.0,42,9.33530913,8,0,0.97143,25
47968,1310,203.0,951.0,36,10.099409565,8,0,1.0,24
47969,753,134.0,596.0,74,10.0,2,1,1.0,1
47970,1593,237.0,1200.0,36,10.695652173,7,0,1.0,32
47971,686,114.0,550.0,31,0.0,1,0,0.94118,0
47972,7,1.0,3.0,279,0.0,0,0,0.0,0
47974,2177,200.0,1748.0,36,10.179338695,8,0,1.0,57
47975,775,135.0,595.0,188,12.0,2,0,1.0,6
47977,847,124.0,638.0,42,9.057799565,0,0,1.0,20
47978,818,113.0,617.0,35,9.746198947,3,0,0.91304,16
47979,92,10.0,73.0,233,0.0,0,0,0.0,0
47980,1823,260.0,1427.0,36,9.934833478,5,0,1.0,28
47981,830,118.0,606.0,64,8.137562727,0,1,1.0,24
47982,1003,215.0,698.0,39,8.308972727,4,0,0.90909,19
47983,1753,162.0,1465.0,36,8.393991818,8,1,1.0,31
47984,814,94.0,633.0,35,9.05247409,0,0,1.0,19
47985,2002,260.0,1569.0,26,10.666666666,9,0,1.0,38
47986,1216,101.0,984.0,42,10.19318826,7,0,1.0,26
47987,205,6.0,122.0,35,9.372548,0,0,0.0,19
47988,1296,124.0,1057.0,36,9.849012173,6,0,1.0,26
47989,734,37.0,584.0,42,9.981854782,7,0,0.99479,26
47990,896,43.0,681.0,36,10.063815,6,2,0.98765,50
47991,17,2.0,9.0,279,0.0,0,0,1.0,0
47992,1465,171.0,1088.0,32,10.29629625,6,0,0.99468,52
47993,1462,204.0,1035.0,36,10.078855652,1,0,0.97222,32
47994,54,9.0,40.0,279,0.0,0,0,1.0,0
47995,1122,155.0,823.0,27,9.751322857,2,0,1.0,21
47996,965,142.0,670.0,36,9.78838909,1,0,0.99485,19
47997,1032,102.0,808.0,42,9.198294583,1,0,1.0,21
47999,741,84.0,638.0,125,6.0,0,0,0.0,1
48001,972,106.0,762.0,43,10.341486,4,0,0.98718,23
48002,763,46.0,584.0,42,10.156696666,7,0,1.0,30
48003,2026,195.0,1681.0,13,10.187924347,4,2,0.99474,35
48004,942,57.0,754.0,42,11.214386923,9,1,0.98864,30
48005,1785,265.0,1433.0,36,10.5235644,7,1,1.0,19
48006,213,7.0,120.0,36,10.4,1,0,0.94444,19
48007,1351,133.0,1099.0,36,9.147133913,5,0,0.98969,21
48008,445,55.0,381.0,223,0.0,0,0,0.0,0
48009,2171,298.0,1658.0,36,10.608695652,9,1,1.0,30
48010,843,94.0,710.0,35,4.5396825,0,0,1.0,2
48012,1904,217.0,1532.0,36,8.018931739,4,0,0.98765,36
48013,968,106.0,775.0,36,8.80879,2,0,1.0,16
48014,587,47.0,438.0,36,10.257004782,6,1,0.96296,23
48015,1301,141.0,1068.0,36,8.935301818,0,0,1.0,19
48016,1092,139.0,821.0,36,9.484126521,9,0,0.99405,21
48017,2320,270.0,1900.0,36,11.5,9,1,1.0,34
48018,1975,234.0,1555.0,36,9.580185217,3,1,1.0,42
48019,1625,248.0,1214.0,35,9.856735909,0,0,0.92727,29
48020,783,67.0,606.0,36,10.018465217,7,0,1.0,23
48021,443,20.0,305.0,36,10.1913585,0,0,0.66667,31
48022,1116,147.0,852.0,36,9.764708518,6,1,1.0,21
48023,2029,169.0,1567.0,35,10.1624685,1,0,0.66667,111
48025,1317,200.0,1009.0,36,6.08651,3,0,0.99474,20
48027,42,7.0,29.0,36,0.0,0,0,0.0,0
48028,1562,150.0,1256.0,36,10.091754583,7,0,1.0,38
48029,530,34.0,363.0,36,10.281094545,1,0,0.99465,33
48030,984,71.0,804.0,39,10.315587083,7,1,1.0,24
48031,1445,167.0,1165.0,36,9.889962608,9,0,1.0,21
48032,496,57.0,344.0,36,8.546441333,0,0,0.76923,23
48033,2354,159.0,1926.0,42,10.346660416,6,0,0.99479,41
48034,1699,177.0,1295.0,36,10.173913043,7,0,0.98438,37
48035,1200,57.0,939.0,36,10.155125652,3,1,0.99451,50
48036,1561,133.0,1314.0,35,9.183448181,8,1,1.0,24
48037,642,62.0,479.0,35,9.154341363,0,0,0.94737,22
48039,1817,257.0,1439.0,36,9.746166956,7,1,0.99454,29
48040,1696,201.0,1309.0,1,10.770833333,7,0,1.0,38
48041,1228,118.0,1061.0,36,8.430077777,4,0,1.0,8
48043,347,41.0,302.0,228,0.0,0,0,0.0,0
48044,1004,52.0,811.0,42,10.087542727,8,0,1.0,35
48045,882,82.0,701.0,36,9.309712727,2,3,1.0,22
48046,17,3.0,9.0,279,0.0,0,0,0.0,0
48047,1341,86.0,1098.0,39,10.1318516,8,1,1.0,37
48048,924,113.0,706.0,36,9.296673913,0,0,0.97561,23
48049,792,28.0,608.0,36,10.434782608,5,0,0.97861,43
48050,627,35.0,479.0,42,8.598242692,6,0,1.0,25
48051,8524,95.0,8283.0,42,10.26121875,9,0,1.0,41
48052,466,22.0,366.0,36,8.414740952,3,1,1.0,18
48053,1901,253.0,1418.0,36,8.60678826,8,1,0.99476,20
48054,286,46.0,229.0,36,8.0,2,0,1.0,1
48055,858,47.0,680.0,36,9.964358695,6,0,1.0,31
48057,1940,193.0,1591.0,36,11.096153846,9,0,1.0,33
48058,1331,129.0,1065.0,36,10.06425375,8,0,1.0,23
48059,2040,274.0,1595.0,3,10.534192173,7,0,1.0,42
48060,996,95.0,810.0,36,10.034175,7,0,1.0,20
48061,1035,97.0,845.0,2,10.583333333,4,0,0.98182,22
48062,1225,441.0,680.0,36,8.758813478,8,0,1.0,22
48063,2354,327.0,1879.0,36,10.875,8,0,1.0,32
48065,706,86.0,543.0,34,3.89641,1,0,0.96721,17
48066,1106,79.0,857.0,37,11.04,9,0,0.99479,37
48067,675,89.0,500.0,36,9.11858,1,0,1.0,19
48068,1375,176.0,999.0,37,8.64392,5,0,0.95455,41
48069,953,65.0,745.0,43,10.94,8,0,0.99265,33
48070,1016,91.0,831.0,9,9.638531,0,0,0.17391,21
48071,1364,146.0,1078.0,36,10.682566666,5,1,0.98947,36
48072,373,80.0,268.0,224,0.0,0,0,0.9,0
48073,1113,103.0,892.0,42,9.541013913,8,1,1.0,26
48074,826,86.0,647.0,35,10.090755909,5,2,1.0,20
48077,1960,120.0,1648.0,35,10.4228568,6,0,1.0,52
48078,1758,117.0,1507.0,42,9.739569565,7,1,0.98953,33
48079,628,88.0,463.0,36,5.999955555,0,0,0.0,15
48080,2001,211.0,1611.0,36,10.001241666,7,1,1.0,45
48081,1000,111.0,785.0,35,7.686410476,7,1,1.0,21
48082,263,31.0,226.0,191,0.0,0,0,0.0,0
48083,1000,106.0,777.0,36,10.0751025,8,1,1.0,25
48084,610,33.0,461.0,22,9.915712727,4,0,1.0,28
48085,531,49.0,380.0,43,10.45475,2,0,1.0,22
48086,1888,49.0,1690.0,15,10.916666666,9,1,1.0,34
48087,623,43.0,449.0,36,10.363636363,0,0,1.0,35
48088,85,10.0,71.0,239,0.0,0,0,1.0,0
48089,576,38.0,448.0,42,9.897962608,2,0,0.20408,21
48090,815,131.0,625.0,36,9.096375882,1,0,0.5,14
48091,752,39.0,602.0,42,8.944065652,4,1,0.97959,21
48092,154,29.0,117.0,224,0.0,0,0,0.0,0
48094,1732,200.0,1310.0,25,10.275516086,4,0,1.0,54
48095,737,66.0,567.0,36,9.437521739,2,0,1.0,21
48096,924,154.0,693.0,36,8.550595,0,0,1.0,14
48097,795,96.0,597.0,42,10.079595217,5,0,1.0,24
48098,1741,173.0,1455.0,36,11.306394814,7,1,1.0,22
48099,1555,87.0,1336.0,42,9.847097727,5,0,0.99296,30
48100,1150,102.0,914.0,38,11.12,8,1,1.0,32
48102,1829,232.0,1474.0,36,9.6532884,8,0,1.0,26
48103,886,89.0,700.0,36,10.608695652,5,1,1.0,22
48104,1600,156.0,1312.0,27,10.057819166,8,1,1.0,28
48105,3766,146.0,3426.0,25,9.894736842,1,0,0.97196,56
48106,2370,284.0,1900.0,9,12.0,9,1,1.0,36
48108,980,71.0,778.0,42,9.681534583,7,1,1.0,27
48109,26,3.0,19.0,279,0.0,0,0,0.0,0
48110,768,80.0,584.0,36,9.673202941,1,0,1.0,26
48111,1804,164.0,1494.0,36,10.094179047,7,1,0.97778,30
48112,151,10.0,134.0,173,0.0,0,0,1.0,0
48114,194,25.0,162.0,260,0.0,0,0,0.0,0
48115,1377,127.0,1144.0,36,8.579410869,7,1,1.0,23
48116,1554,100.0,1205.0,36,10.478260869,7,1,0.99482,84
48117,2017,154.0,1703.0,36,7.916953333,9,0,1.0,34
48118,1316,156.0,1126.0,69,9.20202,2,1,1.0,7
48119,1606,190.0,1143.0,36,10.434782608,9,0,1.0,31
48120,809,63.0,653.0,36,9.624687368,4,0,0.85,19
48121,379,16.0,266.0,35,10.52173913,4,0,0.96429,22
48122,603,35.0,467.0,42,9.642033478,4,0,1.0,22
48123,535,30.0,405.0,42,9.827107142,4,0,0.96552,26
48124,1013,118.0,786.0,36,9.945015,4,3,1.0,24
48125,1908,131.0,1487.0,36,10.782608695,2,2,0.99485,84
48126,480,33.0,351.0,36,9.667583913,7,1,1.0,21
48127,519,37.0,383.0,42,9.812619565,8,0,1.0,20
48128,1275,200.0,975.0,36,9.740416086,4,0,0.91304,22
48129,715,28.0,591.0,35,10.115238,3,0,0.5,19
48130,814,99.0,624.0,37,8.566960476,1,0,1.0,19
48131,2285,279.0,1825.0,36,9.67831913,9,1,1.0,34
48132,1315,94.0,1077.0,36,11.148148461,9,0,1.0,30
48133,1161,133.0,882.0,22,10.316156521,9,1,1.0,26
48134,1739,1022.0,705.0,81,6.0,3,1,1.0,1
48136,161,13.0,142.0,189,12.0,0,0,1.0,2
48137,700,37.0,499.0,42,9.630381739,5,0,0.99479,54
48138,1385,403.0,765.0,42,10.608695652,2,2,1.0,77
48139,1013,124.0,775.0,42,9.873596521,9,0,1.0,27
48140,1133,134.0,802.0,36,9.827665,7,0,1.0,26
48141,840,122.0,622.0,36,9.541138636,2,0,0.99459,20
48142,630,55.0,492.0,42,3.507604761,1,0,0.98649,20
48143,1116,81.0,884.0,42,11.083333333,9,1,1.0,34
48144,545,81.0,449.0,73,11.333333333,1,0,1.0,3
48146,441,37.0,346.0,42,8.432594,6,0,0.975,8
48148,629,85.0,486.0,42,9.777777692,0,0,0.0,11
48149,351,41.0,278.0,191,9.0,0,0,0.94118,2
48150,2191,229.0,1764.0,9,10.782608695,4,0,1.0,53
48151,1413,157.0,1102.0,1,10.980816923,7,0,1.0,38
48153,754,80.0,564.0,36,9.65920619,5,0,0.99476,24
48154,2194,961.0,1093.0,21,10.586956521,3,0,0.88235,34
48155,1001,75.0,771.0,36,9.155317916,6,0,1.0,42
48156,655,5.0,592.0,43,8.903628666,3,0,1.0,12
48158,889,137.0,654.0,36,9.649441304,7,0,0.86207,21
48159,1541,48.0,1226.0,42,10.708333333,9,0,1.0,69
48160,919,93.0,710.0,36,7.446773333,0,0,1.0,26
48161,1081,128.0,865.0,36,9.755330416,4,0,1.0,20
48162,1342,148.0,1019.0,36,10.248475217,9,0,1.0,23
48163,1662,204.0,1211.0,36,10.782222,6,0,0.91429,80
48164,1242,133.0,974.0,36,11.310325714,7,2,1.0,22
48165,562,85.0,395.0,36,9.382242173,2,0,0.66667,18
48166,1309,9.0,1201.0,42,9.858244347,9,0,1.0,20
48167,1495,132.0,1261.0,42,9.043615238,9,0,1.0,20
48168,173,16.0,148.0,208,0.0,0,0,0.0,0
48169,1353,189.0,1041.0,36,10.782608695,6,0,0.99485,24
48170,239,22.0,198.0,36,12.0,0,0,1.0,4
48171,982,133.0,743.0,7,9.643153478,5,0,0.99479,21
48172,2002,274.0,1575.0,36,8.455256521,6,0,0.98361,38
48173,499,28.0,371.0,35,8.116724782,1,0,0.75,24
48174,1388,189.0,1024.0,36,9.720877826,9,1,0.94872,28
48177,1260,225.0,923.0,36,10.4,6,0,1.0,20
48178,1971,266.0,1563.0,18,9.81472,7,0,0.98969,37
48179,1020,102.0,786.0,42,10.582304166,9,0,1.0,28
48180,2906,92.0,2663.0,22,10.695652173,9,1,1.0,36
48181,883,92.0,668.0,37,8.312169285,0,0,1.0,33
48182,693,456.0,230.0,189,0.0,0,0,0.0,0
48183,1548,124.0,1248.0,37,11.020833333,8,0,1.0,36
48184,1919,130.0,1627.0,7,10.814814583,9,1,1.0,35
48185,1014,79.0,797.0,42,10.782608695,3,1,1.0,33
48186,2182,143.0,1860.0,35,10.75,8,1,1.0,41
48187,1813,137.0,1537.0,36,10.791666666,9,1,1.0,32
48189,1256,135.0,968.0,36,9.9130704,7,1,1.0,41
48190,726,70.0,542.0,36,8.488401578,0,0,0.97619,22
48191,68,6.0,56.0,278,0.0,0,0,1.0,0
48193,779,57.0,555.0,21,9.0072055,0,0,1.0,41
48194,299,48.0,239.0,69,8.0,1,0,0.72222,1
48195,2653,384.0,2065.0,25,9.169501818,7,1,1.0,36
48196,1125,93.0,870.0,4,9.707478636,5,0,0.98864,42
48197,935,92.0,752.0,31,8.076487,1,1,1.0,19
48198,1379,182.0,990.0,31,8.497990454,6,1,1.0,27
48199,1062,164.0,829.0,31,8.047295882,2,3,1.0,14
48200,458,34.0,411.0,91,10.0,3,2,1.0,2
48201,975,104.0,745.0,31,9.595926,2,0,0.96552,26
48202,2102,256.0,1699.0,31,9.3358,7,4,0.985,20
48203,147,20.0,120.0,192,0.0,0,0,0.0,0
48204,1838,252.0,1378.0,31,8.925001428,4,1,0.99296,33
48205,1467,147.0,1212.0,31,9.016232272,3,1,1.0,22
48206,831,80.0,707.0,31,6.402115714,7,1,0.97368,5
48207,325,23.0,249.0,31,8.582144615,2,0,0.98765,12
48208,35,4.0,26.0,273,0.0,0,0,0.0,0
48209,1016,107.0,832.0,33,8.791932857,3,0,0.99213,16
48211,396,26.0,354.0,213,7.0,4,1,1.0,2
48212,721,112.0,593.0,31,0.0,1,0,1.0,0
48213,986,73.0,794.0,40,9.565265909,5,2,1.0,25
48214,1530,165.0,1266.0,31,8.890192727,6,1,1.0,20
48215,3281,1450.0,1692.0,31,10.224977272,10,0,1.0,30
48216,917,101.0,723.0,42,6.674701363,4,2,1.0,21
48217,1210,184.0,930.0,31,8.336438333,3,0,0.96364,16
48218,492,49.0,381.0,82,5.51108,1,0,1.0,13
48219,277,33.0,233.0,106,7.0,3,2,1.0,1
48220,943,60.0,760.0,31,9.5351675,2,0,0.95783,35
48222,1141,122.0,875.0,31,9.20135409,6,2,1.0,35
48223,1208,110.0,978.0,21,9.733394545,7,0,0.984,26
48224,1012,83.0,838.0,31,9.523657894,6,0,0.9875,17
48225,365,19.0,320.0,80,0.0,2,0,0.98507,0
48226,945,53.0,786.0,31,9.627980476,6,0,1.0,24
48227,1089,67.0,864.0,31,10.09090909,7,1,1.0,35
48228,9,1.0,4.0,273,0.0,0,0,1.0,0
48229,818,98.0,627.0,31,8.7412295,4,0,1.0,17
48230,1020,100.0,833.0,31,9.45241,2,1,0.99145,20
48231,743,60.0,589.0,31,7.463723636,7,1,1.0,19
48232,1196,121.0,942.0,31,9.268645909,4,0,1.0,20
48235,661,49.0,593.0,88,6.0,1,0,1.0,1
48237,1244,141.0,981.0,31,8.853042727,8,0,1.0,23
48238,1025,147.0,786.0,31,8.8427275,5,2,0.99187,19
48240,17,2.0,10.0,278,0.0,0,0,0.0,0
48241,944,73.0,779.0,42,9.364766363,8,2,1.0,20
48242,1128,125.0,849.0,42,10.4,5,1,1.0,20
48243,444,74.0,356.0,31,0.0,4,0,1.0,0
48244,353,66.0,281.0,31,0.0,2,0,0.33333,0
48246,73,7.0,60.0,252,0.0,0,0,0.0,0
48248,655,94.0,539.0,31,0.0,2,0,0.66667,0
48249,587,49.0,483.0,41,8.926807142,5,0,0.95455,11
48250,1604,126.0,1350.0,31,10.4,7,0,0.96296,30
48251,1658,131.0,1310.0,65,9.472662727,4,0,0.99507,57
48252,1005,56.0,806.0,31,9.581440909,7,2,1.0,30
48253,949,140.0,728.0,31,8.95361409,2,0,0.9,19
48254,582,77.0,485.0,188,8.0,4,0,0.95,1
48255,1050,88.0,841.0,42,9.77429909,6,0,0.99324,26
48256,804,42.0,642.0,37,10.272727272,10,0,1.0,25
48257,428,83.0,327.0,72,0.0,0,0,1.0,0
48258,518,73.0,387.0,31,7.698942142,1,0,1.0,11
48259,1385,162.0,1088.0,31,9.396278636,7,0,0.99474,25
48260,1696,158.0,1381.0,42,9.960943181,7,1,1.0,36
48261,793,48.0,661.0,31,7.850305555,3,2,1.0,19
48262,1123,48.0,925.0,31,10.181818181,6,0,1.0,30
48263,1471,134.0,1085.0,42,9.920599545,8,0,0.97778,51
48264,994,131.0,706.0,31,6.9105965,6,0,1.0,27
48265,2000,185.0,1549.0,31,10.363636363,6,0,0.98429,50
48266,1101,62.0,924.0,74,9.917171818,9,2,1.0,23
48268,2017,248.0,1555.0,31,10.006506818,7,2,1.0,41
48270,178,8.0,163.0,185,0.0,1,0,0.5,0
48271,37,8.0,24.0,278,0.0,0,0,0.0,0
48272,1189,41.0,1016.0,31,9.543393636,10,2,0.98919,29
48273,912,56.0,750.0,34,9.678900454,4,0,1.0,25
48274,965,124.0,717.0,35,8.642686111,7,0,1.0,16
48275,1275,136.0,1009.0,31,9.616671363,8,1,1.0,25
48276,249,20.0,212.0,227,10.0,0,0,0.88889,2
48277,70,6.0,52.0,264,10.0,0,0,1.0,2
48279,1423,113.0,1184.0,29,8.5244325,7,0,0.94643,21
48281,2053,100.0,1820.0,28,9.71223,10,1,1.0,24
48282,2023,286.0,1581.0,31,8.205503333,7,2,0.99301,25
48283,1432,142.0,1158.0,33,8.9829675,5,3,0.99,30
48284,1354,174.0,1096.0,31,6.093186666,6,0,0.99444,6
48285,1353,107.0,1140.0,31,9.286715454,3,1,0.90698,19
48286,1672,252.0,1333.0,31,9.13563409,5,0,1.0,19
48287,879,103.0,688.0,31,8.667738181,3,0,1.0,19
48288,676,38.0,514.0,31,9.473921363,7,0,0.91111,29
48289,38,3.0,34.0,252,0.0,0,0,1.0,0
48290,1786,230.0,1440.0,31,9.312965,7,1,1.0,23
48291,961,106.0,708.0,40,8.572901176,5,4,0.99099,33
48292,1489,102.0,1238.0,31,8.041402272,10,2,0.99029,34
48294,1616,100.0,1409.0,31,9.382545714,8,1,1.0,22
48295,1143,77.0,959.0,31,9.585837619,7,0,1.0,22
48296,1217,82.0,1014.0,31,10.181818181,7,4,0.99363,28
48297,1155,114.0,951.0,31,9.328282727,7,2,1.0,19
48298,785,61.0,612.0,31,8.691596,4,0,0.99375,25
48299,1164,172.0,859.0,31,8.7993355,7,0,1.0,20
48300,1029,80.0,855.0,13,7.977049545,10,1,0.99505,19
48301,635,31.0,462.0,39,9.017887727,8,0,0.76923,32
48304,50,7.0,39.0,31,0.0,0,0,0.0,0
48305,1153,63.0,950.0,40,8.446269565,6,1,0.95455,35
48306,642,29.0,502.0,33,8.059444117,3,0,0.98529,25
48307,1210,109.0,1005.0,31,9.659135517,13,5,1.0,22
48308,864,52.0,716.0,31,8.797538,13,6,1.0,24
48310,1110,66.0,902.0,29,10.195937419,15,0,1.0,41
48312,624,69.0,481.0,31,8.825407692,11,5,0.9927,19
48313,84,10.0,73.0,214,0.0,0,0,1.0,0
48314,1344,98.0,1085.0,31,10.140403636,11,1,0.9939,35
48315,783,64.0,623.0,15,9.440465909,7,0,0.98571,20
48318,107,4.0,99.0,273,0.0,0,0,1.0,0
48319,120,9.0,101.0,266,6.0,0,0,0.16667,5
48320,372,33.0,326.0,106,5.0,3,0,0.9,1
48321,923,67.0,733.0,42,10.223868333,6,0,0.99454,32
48322,950,39.0,793.0,11,9.135055,21,0,1.0,35
48323,1351,122.0,1137.0,31,9.33661423,14,1,0.98062,25
48324,1077,157.0,784.0,31,9.619952631,7,0,1.0,22
48325,648,55.0,488.0,77,7.950531,9,0,1.0,23
48326,337,14.0,316.0,32,5.0,0,0,0.96296,1
48327,832,28.0,650.0,40,9.59467409,8,0,1.0,44
48330,378,39.0,324.0,186,9.0,0,0,0.0,2
48331,1483,104.0,1225.0,31,9.853204,11,1,0.97015,47
48333,16,2.0,14.0,228,0.0,0,0,0.0,0
48334,1481,90.0,1301.0,31,8.30415,13,0,1.0,24
48335,856,66.0,655.0,22,9.946360344,4,0,0.98485,37
48336,2157,541.0,1526.0,31,9.248718,11,7,0.99237,18
48337,6,1.0,2.0,280,0.0,0,0,0.0,0
48338,149,15.0,128.0,224,0.0,0,0,0.0,0
48339,1389,202.0,1139.0,33,0.0,4,0,0.97778,0
48340,3706,2146.0,1479.0,41,9.029982142,6,0,0.94118,17
48341,1283,186.0,937.0,42,10.4,4,0,0.98925,20
48342,1648,210.0,1329.0,31,8.9470105,11,0,0.91176,19
48343,561,29.0,443.0,31,9.261137619,5,0,0.42857,19
48344,31,7.0,16.0,265,0.0,0,0,0.0,0
48346,880,68.0,704.0,31,7.34774,5,2,0.96053,22
48349,1389,129.0,1063.0,31,10.25,9,0,0.81818,42
48350,1525,154.0,1232.0,30,9.749581612,9,1,1.0,33
48351,1446,152.0,1175.0,31,9.710003666,18,2,0.97244,32
48352,6,1.0,3.0,278,0.0,0,0,0.0,0
48355,773,100.0,610.0,31,8.7950625,6,0,0.77778,10
48356,779,64.0,638.0,31,6.789515,5,1,0.98387,13
48357,1641,96.0,1421.0,15,9.313542666,6,6,0.55118,29
48358,170,26.0,137.0,31,0.0,0,0,1.0,0
48359,336,39.0,284.0,73,9.0,0,1,1.0,2
48360,1356,150.0,1144.0,31,9.13888875,8,1,1.0,20
48361,427,14.0,319.0,41,9.16627909,4,0,1.0,22
48365,567,65.0,480.0,92,6.0,5,0,0.96,8
48367,152,9.0,133.0,210,7.0,2,0,1.0,1
48369,154,14.0,132.0,242,8.0,0,0,0.0,1
48370,1777,123.0,1495.0,34,10.363636363,15,1,1.0,31
48371,1029,95.0,883.0,5,4.718515,20,0,1.0,2
48372,1120,107.0,904.0,31,8.713201034,7,5,1.0,26
48373,4,1.0,1.0,999,0.0,0,0,0.0,0
48375,1135,74.0,981.0,31,8.445385,8,0,0.90741,14
48376,1023,140.0,771.0,1,9.268411363,6,0,0.93939,19
48382,982,65.0,819.0,32,8.592985416,11,0,1.0,20
48383,1165,108.0,952.0,31,7.867210952,4,0,1.0,19
48386,1292,356.0,798.0,35,10.592592592,4,0,1.0,34
48387,202,8.0,131.0,40,8.009757647,0,0,1.0,16
48388,598,62.0,527.0,112,8.0,1,0,0.97297,1
48389,792,84.0,654.0,74,6.129689047,4,0,1.0,14
48390,700,43.0,591.0,51,7.845134782,3,0,0.95775,16
48392,912,61.0,754.0,58,9.669488571,11,1,1.0,20
48393,1461,133.0,1197.0,31,8.559771562,4,2,1.0,27
48397,1497,114.0,1167.0,6,9.6,15,0,1.0,59
48398,775,94.0,663.0,186,10.0,6,0,1.0,10
48399,565,39.0,501.0,42,4.85522,6,0,0.85,3
48400,2791,157.0,2541.0,75,8.606529473,11,0,0.99359,18
48401,1295,91.0,1054.0,42,10.363636363,8,0,0.96,36
48402,7,1.0,3.0,278,0.0,0,0,1.0,0
48403,369,66.0,298.0,84,0.0,0,0,0.0,0
48404,179,27.0,145.0,29,0.0,0,0,0.0,0
48405,602,129.0,432.0,18,0.0,0,0,0.0,0
48406,1240,241.0,994.0,70,0.0,0,0,0.0,0
48407,481,114.0,359.0,74,0.0,0,0,1.0,0
48408,371,75.0,286.0,69,0.0,0,0,0.0,0
48409,207,45.0,157.0,55,0.0,0,0,0.0,0
48410,9,1.0,3.0,280,0.0,0,0,0.0,0
48411,416,78.0,330.0,29,0.0,0,0,0.0,0
48412,65,5.0,54.0,112,0.0,0,0,1.0,0
48413,510,176.0,324.0,70,0.0,0,0,0.0,0
48414,49,6.0,36.0,245,0.0,0,0,0.0,0
48415,12,2.0,6.0,209,0.0,0,0,0.0,0
48416,251,51.0,196.0,29,0.0,0,0,0.0,0
48417,276,63.0,207.0,29,0.0,0,0,0.0,0
48418,1155,248.0,829.0,6,0.0,0,0,0.0,0
48419,615,85.0,521.0,29,0.0,0,0,0.0,0
48420,587,153.0,413.0,29,0.0,0,0,0.0,0
48421,293,54.0,222.0,77,0.0,0,0,0.0,0
48422,699,147.0,527.0,92,0.0,0,0,1.0,0
48423,108,19.0,83.0,193,0.0,0,0,1.0,0
48424,819,190.0,583.0,54,0.0,0,0,0.0,0
48425,481,97.0,354.0,70,0.0,0,0,0.0,0
48426,944,220.0,706.0,29,0.0,0,0,1.0,0
48427,90,10.0,74.0,185,0.0,0,0,0.0,0
48428,321,65.0,249.0,180,0.0,0,0,0.0,0
48429,255,50.0,197.0,29,0.0,0,0,0.0,0
48430,855,210.0,612.0,29,0.0,0,0,0.0,0
48431,19,2.0,11.0,280,0.0,0,0,0.0,0
48432,870,182.0,622.0,69,0.0,0,0,0.0,0
48433,533,81.0,436.0,36,0.0,3,0,0.77778,0
48434,1216,218.0,990.0,0,0.0,3,0,0.8,0
48435,1023,163.0,854.0,29,0.0,1,0,1.0,0
48436,395,42.0,336.0,37,0.0,3,0,1.0,0
48437,575,99.0,456.0,37,0.0,3,0,0.95,0
48438,988,160.0,814.0,38,0.0,3,0,0.57143,0
48439,439,71.0,362.0,29,0.0,1,0,1.0,0
48440,1151,224.0,804.0,19,0.0,3,0,0.6,0
48441,870,168.0,683.0,56,0.0,3,0,0.93333,0
48442,839,116.0,681.0,38,0.0,3,0,1.0,0
48443,320,49.0,256.0,37,0.0,3,0,1.0,0
48444,499,61.0,425.0,37,0.0,3,0,0.71429,0
48445,1128,203.0,890.0,29,0.0,3,0,0.71429,0
48446,1510,258.0,1237.0,29,0.0,3,0,0.75,0
48447,1226,182.0,1006.0,40,0.0,3,0,0.25,0
48448,1028,201.0,794.0,37,0.0,4,0,1.0,0
48449,798,119.0,668.0,9,0.0,3,0,1.0,0
48450,837,137.0,686.0,37,0.0,3,0,0.66667,0
48451,263,38.0,213.0,37,0.0,3,0,0.57143,0
48452,933,138.0,780.0,25,0.0,3,0,0.83333,0
48453,1311,217.0,1016.0,29,0.0,3,0,0.94444,0
48454,1217,224.0,981.0,29,0.0,3,0,0.8,0
48455,279,40.0,227.0,39,0.0,4,0,0.57143,0
48456,569,76.0,480.0,29,0.0,3,0,0.71429,0
48457,445,56.0,356.0,23,0.0,4,0,1.0,0
48458,1584,149.0,1424.0,29,0.0,3,0,1.0,0
48459,885,149.0,701.0,37,0.0,3,0,0.5,0
48460,1243,254.0,953.0,37,0.0,2,0,0.66667,0
48461,466,88.0,368.0,29,0.0,3,0,0.94444,0
48462,852,140.0,700.0,35,0.0,3,0,0.95238,0
48463,679,116.0,542.0,36,0.0,3,0,0.92857,0
48464,1304,245.0,927.0,37,0.0,3,0,0.83333,0
48465,725,139.0,519.0,29,0.0,3,0,0.94118,0
48466,1137,115.0,991.0,29,0.0,3,0,0.375,0
48467,752,148.0,581.0,29,0.0,4,0,1.0,0
48468,437,75.0,350.0,37,0.0,1,0,1.0,0
48469,1616,244.0,1352.0,29,0.0,2,0,0.94737,0
48470,143,11.0,124.0,37,0.0,2,0,0.33333,0
48471,523,75.0,442.0,29,0.0,0,0,0.0,0
48472,493,122.0,360.0,29,0.0,0,0,1.0,0
48473,378,45.0,326.0,29,0.0,0,0,0.0,0
48474,43,7.0,30.0,70,0.0,0,0,0.0,0
48475,535,155.0,359.0,49,0.0,0,0,0.0,0
48476,452,74.0,368.0,185,0.0,0,0,0.0,0
48477,737,157.0,538.0,71,0.0,0,0,0.0,0
48478,87,11.0,71.0,185,0.0,0,0,0.0,0
48479,706,180.0,517.0,29,0.0,0,0,0.0,0
48480,223,44.0,161.0,30,0.0,0,0,0.0,0
48481,496,107.0,370.0,20,0.0,0,0,0.0,0
48482,737,123.0,603.0,29,0.0,0,0,0.0,0
48483,28,6.0,15.0,259,0.0,0,0,0.0,0
48484,33,5.0,22.0,257,0.0,0,0,0.0,0
48485,655,131.0,468.0,59,0.0,0,0,0.0,0
48486,589,134.0,430.0,68,0.0,0,0,0.0,0
48487,330,5.0,317.0,24,0.0,0,0,1.0,0
48488,33,6.0,21.0,185,0.0,0,0,0.0,0
48489,956,186.0,667.0,69,0.0,0,0,0.0,0
48490,153,25.0,120.0,87,0.0,0,0,0.0,0
48491,514,142.0,339.0,11,0.0,0,0,0.0,0
48492,815,93.0,705.0,40,0.0,0,0,1.0,0
48493,924,147.0,733.0,73,0.0,0,0,0.0,0
48494,300,58.0,232.0,32,0.0,0,0,0.0,0
48495,58,12.0,40.0,209,0.0,0,0,1.0,0
48496,75,16.0,53.0,122,0.0,0,0,0.0,0
48497,76,8.0,61.0,29,0.0,0,0,1.0,0
48498,457,105.0,337.0,29,0.0,0,0,1.0,0
48499,460,79.0,372.0,77,0.0,0,0,0.0,0
48500,76,6.0,66.0,30,0.0,0,0,1.0,0
48501,347,85.0,253.0,29,0.0,0,0,1.0,0
48502,768,127.0,619.0,19,0.0,0,0,0.0,0
48504,48,3.0,40.0,247,0.0,0,0,0.0,0
48506,251,48.0,193.0,29,0.0,0,0,0.0,0
48507,235,43.0,170.0,69,0.0,0,0,0.0,0
48508,44,6.0,33.0,209,0.0,0,0,0.0,0
48509,1056,130.0,917.0,28,0.0,0,0,0.0,0
48510,295,50.0,232.0,207,0.0,0,0,0.0,0
48511,209,35.0,167.0,29,0.0,0,0,0.0,0
48512,473,91.0,314.0,29,0.0,0,0,0.0,0
48513,370,72.0,291.0,82,0.0,0,0,0.0,0
48514,303,85.0,209.0,92,0.0,0,0,1.0,0
48515,409,77.0,327.0,29,0.0,0,0,0.0,0
48516,659,140.0,511.0,29,0.0,0,0,0.0,0
48518,215,48.0,162.0,216,0.0,0,0,0.0,0
48519,408,102.0,292.0,68,0.0,0,0,0.0,0
48520,801,152.0,635.0,29,0.0,0,0,1.0,0
48521,530,83.0,425.0,29,0.0,0,0,1.0,0
48522,468,89.0,370.0,29,0.0,0,0,1.0,0
48523,143,18.0,117.0,209,0.0,0,0,0.0,0
48524,203,25.0,170.0,69,0.0,0,0,0.0,0
48525,439,86.0,335.0,72,0.0,0,0,0.0,0
48526,381,58.0,315.0,29,0.0,0,0,0.0,0
48527,80,3.0,71.0,255,0.0,0,0,0.0,0
48528,403,76.0,322.0,115,0.0,0,0,0.0,0
48529,752,156.0,592.0,67,0.0,0,0,0.0,0
48530,677,125.0,540.0,71,0.0,0,0,0.0,0
48531,467,97.0,342.0,83,0.0,0,0,0.0,0
48532,222,34.0,178.0,192,0.0,0,0,0.0,0
48533,361,81.0,257.0,29,0.0,0,0,1.0,0
48534,382,86.0,280.0,71,0.0,0,0,0.0,0
48535,110,12.0,92.0,214,0.0,0,0,0.0,0
48536,164,18.0,140.0,206,0.0,0,0,1.0,0
48537,70,14.0,52.0,70,0.0,0,0,0.0,0
48538,265,55.0,204.0,86,0.0,0,0,1.0,0
48539,510,105.0,396.0,67,0.0,0,0,0.0,0
48540,458,92.0,350.0,29,0.0,0,0,0.0,0
48541,75,12.0,58.0,248,0.0,0,0,1.0,0
48542,193,22.0,164.0,70,0.0,0,0,1.0,0
48543,483,110.0,347.0,68,0.0,0,0,0.0,0
48544,536,118.0,377.0,72,0.0,0,0,0.0,0
48545,196,25.0,165.0,68,0.0,0,0,1.0,0
48546,220,54.0,158.0,29,0.0,0,0,0.0,0
48547,236,47.0,180.0,10,0.0,0,0,1.0,0
48548,244,54.0,177.0,77,0.0,0,0,0.0,0
48549,423,90.0,328.0,1,0.0,0,0,0.0,0
48550,358,62.0,281.0,93,0.0,0,0,0.0,0
48551,252,55.0,183.0,75,0.0,0,0,0.0,0
48552,938,123.0,810.0,8,0.0,0,0,1.0,0
48553,1088,190.0,884.0,29,0.0,0,0,1.0,0
48554,1698,764.0,884.0,22,0.0,0,0,1.0,0
48555,295,52.0,237.0,22,0.0,0,0,0.0,0
48556,724,155.0,549.0,29,0.0,0,0,0.0,0
48557,114,14.0,96.0,209,0.0,0,0,0.0,0
48558,325,88.0,230.0,29,0.0,0,0,0.0,0
48559,983,130.0,844.0,29,0.0,0,0,1.0,0
48560,310,92.0,212.0,29,0.0,0,0,0.0,0
48561,152,27.0,118.0,29,0.0,0,0,1.0,0
48562,168,28.0,129.0,98,0.0,0,0,0.0,0
48563,29,3.0,19.0,280,0.0,0,0,1.0,0
48565,184,31.0,142.0,208,0.0,0,0,0.0,0
48566,125,18.0,98.0,70,0.0,0,0,1.0,0
48567,547,128.0,402.0,29,0.0,0,0,0.0,0
48568,213,41.0,167.0,72,0.0,0,0,0.0,0
48569,113,16.0,89.0,29,0.0,0,0,0.0,0
48570,141,20.0,110.0,234,0.0,0,0,1.0,0
48571,251,53.0,194.0,193,0.0,0,0,0.0,0
48572,497,108.0,369.0,128,0.0,0,0,1.0,0
48573,790,172.0,533.0,29,0.0,0,0,0.0,0
48574,105,22.0,73.0,51,0.0,0,0,0.0,0
48575,142,29.0,107.0,106,0.0,0,0,0.0,0
48576,878,491.0,372.0,209,0.0,0,0,0.0,0
48577,231,39.0,185.0,29,0.0,0,0,0.0,0
48578,137,17.0,116.0,75,0.0,0,0,0.0,0
48579,1,1.0,0.0,999,0.0,0,0,0.0,0
48580,33,5.0,26.0,999,0.0,0,0,0.0,0
48582,17,2.0,13.0,278,0.0,0,0,0.0,0
48583,14,1.0,10.0,999,0.0,0,0,0.0,0
48584,39,9.0,19.0,279,0.0,0,0,0.0,0
48585,5,1.0,2.0,999,0.0,0,0,0.0,0
48586,11,2.0,7.0,999,0.0,0,0,0.0,0
48587,24,7.0,12.0,999,0.0,0,0,0.0,0
48588,433,52.0,355.0,1,0.0,0,0,0.0,0
48589,2098,362.0,1619.0,37,12.148419583,6,0,0.98361,26
48590,664,93.0,553.0,189,27.75,1,0,1.0,3
48591,2964,289.0,2555.0,35,12.98112625,9,1,1.0,25
48592,2287,260.0,1880.0,34,10.0,7,5,1.0,36
48594,976,73.0,830.0,71,9.171717272,3,4,0.97826,17
48595,8,2.0,4.0,999,0.0,0,0,0.0,0
48596,960,63.0,784.0,44,10.3263495,2,0,1.0,24
48597,1091,141.0,824.0,53,9.760156818,2,0,1.0,30
48598,317,20.0,245.0,42,9.096418181,1,0,0.8125,9
48599,1084,54.0,794.0,36,10.130190909,9,0,1.0,78
48600,1638,165.0,1324.0,36,10.363636363,6,1,1.0,35
48601,991,95.0,769.0,36,8.083303043,5,0,0.99485,30
48602,514,20.0,403.0,36,9.38846,4,0,1.0,16
48603,423,24.0,368.0,35,6.31111,2,0,1.0,2
48604,2102,172.0,1781.0,36,10.321202608,7,6,0.77876,34
48605,23,3.0,16.0,269,0.0,0,0,1.0,0
48606,207,26.0,180.0,238,0.0,0,0,0.0,0
48607,747,54.0,603.0,31,8.062382727,8,1,0.995,19
48608,1837,218.0,1350.0,36,10.133762173,8,2,1.0,42
48609,234,50.0,176.0,234,0.0,0,0,1.0,0
48610,727,76.0,544.0,43,9.381187619,7,0,0.96364,18
48611,1550,178.0,1226.0,35,8.515527727,2,1,0.99482,27
48613,1272,159.0,1024.0,30,9.307413157,5,1,0.98507,20
48614,1717,110.0,1472.0,31,9.48165,10,0,0.99099,30
48615,723,115.0,570.0,32,4.902356666,0,0,1.0,4
48616,673,90.0,560.0,41,4.259048,1,1,0.90909,3
48617,1774,137.0,1415.0,31,9.839056818,0,0,0.99468,61
48618,581,50.0,435.0,29,6.0395915,1,0,0.98361,21
48619,1367,156.0,1086.0,39,9.915824545,4,0,0.71429,28
48620,694,46.0,486.0,33,8.7948115,3,0,0.99412,40
48621,976,95.0,782.0,41,9.2974075,6,0,1.0,21
48622,1479,133.0,1213.0,34,8.842563684,8,0,0.99259,27
48623,675,94.0,499.0,34,8.619213888,5,0,1.0,16
48624,1403,156.0,1062.0,42,10.13037,2,0,1.0,43
48625,1757,182.0,1320.0,42,10.066172,4,0,0.11111,35
48626,2408,247.0,1954.0,35,11.956521739,8,1,0.90909,48
48627,1532,131.0,1291.0,35,11.136475416,7,0,0.5,21
48628,2036,197.0,1683.0,36,13.922839583,8,1,0.97872,36
48629,1874,202.0,1478.0,1,9.914512916,7,1,1.0,30
48630,775,95.0,580.0,36,9.760074347,5,0,1.0,21
48631,1136,196.0,872.0,36,7.282323333,0,0,0.33333,13
48632,816,137.0,641.0,36,6.183955,0,0,1.0,8
48633,1865,39.0,1677.0,35,11.444444444,9,1,1.0,35
48634,1038,80.0,788.0,34,10.608695652,6,1,0.99408,39
48635,2089,175.0,1785.0,33,11.28,6,0,0.99465,31
48636,1788,128.0,1471.0,31,11.423076923,9,0,0.99482,35
48637,1296,162.0,1039.0,8,8.612730909,5,2,1.0,19
48638,1188,106.0,968.0,36,10.098437692,8,0,1.0,22
48639,481,43.0,378.0,36,7.694790588,0,0,0.99465,14
48640,1341,115.0,1049.0,36,10.786008333,8,0,1.0,40
48641,1172,134.0,927.0,37,10.316958181,3,0,1.0,24
48642,856,112.0,640.0,35,9.566016666,6,0,1.0,21
48644,1115,109.0,842.0,36,11.888888888,7,0,1.0,36
48645,8,2.0,3.0,266,0.0,0,0,0.0,0
48646,128,11.0,111.0,92,0.0,0,0,0.0,0
48647,1257,116.0,1003.0,42,10.210437727,8,0,1.0,33
48648,1662,159.0,1398.0,20,9.053965909,11,0,0.98148,21
48649,1020,98.0,783.0,34,9.854321,8,0,0.96,37
48651,488,32.0,372.0,34,8.9845905,6,0,0.875,19
48652,921,53.0,647.0,33,10.347475,5,0,1.0,52
48653,1083,120.0,825.0,39,6.31092238,1,0,0.88235,26
48654,2311,247.0,1888.0,34,10.363636363,9,1,1.0,45
48656,789,70.0,629.0,56,9.132955454,9,0,1.0,20
48657,591,21.0,467.0,42,10.9738272,9,0,1.0,25
48659,1026,100.0,831.0,42,9.88536909,5,0,1.0,21
48660,1099,100.0,853.0,35,10.958333333,2,1,0.98667,35
48661,1706,140.0,1391.0,36,9.647985,7,0,0.98305,33
48662,1794,137.0,1502.0,35,10.458333333,5,0,1.0,38
48663,1452,160.0,1099.0,34,10.241077727,8,0,0.98413,48
48664,773,491.0,282.0,216,0.0,0,0,1.0,0
48665,190,15.0,171.0,36,8.0,1,0,0.10526,1
48666,1341,65.0,1136.0,35,11.956521739,9,1,1.0,31
48667,941,83.0,710.0,36,10.52173913,2,0,0.98773,40
48668,1741,168.0,1470.0,25,9.571728181,10,0,1.0,20
48669,246,57.0,173.0,29,0.0,0,0,0.0,0
48670,107,9.0,97.0,217,0.0,0,0,0.0,0
48672,60,7.0,50.0,216,0.0,0,0,0.0,0
48680,10,1.0,9.0,229,0.0,0,0,0.0,0
48681,9,1.0,8.0,232,0.0,0,0,0.0,0
48693,4,1.0,3.0,232,0.0,0,0,0.0,0
48694,20,2.0,17.0,204,0.0,0,0,0.0,0
48697,7,1.0,6.0,232,0.0,0,0,1.0,0
48703,11,3.0,8.0,233,0.0,0,0,0.0,0
48706,25,2.0,22.0,232,0.0,0,0,0.0,0
48710,13,1.0,12.0,226,0.0,0,0,0.0,0
48711,23,2.0,21.0,225,0.0,0,0,0.0,0
48715,15,1.0,14.0,231,0.0,0,0,0.0,0
48718,36,2.0,32.0,228,0.0,0,0,0.0,0
48733,20,1.0,19.0,232,0.0,0,0,0.0,0
48734,25,1.0,24.0,232,0.0,0,0,0.0,0
48739,4,1.0,3.0,232,0.0,0,0,0.0,0
48760,44,6.0,38.0,217,0.0,0,0,0.0,0
48762,10,1.0,9.0,228,0.0,0,0,0.0,0
48773,32,2.0,30.0,210,0.0,0,0,0.0,0
48778,11,1.0,10.0,232,0.0,0,0,0.0,0
48779,14,1.0,13.0,232,0.0,0,0,1.0,0
48790,35,4.0,31.0,232,0.0,0,0,0.0,0
48793,18,1.0,17.0,232,0.0,0,0,0.0,0
48794,1,1.0,0.0,999,0.0,0,0,0.0,0
48796,5,2.0,2.0,999,0.0,0,0,0.0,0
48797,14,2.0,12.0,244,0.0,0,0,0.0,0
48798,7,1.0,6.0,229,0.0,0,0,0.0,0
48799,7,2.0,5.0,225,0.0,0,0,0.0,0
48800,10,2.0,8.0,227,0.0,0,0,0.0,0
48801,40,2.0,36.0,229,0.0,0,0,1.0,0
48803,6,1.0,5.0,246,0.0,0,0,0.0,0
48807,10,2.0,8.0,229,0.0,0,0,0.0,0
48810,7,3.0,4.0,222,0.0,0,0,0.0,0
48811,8,1.0,7.0,232,0.0,0,0,0.0,0
48854,398,26.0,291.0,25,9.2437145,1,0,1.0,20
48855,793,75.0,623.0,36,8.0248675,1,0,0.98864,18
48856,1163,181.0,934.0,35,10.588497857,1,0,0.92308,12
48857,392,35.0,343.0,185,9.21667,6,0,1.0,1
48858,434,43.0,366.0,15,9.8,6,0,0.91667,1
48859,201,19.0,176.0,174,0.0,6,0,1.0,0
48860,390,16.0,364.0,173,9.0,6,0,1.0,1
48861,254,21.0,225.0,174,10.0,5,0,1.0,1
48862,159,12.0,137.0,179,9.6,5,0,1.0,1
48863,327,26.0,292.0,183,9.75,5,0,0.96296,1
48864,158,16.0,131.0,174,9.66667,6,0,1.0,1
48865,274,26.0,233.0,186,9.66667,4,0,1.0,1
48866,377,21.0,343.0,174,8.55,6,0,0.83333,2
48867,302,40.0,249.0,171,10.0,6,0,1.0,1
48869,304,24.0,268.0,173,8.6,6,0,1.0,1
48870,497,30.0,427.0,169,10.0,7,0,1.0,6
48871,54,4.0,50.0,213,0.0,0,0,1.0,0
48872,495,23.0,460.0,112,8.0,7,0,1.0,1
48873,421,25.0,388.0,169,0.0,7,0,0.875,0
48874,1140,122.0,900.0,36,9.48784,7,0,1.0,22
48875,506,77.0,428.0,29,0.0,0,0,0.0,0
48877,10,2.0,8.0,232,0.0,0,0,0.0,0
48878,344,26.0,219.0,36,9.215546363,0,0,1.0,25
48879,112,20.0,88.0,190,10.0,0,0,0.0,1
48880,638,32.0,516.0,36,9.590608695,1,1,1.0,21
48881,241,34.0,194.0,187,6.0,1,0,1.0,1
48882,169,19.0,139.0,187,8.0,1,0,1.0,1
48883,255,21.0,210.0,123,25.75,2,0,1.0,5
48884,247,14.0,216.0,124,28.666666666,2,0,0.66667,5
48885,338,35.0,284.0,117,20.25,2,0,1.0,5
48886,446,35.0,392.0,118,23.583333333,2,0,1.0,5
48887,357,33.0,307.0,117,29.0,2,0,1.0,5
48888,419,26.0,374.0,113,31.333333333,2,0,1.0,5
48889,574,68.0,481.0,112,22.61111,2,0,1.0,5
48890,180,12.0,151.0,122,25.833333333,2,0,1.0,5
48891,510,43.0,443.0,103,26.166666666,2,0,0.25,5
48892,453,45.0,389.0,111,24.52778,2,0,1.0,5
48893,615,173.0,420.0,22,21.88889,1,0,0.25,5
48894,443,37.0,383.0,112,18.694443333,2,0,0.6,5
48896,280,24.0,238.0,123,29.833333333,2,0,1.0,5
48897,865,69.0,761.0,122,28.36111,2,0,1.0,5
48898,482,28.0,434.0,122,24.083333333,2,0,0.66667,5
48899,446,44.0,385.0,122,25.166666666,2,0,1.0,5
48900,703,44.0,628.0,118,29.916666666,2,0,1.0,5
48901,375,35.0,319.0,122,23.694443333,2,0,0.66667,5
48902,382,37.0,323.0,38,29.416666666,2,0,1.0,5
48903,351,24.0,309.0,78,24.444443333,2,0,1.0,5
48904,364,17.0,329.0,126,23.444443333,2,0,1.0,5
48905,326,37.0,264.0,122,29.722223333,2,0,1.0,5
48906,234,14.0,203.0,125,15.0,2,0,1.0,5
48907,157,16.0,128.0,122,14.5,2,0,0.75,3
48908,436,36.0,350.0,113,18.416666666,2,0,0.66667,5
48909,255,30.0,206.0,123,29.833333333,2,0,0.83333,5
48910,295,25.0,259.0,113,23.65,2,0,0.75,3
48911,404,43.0,343.0,112,23.694443333,2,0,0.0,5
48912,281,25.0,238.0,113,28.666666666,2,0,0.25,5
48913,541,42.0,476.0,112,23.5,2,0,1.0,5
48914,556,50.0,488.0,29,23.0,2,0,1.0,5
48915,393,28.0,342.0,122,19.25,2,0,0.6,5
48916,381,31.0,332.0,113,26.333333333,2,0,0.66667,5
48917,240,19.0,204.0,122,25.0,2,0,1.0,5
48918,413,44.0,312.0,113,26.75,2,0,1.0,5
48919,420,49.0,351.0,123,16.916666666,2,0,1.0,5
48920,292,33.0,235.0,122,29.833333333,2,0,0.25,5
48921,546,54.0,475.0,117,31.777776666,2,0,1.0,5
48922,299,25.0,257.0,112,21.027776666,2,0,0.0,5
48923,628,57.0,549.0,122,24.0,1,0,0.83333,5
48924,341,30.0,288.0,122,26.777776666,2,0,0.8,5
48925,337,34.0,282.0,114,16.833333333,2,0,1.0,5
48926,294,19.0,256.0,69,26.666666666,2,0,1.0,5
48927,271,21.0,232.0,122,21.805556666,2,0,1.0,5
48928,502,46.0,432.0,22,24.777776666,2,0,1.0,5
48929,325,27.0,281.0,122,31.194446666,2,0,0.66667,5
48930,422,38.0,354.0,113,22.722223333,2,0,1.0,5
48931,302,38.0,240.0,122,23.944443333,2,0,0.2,5
48932,361,32.0,309.0,114,29.0,2,0,0.5,5
48933,295,25.0,253.0,113,25.527776666,2,0,1.0,5
48934,295,18.0,264.0,124,14.61111,0,0,0.0,5
48935,297,18.0,262.0,113,20.416666666,2,0,1.0,5
48936,564,53.0,492.0,109,26.944443333,2,0,1.0,5
48937,278,24.0,236.0,113,21.13889,2,0,1.0,5
48938,197,20.0,157.0,125,24.083333333,2,0,0.33333,5
48939,359,32.0,309.0,86,30.9,2,0,1.0,5
48940,448,42.0,389.0,118,27.5,2,0,1.0,5
48941,386,41.0,328.0,113,23.416666666,2,0,1.0,5
48942,550,45.0,484.0,112,24.777776666,2,0,1.0,5
48943,961,71.0,869.0,102,27.277776666,2,0,0.88889,5
48944,442,26.0,399.0,123,15.11111,2,0,0.875,5
48945,408,40.0,336.0,118,26.36111,2,0,1.0,5
48946,373,32.0,305.0,114,28.416666666,2,0,0.0,5
48947,524,47.0,459.0,120,29.833333333,2,0,0.8,5
48948,374,26.0,329.0,122,25.833333333,2,0,1.0,5
48949,424,40.0,367.0,116,15.555556666,2,0,1.0,5
48950,326,34.0,274.0,111,16.11111,2,0,1.0,5
48952,524,12.0,509.0,34,0.0,0,0,0.0,0
48954,285,18.0,264.0,2,0.0,0,0,1.0,0
48955,3927,85.0,3493.0,19,0.0,0,0,0.5,1
48956,520,37.0,473.0,30,0.0,0,0,1.0,0
48957,1668,95.0,1555.0,37,0.0,0,0,1.0,0
48958,266,9.0,254.0,39,0.0,3,0,0.66667,0
48959,174,10.0,160.0,37,0.0,3,0,1.0,0
48960,38,3.0,34.0,44,0.0,1,0,1.0,0
48961,18,1.0,16.0,66,0.0,1,0,1.0,0
48962,97,9.0,84.0,38,0.0,3,0,0.66667,0
48963,41,4.0,34.0,40,0.0,3,0,1.0,0
48964,143,13.0,122.0,36,0.0,3,0,1.0,0
48965,120,12.0,105.0,39,0.0,3,0,0.75,0
48966,168,16.0,147.0,35,0.0,3,0,1.0,0
48967,305,48.0,253.0,13,0.0,3,0,1.0,0
48968,96,9.0,83.0,38,0.0,3,0,1.0,0
48969,143,14.0,122.0,37,0.0,3,0,1.0,0
48970,115,8.0,102.0,37,0.0,3,0,1.0,0
48971,172,13.0,148.0,35,0.0,2,0,1.0,0
48972,137,11.0,123.0,28,0.0,3,0,1.0,0
48973,158,10.0,145.0,40,0.0,3,0,1.0,0
48974,202,7.0,192.0,37,0.0,3,0,1.0,0
48975,130,14.0,113.0,36,0.0,3,0,1.0,0
48976,121,10.0,107.0,41,0.0,3,0,1.0,0
48977,65,6.0,56.0,36,0.0,3,0,1.0,0
48978,123,7.0,110.0,39,0.0,3,0,1.0,0
48979,5,1.0,4.0,1,0.0,0,0,0.0,0
48980,14,2.0,12.0,1,0.0,0,0,0.0,0
