login_count,activity_count,resources_viewed,days_inactive,average_grade,assignments_submitted,forum_posts,completion_rate,quiz_attempts_count,dropout
27.0,2265,91.0,1486,0.0,0,0,0.0,0,1
1.0,6,4.0,1722,0.0,0,0,0.0,0,1
7.0,92,84.0,1522,0.0,0,0,0.0,0,1
0.0,10,7.0,999,0.0,0,0,0.0,0,1
3.0,42,34.0,1742,0.0,0,0,0.0,0,1
6.0,61,54.0,1715,0.0,0,0,0.0,0,1
1.0,8,7.0,1708,0.0,0,0,0.0,0,1
22.0,94,71.0,980,0.0,0,0,0.5,0,1
6.0,73,62.0,1730,0.0,0,0,0.0,0,1
7.0,30,18.0,1735,0.0,0,0,0.0,0,1
1.0,5,3.0,639,0.0,0,0,0.0,0,1
4.0,31,27.0,532,0.0,0,0,1.0,0,1
25.0,213,172.0,210,0.0,0,0,1.0,0,1
5.0,25,20.0,248,0.0,0,0,0.0,0,1
4.0,91,87.0,286,0.0,0,0,0.0,0,1
6.0,43,31.0,1681,0.0,0,0,0.0,1,1
1.0,26,24.0,1731,0.0,0,0,0.0,0,1
32.0,2580,635.0,1245,0.0,0,0,0.0,0,1
6.0,99,90.0,1721,0.0,0,0,0.0,0,1
11.0,103,81.0,259,0.0,0,0,0.0,0,1
1.0,16,11.0,1745,0.0,0,0,0.0,0,1
1.0,2,1.0,1943,0.0,0,0,0.0,0,1
1.0,3,2.0,1757,0.0,0,0,0.0,0,1
1.0,46,43.0,1718,0.0,0,0,0.66667,0,1
8.0,88,73.0,1298,15.0,0,0,0.0,1,0
3.0,10,7.0,1324,0.0,0,0,0.0,0,1
6.0,32,26.0,1644,0.0,0,0,1.0,0,1
1.0,11,6.0,1703,0.0,0,0,0.0,0,1
2.0,5,2.0,1757,0.0,0,0,0.0,0,1
166.0,2302,2076.0,38,0.0,0,6,0.0,0,0
1.0,19,17.0,1722,0.0,0,0,0.0,0,1
5.0,76,64.0,1725,0.0,0,0,0.0,0,1
1.0,7,2.0,1725,0.0,0,0,0.0,0,1
4.0,34,26.0,1725,0.0,0,0,0.0,0,1
11.0,90,75.0,1192,0.0,0,0,1.0,1,0
1.0,2,0.0,1758,0.0,0,0,0.0,0,1
8.0,130,115.0,1726,0.0,0,0,0.0,0,1
5.0,54,49.0,1568,0.0,0,0,0.0,0,1
1.0,6,2.0,1757,0.0,0,0,0.0,0,1
20.0,319,287.0,644,0.0,0,0,1.0,0,1
4.0,43,39.0,1388,0.0,0,1,1.0,0,1
2.0,6,3.0,1864,0.0,0,0,0.0,0,1
2.0,17,11.0,1735,0.0,0,0,0.0,0,1
1.0,3,1.0,1758,0.0,0,0,0.0,0,1
7.0,58,36.0,307,0.0,0,0,0.0,0,1
9.0,58,48.0,1700,0.0,0,0,1.0,0,1
81.0,3976,3836.0,184,0.0,0,2,0.0,0,1
1.0,4,1.0,999,0.0,0,0,0.0,0,1
2.0,9,6.0,1907,0.0,0,0,0.5,0,1
1.0,5,1.0,1758,0.0,0,0,0.0,0,1
2.0,18,10.0,1714,0.0,0,0,1.0,0,1
1.0,4,2.0,1783,0.0,0,0,0.0,0,1
3.0,27,24.0,379,0.0,0,0,0.0,0,1
1.0,3,2.0,999,0.0,0,0,0.0,0,1
1.0,4,3.0,1891,0.0,0,0,0.0,0,1
97.0,1537,1432.0,92,0.0,0,0,0.0,0,0
4.0,32,28.0,1702,0.0,0,0,0.0,0,1
32.0,7317,902.0,563,0.0,0,4,1.0,0,0
3.0,11,8.0,999,0.0,0,0,0.0,0,1
3.0,17,12.0,999,0.0,0,0,0.0,0,1
1.0,4,2.0,999,0.0,0,0,0.0,0,1
1.0,5,2.0,999,0.0,0,0,0.0,0,1
2.0,36,29.0,1298,9.0,0,0,0.0,1,1
3.0,9,5.0,999,0.0,0,0,0.0,0,1
19.0,179,150.0,1606,0.0,5,0,1.0,0,0
1.0,4,2.0,999,0.0,0,0,0.0,0,1
35.0,312,263.0,269,0.0,7,0,1.0,0,0
60.0,475,396.0,1605,0.0,6,0,0.85714,0,0
3.0,14,7.0,999,0.0,0,0,0.0,0,1
1.0,4,1.0,999,0.0,0,0,0.0,0,1
30.0,265,221.0,1605,0.0,5,0,1.0,0,0
1.0,2,1.0,999,0.0,0,0,0.0,0,1
33.0,350,300.0,1606,0.0,5,0,1.0,0,0
1.0,16,14.0,999,0.0,0,0,0.0,0,1
1.0,12,9.0,999,0.0,0,0,0.0,0,1
30.0,216,177.0,1604,0.0,5,0,0.8,0,0
1.0,9,6.0,999,0.0,0,0,0.0,0,1
2.0,12,8.0,999,0.0,0,0,0.0,0,1
1.0,2,1.0,999,0.0,0,0,0.0,0,1
2.0,5,2.0,999,0.0,0,0,0.0,0,1
73.0,492,402.0,1277,0.0,6,0,1.0,0,0
3.0,32,29.0,1388,0.0,0,0,1.0,0,1
49.0,530,457.0,1581,0.0,0,0,1.0,0,1
1.0,2,1.0,999,0.0,0,0,0.0,0,1
1.0,2,1.0,999,0.0,0,0,0.0,0,1
39.0,294,244.0,1604,0.0,6,0,1.0,0,0
26.0,226,188.0,1606,0.0,5,0,1.0,0,0
1.0,17,11.0,999,0.0,0,0,0.0,0,1
44.0,353,291.0,1608,0.0,6,0,1.0,0,0
1.0,9,4.0,999,0.0,0,0,0.0,0,1
31.0,310,267.0,1606,0.0,6,0,1.0,0,0
17.0,124,101.0,1616,0.0,2,0,1.0,0,0
23.0,159,124.0,1606,0.0,6,0,1.0,0,0
1.0,2,1.0,999,0.0,0,0,0.0,0,1
6.0,102,96.0,1582,0.0,0,0,0.0,0,1
13.0,212,188.0,999,0.0,0,0,0.0,0,1
58.0,544,437.0,1457,5.0,8,0,1.0,1,0
21.0,211,165.0,999,0.0,0,0,0.0,0,1
6.0,28,17.0,999,0.0,0,0,0.0,0,1
1.0,4,3.0,999,0.0,0,0,0.0,0,1
12.0,141,109.0,999,0.0,0,0,0.0,0,1
5.0,30,25.0,1726,0.0,0,0,0.0,0,1
2.0,4,2.0,999,0.0,0,0,0.9,0,1
25.0,264,209.0,999,0.0,0,0,0.0,0,1
206.0,1663,1413.0,1471,22.56016,1,0,0.25,10,0
15.0,237,200.0,891,0.0,2,0,1.0,0,0
8.0,237,209.0,1937,0.0,2,0,1.0,0,0
17.0,272,234.0,1936,0.0,2,0,1.0,0,0
1.0,13,12.0,999,0.0,0,0,0.0,0,1
1.0,4,3.0,999,0.0,0,0,0.0,0,1
4.0,85,74.0,1298,15.0,0,0,1.0,1,0
2.0,26,20.0,999,0.0,0,0,0.85714,0,1
1.0,35,27.0,1298,20.0,0,0,1.0,1,1
27.0,361,312.0,999,0.0,2,0,1.0,0,0
25.0,306,258.0,999,8.0,2,0,1.0,2,0
1.0,7,6.0,999,0.0,0,0,0.0,0,1
3.0,50,40.0,1298,17.0,0,0,1.0,1,0
2.0,6,4.0,999,0.0,0,0,0.0,0,1
10.0,148,129.0,879,0.0,2,0,1.0,0,0
1.0,4,3.0,999,0.0,0,0,0.0,0,1
6.0,141,126.0,1297,19.66667,0,0,1.0,1,0
1.0,29,23.0,1298,18.66667,0,0,0.0,1,1
1.0,3,2.0,999,0.0,0,0,0.0,0,1
2.0,7,3.0,999,0.0,0,0,0.0,0,1
1.0,3,1.0,999,0.0,0,0,0.0,0,1
1.0,6,4.0,1877,0.0,0,0,0.0,0,1
2.0,11,9.0,999,0.0,0,0,0.0,0,1
1.0,6,3.0,999,0.0,0,0,0.0,0,1
1.0,2,1.0,999,0.0,0,0,0.0,0,1
64.0,447,354.0,1457,7.0,5,0,0.83333,2,0
19.0,248,202.0,999,0.0,2,0,0.66667,0,0
1.0,3,2.0,1763,0.0,0,0,0.0,0,1
1.0,6,3.0,999,0.0,0,0,0.0,0,1
1.0,9,8.0,1647,0.0,0,0,1.0,0,1
4.0,120,99.0,1517,0.0,2,0,1.0,1,0
9.0,34,23.0,999,0.0,0,0,0.0,0,1
1.0,4,1.0,999,0.0,0,0,0.0,0,1
960.0,1721,749.0,763,0.0,7,0,0.35294,0,0
2.0,23,16.0,1706,0.0,0,0,0.0,0,1
9.0,49,32.0,625,0.0,0,0,0.0,0,1
20.0,316,276.0,1457,2.0,8,0,1.0,1,0
68.0,623,523.0,1508,17.694005714,0,0,0.0,10,0
1.0,6,5.0,1909,0.0,0,0,1.0,0,1
1.0,2,1.0,999,0.0,0,0,0.0,0,1
1.0,16,10.0,1659,0.0,0,0,0.0,0,1
1.0,4,3.0,1760,23.416665,0,0,0.73333,1,1
28.0,341,280.0,1786,0.0,2,0,0.66667,0,0
35.0,371,306.0,999,0.0,0,0,1.0,0,1
46.0,527,452.0,175,15.311113333,19,0,0.90476,2,0
24.0,379,321.0,1513,0.0,0,0,0.0,0,1
34.0,336,287.0,912,0.0,7,0,1.0,0,0
41.0,569,500.0,871,0.0,2,0,0.66667,0,0
2.0,7,5.0,1658,0.0,0,0,1.0,0,1
19.0,266,235.0,915,0.0,8,0,1.0,0,0
3.0,24,17.0,1690,0.0,0,0,0.0,0,1
98.0,901,765.0,174,9.55,23,0,1.0,3,0
1.0,14,9.0,999,0.0,0,0,0.0,0,1
2.0,22,18.0,1810,0.0,0,0,1.0,0,1
31.0,215,171.0,1374,0.0,5,0,1.0,0,0
7.0,25,18.0,1590,0.0,0,0,0.0,0,1
48.0,396,315.0,999,0.0,0,0,0.0,0,1
1.0,4,2.0,1786,0.0,0,0,1.0,0,1
44.0,563,500.0,1535,0.0,0,0,0.0,0,1
1.0,8,7.0,1029,5.6,0,0,0.0,4,1
3.0,60,55.0,1722,0.0,0,0,0.0,0,1
35.0,307,243.0,1583,0.0,0,0,1.0,0,1
1.0,3,2.0,999,0.0,0,0,0.0,0,1
1.0,3,2.0,999,0.0,0,0,0.0,0,1
41.0,482,413.0,1475,0.0,0,0,0.47368,1,0
49.0,508,402.0,1936,0.0,2,0,1.0,0,0
1.0,3,2.0,1920,0.0,0,0,0.0,0,1
25.0,218,165.0,999,0.0,1,0,0.5,1,0
44.0,483,416.0,852,0.0,2,0,1.0,0,0
1.0,5,3.0,1602,0.0,0,0,1.0,0,1
30.0,313,263.0,1933,0.0,2,0,1.0,0,0
42.0,645,566.0,178,7.26667,24,0,0.96429,2,0
3.0,14,11.0,1720,0.0,0,0,0.0,0,1
1.0,8,7.0,1733,0.0,0,0,0.0,0,1
1.0,3,1.0,999,0.0,0,0,0.0,0,1
1.0,2,1.0,999,0.0,0,0,0.0,0,1
3.0,9,3.0,999,0.0,0,0,0.0,0,1
8.0,41,27.0,999,0.0,0,0,0.0,0,1
1.0,8,6.0,999,0.0,0,0,0.0,0,1
1.0,4,3.0,999,0.0,0,0,0.0,0,1
2.0,8,5.0,999,0.0,0,0,0.0,0,1
1.0,2,1.0,999,0.0,0,0,0.0,0,1
1.0,2,1.0,999,0.0,0,0,0.0,0,1
1.0,6,5.0,999,0.0,0,0,0.0,0,1
1.0,4,2.0,999,0.0,0,0,0.0,0,1
19.0,200,161.0,1475,0.0,2,0,1.0,1,0
17.0,318,275.0,999,0.0,2,0,1.0,0,0
21.0,300,241.0,854,20.0,2,0,1.0,1,0
1.0,9,8.0,999,0.0,0,0,0.0,0,1
2.0,4,2.0,999,0.0,0,0,0.0,0,1
8.0,27,15.0,999,0.0,0,0,0.0,0,1
2.0,10,8.0,1588,0.0,0,0,1.0,0,1
2.0,7,5.0,999,0.0,0,0,0.0,0,1
1.0,7,6.0,999,0.0,0,0,0.0,0,1
15.0,319,274.0,999,0.0,2,0,1.0,0,0
2.0,6,4.0,999,0.0,0,0,0.0,0,1
2.0,30,24.0,999,0.0,0,0,0.0,0,1
37.0,354,296.0,1514,0.0,2,0,1.0,1,0
20.0,208,174.0,999,0.0,0,0,1.0,0,1
1.0,3,1.0,999,0.0,0,0,0.0,0,1
1.0,3,2.0,1725,0.0,0,0,0.0,0,1
2.0,10,5.0,999,0.0,0,0,0.0,0,1
3.0,15,7.0,1720,0.0,0,0,0.0,0,1
1.0,3,1.0,999,0.0,0,0,0.0,0,1
3.0,16,7.0,1722,0.0,0,0,0.0,0,1
1.0,3,2.0,1877,0.0,0,0,1.0,0,1
41.0,608,545.0,1935,0.0,2,0,1.0,0,0
1.0,2,1.0,999,0.0,0,0,0.0,0,1
31.0,339,296.0,999,0.0,0,0,1.0,0,1
43.0,369,302.0,791,21.766234285,0,0,0.5,5,0
1.0,2,1.0,1788,0.0,0,0,0.0,0,1
1.0,3,2.0,1843,0.0,0,0,0.0,0,1
57.0,563,443.0,1604,0.0,6,0,1.0,0,0
1.0,3,1.0,999,0.0,0,0,0.0,0,1
1.0,7,4.0,999,0.0,0,0,0.0,0,1
1.0,2,1.0,999,0.0,0,0,0.0,0,1
1.0,24,22.0,999,0.0,0,0,0.0,0,1
1.0,12,7.0,1714,0.0,0,0,0.0,0,1
404.0,503,55.0,999,0.0,0,0,0.0,0,1
1.0,4,2.0,999,0.0,0,0,0.0,0,1
1.0,9,6.0,999,0.0,0,0,0.0,0,1
1.0,1,0.0,999,0.0,0,0,0.0,0,1
1.0,9,5.0,999,0.0,0,0,0.0,0,1
1.0,17,12.0,1578,0.0,0,0,0.0,0,1
1.0,2,1.0,999,0.0,0,0,0.0,0,1
1.0,2,1.0,999,0.0,0,0,0.0,0,1
2.0,7,3.0,999,0.0,0,0,0.0,0,1
70.0,481,375.0,999,0.0,0,0,1.0,0,1
8.0,39,31.0,1536,0.0,0,0,1.0,0,1
5.0,20,10.0,999,0.0,0,0,0.0,0,1
1.0,3,2.0,999,0.0,0,0,0.0,0,1
2.0,9,7.0,999,0.0,0,0,0.0,0,1
41.0,373,298.0,999,0.0,0,0,0.0,0,1
2.0,28,20.0,1720,0.0,0,0,0.0,0,1
1.0,2,1.0,999,0.0,0,0,0.0,0,1
5.0,106,93.0,1298,20.0,0,0,1.0,1,0
1.0,2,1.0,1896,0.0,0,0,0.0,0,1
1.0,7,6.0,999,0.0,0,0,0.0,0,1
1.0,4,3.0,999,0.0,0,0,0.0,0,1
33.0,442,384.0,889,16.0,2,0,1.0,1,0
1.0,3,1.0,999,0.0,0,0,0.0,0,1
6.0,113,91.0,999,0.0,2,0,0.66667,0,0
7.0,41,29.0,1737,0.0,0,0,0.0,0,1
55.0,505,426.0,999,0.0,0,0,0.0,0,1
1.0,4,1.0,999,0.0,0,0,0.0,0,1
2.0,4,2.0,999,0.0,0,0,0.0,0,1
45.0,365,298.0,999,0.0,0,0,0.0,0,1
32.0,329,275.0,999,0.0,0,0,0.0,0,1
1.0,9,6.0,999,0.0,0,0,0.0,0,1
1.0,5,2.0,999,0.0,0,0,0.0,0,1
1.0,5,2.0,999,0.0,0,0,0.0,0,1
4.0,155,140.0,1298,6.041665,0,0,0.0,2,0
31.0,398,343.0,514,22.0,2,0,1.0,2,0
2.0,40,29.0,1298,19.0,0,0,0.0,1,1
1.0,24,22.0,1723,0.0,0,0,0.0,0,1
1.0,7,3.0,999,0.0,0,0,0.0,0,1
1.0,2,1.0,999,0.0,0,0,0.0,0,1
1.0,3,2.0,999,0.0,0,0,0.0,0,1
66.0,548,427.0,999,0.0,0,0,1.0,0,1
2.0,4,2.0,999,0.0,0,0,0.0,0,1
2.0,5,3.0,999,0.0,0,0,0.0,0,1
2.0,4,1.0,1762,0.0,0,0,0.0,0,1
1.0,4,3.0,999,0.0,0,0,0.0,0,1
1.0,3,2.0,999,0.0,0,0,0.92308,0,1
2.0,4,2.0,999,0.0,0,0,0.0,0,1
1.0,5,2.0,999,0.0,0,0,0.0,0,1
3780.0,5653,1873.0,999,0.0,0,0,0.0,0,1
1.0,4,3.0,999,0.0,0,0,0.0,0,1
16.0,236,193.0,1580,0.0,1,0,1.0,1,0
1.0,10,7.0,999,0.0,0,0,0.0,0,1
1.0,6,2.0,999,0.0,0,0,0.0,0,1
1.0,4,1.0,999,0.0,0,0,0.0,0,1
1.0,2,1.0,999,0.0,0,0,0.0,0,1
1.0,2,1.0,999,0.0,0,0,0.0,0,1
2.0,43,34.0,1298,18.0,0,0,0.0,1,1
1.0,4,3.0,999,0.0,0,0,0.0,0,1
3.0,12,6.0,999,0.0,0,0,1.0,0,1
78.0,655,556.0,1396,5.0,8,0,1.0,2,0
1.0,10,5.0,999,0.0,0,0,0.0,0,1
3.0,22,17.0,999,0.0,0,0,0.0,0,1
1.0,6,2.0,999,0.0,0,0,0.0,0,1
290.0,723,422.0,917,0.0,6,0,1.0,0,0
1.0,5,3.0,1719,0.0,0,0,0.0,0,1
1.0,4,3.0,999,0.0,0,0,0.0,0,1
1.0,6,4.0,999,0.0,0,0,0.0,0,1
1.0,3,2.0,999,0.0,0,0,0.0,0,1
13.0,150,122.0,1928,0.0,0,0,1.0,0,1
2.0,15,8.0,1714,0.0,0,0,0.0,0,1
43.0,271,205.0,999,0.0,0,0,0.0,0,1
1.0,3,1.0,999,0.0,0,0,0.0,0,1
1.0,3,2.0,999,0.0,0,0,0.0,0,1
1.0,2,1.0,999,0.0,0,0,0.0,0,1
1.0,2,1.0,999,0.0,0,0,0.0,0,1
3.0,37,32.0,500,0.0,0,0,0.0,0,1
43.0,436,359.0,1810,0.0,0,0,0.42857,0,1
1.0,2,1.0,999,0.0,0,0,0.0,0,1
1.0,3,1.0,999,0.0,0,0,0.0,0,1
2.0,14,5.0,999,0.0,0,0,0.0,0,1
10.0,19,4.0,999,0.0,0,0,0.0,0,1
23.0,49,9.0,999,0.0,0,0,0.0,0,1
1.0,18,12.0,999,0.0,0,0,0.0,0,1
2.0,4,2.0,999,0.0,0,0,0.0,0,1
1.0,10,6.0,999,0.0,0,0,0.0,0,1
2.0,5,2.0,999,0.0,0,0,0.0,0,1
64.0,601,503.0,1559,0.0,1,0,1.0,1,0
26.0,225,174.0,999,0.0,0,0,0.0,0,1
1.0,7,6.0,1935,0.0,0,0,0.0,0,1
1.0,4,3.0,1936,0.0,0,0,0.0,0,1
1.0,2,1.0,999,0.0,0,0,0.0,0,1
19.0,219,176.0,1936,0.0,2,0,1.0,0,0
1.0,11,8.0,999,0.0,0,0,0.0,0,1
1.0,3,2.0,999,0.0,0,0,0.0,0,1
1.0,2,1.0,999,0.0,0,0,0.0,0,1
27.0,281,225.0,999,0.0,2,0,1.0,0,0
40.0,431,364.0,503,0.0,0,0,0.0,0,1
26.0,397,345.0,999,0.0,2,0,1.0,0,0
37.0,262,198.0,659,0.0,0,0,0.0,0,1
55.0,446,371.0,1770,0.0,0,0,0.0,0,1
6.0,24,17.0,999,0.0,0,0,0.0,0,1
1.0,5,4.0,999,0.0,0,0,0.0,0,1
3.0,10,4.0,1736,8.25,0,0,0.0,3,1
6.0,14,4.0,999,0.0,0,0,0.0,0,1
1.0,6,5.0,999,0.0,0,0,0.0,0,1
36.0,457,390.0,859,0.0,2,0,0.8,0,0
1.0,7,3.0,999,0.0,0,0,0.0,0,1
1.0,2,1.0,999,0.0,0,0,0.0,0,1
2.0,23,20.0,1576,0.0,0,0,0.0,0,1
31.0,411,352.0,113,17.3125,2,0,1.0,6,0
1174.0,1874,696.0,1711,0.0,0,0,0.0,0,1
1.0,4,3.0,999,0.0,0,0,0.0,0,1
129.0,1088,910.0,1565,28.190568571,1,0,0.5,11,0
1.0,5,2.0,999,0.0,0,0,0.0,0,1
1.0,31,24.0,1298,18.33333,0,0,0.0,1,1
1.0,5,2.0,999,0.0,0,0,0.0,0,1
1.0,15,13.0,999,0.0,0,0,0.0,0,1
1.0,2,1.0,999,0.0,0,0,0.0,0,1
3.0,13,10.0,999,0.0,0,0,0.0,0,1
1.0,2,1.0,999,0.0,0,0,0.0,0,1
1.0,2,1.0,999,0.0,0,0,0.0,0,1
1.0,3,2.0,999,0.0,0,0,0.0,0,1
1.0,3,1.0,999,0.0,0,0,0.0,0,1
46.0,761,671.0,886,15.33333,1,0,0.4,1,0
1.0,6,3.0,999,0.0,0,0,0.0,0,1
1.0,8,7.0,999,0.0,0,0,0.0,0,1
1.0,8,4.0,999,0.0,0,0,0.0,0,1
1.0,4,2.0,999,0.0,0,0,0.0,0,1
1.0,11,10.0,999,0.0,0,0,0.0,0,1
2.0,11,9.0,999,0.0,0,0,0.0,0,1
42.0,411,351.0,1775,0.0,0,0,0.0,0,1
1.0,1,0.0,999,0.0,0,0,0.0,0,1
1.0,4,3.0,999,0.0,0,0,0.0,0,1
112.0,174,35.0,999,0.0,0,0,0.0,0,1
3.0,16,11.0,999,0.0,0,0,0.0,0,1
88.0,961,795.0,177,15.666666666,25,0,0.9,4,0
1.0,4,2.0,364,0.0,0,0,0.0,0,1
2.0,6,4.0,1786,0.0,0,0,0.0,0,1
1.0,4,1.0,999,0.0,0,0,0.0,0,1
1.0,2,1.0,999,0.0,0,0,1.0,0,1
1.0,7,5.0,999,0.0,0,0,0.0,0,1
1.0,12,10.0,999,0.0,0,0,0.0,0,1
5.0,304,286.0,1298,19.0,0,0,0.0,1,0
1.0,6,2.0,999,0.0,0,0,0.0,0,1
1.0,5,2.0,999,0.0,0,0,0.0,0,1
212.0,323,109.0,1713,0.0,0,0,0.0,0,1
5.0,13,8.0,1448,0.0,0,0,0.0,0,1
26.0,295,244.0,999,0.0,2,0,1.0,0,0
4.0,13,5.0,999,0.0,0,0,0.0,0,1
2.0,47,38.0,1298,20.0,0,0,1.0,1,0
1.0,4,3.0,999,0.0,0,0,0.0,0,1
3.0,12,6.0,999,0.0,0,0,0.0,0,1
2.0,10,7.0,1716,0.0,0,0,0.88889,0,1
5.0,15,6.0,999,0.0,0,0,0.5,3,1
6.0,19,11.0,285,0.0,0,0,0.0,0,1
2.0,16,13.0,999,0.0,0,0,0.0,0,1
2.0,8,6.0,1906,0.0,0,0,0.0,0,1
50.0,537,434.0,176,18.733333333,20,0,1.0,4,0
1.0,7,4.0,999,0.0,0,0,0.0,0,1
25.0,330,276.0,999,0.0,2,0,0.66667,0,0
1.0,4,1.0,999,0.0,0,0,0.0,0,1
1.0,12,6.0,1714,0.0,0,0,0.0,0,1
1.0,3,2.0,999,0.0,0,0,0.0,0,1
14.0,264,238.0,228,0.0,2,0,0.88889,1,0
2.0,7,5.0,1781,0.0,0,0,0.0,0,1
1.0,11,5.0,1712,0.0,0,0,0.0,0,1
1.0,19,17.0,999,0.0,0,0,0.0,0,1
2.0,17,15.0,1714,0.0,0,0,0.0,0,1
1.0,6,5.0,999,0.0,0,0,0.0,0,1
1.0,8,7.0,999,0.0,0,0,0.0,0,1
1.0,4,3.0,1714,0.0,0,0,0.0,0,1
1.0,3,2.0,999,0.0,0,0,0.0,0,1
2.0,27,23.0,1702,0.0,0,0,0.0,0,1
1.0,3,2.0,1896,0.0,0,0,0.0,0,1
2.0,5,2.0,999,0.0,0,0,0.0,0,1
1.0,4,2.0,999,0.0,0,0,0.0,0,1
1.0,2,1.0,999,0.0,0,0,0.0,0,1
4.0,26,16.0,581,0.0,0,0,0.0,0,1
3.0,15,11.0,999,0.0,0,0,0.0,0,1
28.0,345,303.0,1233,6.0,7,0,1.0,1,0
2.0,6,4.0,999,0.0,0,0,0.0,0,1
21.0,247,205.0,999,0.0,2,0,1.0,0,0
1.0,7,6.0,999,0.0,0,0,0.0,0,1
21.0,239,209.0,914,0.0,5,0,0.8,0,0
1.0,4,1.0,999,0.0,0,0,0.0,0,1
19.0,235,198.0,999,0.0,2,0,1.0,0,0
6.0,50,36.0,1703,0.0,0,0,0.0,0,1
5.0,16,9.0,999,0.0,0,0,0.0,0,1
16.0,223,192.0,918,0.0,2,0,0.5,0,0
28.0,220,182.0,1606,0.0,5,0,1.0,0,0
41.0,430,367.0,175,0.0,15,0,0.90909,0,0
42.0,328,265.0,999,0.0,0,0,0.0,0,1
2.0,14,8.0,1722,0.0,0,0,0.0,0,1
2.0,5,2.0,1876,0.0,0,0,1.0,0,1
44.0,324,270.0,1604,0.0,5,0,1.0,0,0
2.0,4,2.0,999,0.0,0,0,0.0,0,1
1.0,17,12.0,1721,0.0,0,0,0.0,0,1
4.0,33,26.0,1606,0.0,0,0,0.0,0,1
60.0,713,625.0,999,0.0,0,0,0.0,0,1
1.0,10,9.0,1573,0.0,0,0,0.0,0,1
1.0,3,2.0,999,0.0,0,0,1.0,0,1
1.0,4,3.0,1926,0.0,0,0,0.0,0,1
28.0,390,315.0,1457,6.0,10,0,1.0,2,0
2.0,34,32.0,36,0.0,0,0,0.0,0,1
1.0,3,2.0,1905,0.0,0,0,0.0,0,1
54.0,576,477.0,1517,0.0,1,0,1.0,1,0
7.0,75,59.0,999,0.0,2,0,1.0,0,0
25.0,276,246.0,913,0.0,2,0,0.66667,0,0
53.0,467,392.0,1580,0.0,0,0,1.0,0,1
1.0,4,1.0,999,0.0,0,0,0.0,0,1
47.0,426,364.0,1457,6.0,8,0,1.0,1,0
1.0,6,5.0,999,0.0,0,0,0.0,0,1
2.0,5,3.0,1877,0.0,0,0,0.0,0,1
3.0,16,11.0,858,0.0,0,0,1.0,0,1
2.0,10,8.0,1724,0.0,0,0,0.0,0,1
2.0,6,3.0,1898,0.0,0,0,0.0,0,1
157.0,1122,941.0,1509,2.0,0,0,1.0,3,0
1.0,2,1.0,999,0.0,0,0,0.0,0,1
32.0,404,350.0,999,0.0,0,0,0.0,0,1
2.0,14,4.0,999,0.0,0,0,0.0,0,1
1.0,3,2.0,999,0.0,0,0,0.0,0,1
1.0,9,4.0,1724,0.0,0,0,0.0,0,1
8.0,26,13.0,1788,0.0,0,0,0.66667,0,1
34.0,239,200.0,875,0.0,4,0,1.0,0,0
30.0,338,280.0,1457,7.0,10,0,1.0,3,0
108.0,892,726.0,63,8.31667,22,0,1.0,1,0
46.0,532,456.0,184,8.03333,18,0,1.0,1,0
9.0,169,145.0,1457,3.0,6,0,1.0,1,0
2.0,5,3.0,999,0.0,0,0,0.0,0,1
33.0,308,243.0,999,0.0,2,0,1.0,0,0
38.0,335,263.0,999,0.0,2,0,1.0,0,0
2.0,11,5.0,1722,0.0,0,0,0.0,0,1
1.0,3,2.0,999,0.0,0,0,0.0,0,1
3.0,17,10.0,999,0.0,0,0,0.0,0,1
1.0,19,12.0,1711,0.0,0,0,0.0,0,1
33.0,311,261.0,1457,5.0,9,0,1.0,1,0
1.0,7,4.0,999,0.0,0,0,0.0,0,1
1.0,2,1.0,999,0.0,0,0,0.0,0,1
2.0,8,5.0,1719,0.0,0,0,0.0,0,1
3.0,18,10.0,999,0.0,0,0,0.0,0,1
53.0,488,409.0,603,0.0,5,0,1.0,0,0
31.0,363,311.0,488,4.0,2,0,0.66667,2,0
1.0,3,2.0,999,0.0,0,0,0.0,0,1
1.0,6,3.0,999,0.0,0,0,0.0,0,1
56.0,741,663.0,1513,0.0,0,0,1.0,0,1
12.0,229,193.0,999,0.0,2,0,0.66667,0,0
7.0,259,216.0,1517,0.0,2,0,1.0,2,0
32.0,401,323.0,1476,0.0,2,0,1.0,2,0
38.0,332,284.0,1606,0.0,5,0,1.0,0,0
22.0,223,172.0,1606,0.0,4,0,1.0,0,0
1.0,13,11.0,999,0.0,0,0,0.0,0,1
3.0,29,19.0,1731,0.0,0,0,0.0,0,1
142.0,1417,1214.0,176,8.8,13,0,0.13043,1,0
1.0,2,1.0,1779,0.0,0,0,0.0,0,1
1.0,3,2.0,999,0.0,0,0,0.0,0,1
28.0,333,256.0,999,0.0,2,0,1.0,1,0
37.0,355,294.0,999,0.0,0,0,0.0,0,1
36.0,321,259.0,911,0.0,8,0,1.0,0,0
14.0,204,170.0,999,0.0,0,0,0.0,0,1
3.0,17,14.0,1751,0.0,0,0,1.0,0,1
45.0,497,439.0,916,0.0,7,0,1.0,0,0
58.0,561,480.0,659,6.0,9,0,1.0,1,0
18.0,165,120.0,999,0.0,0,0,0.0,0,1
12.0,214,188.0,918,0.0,6,0,1.0,0,0
1.0,2,1.0,1895,0.0,0,0,0.0,0,1
1.0,3,1.0,1897,0.0,0,0,0.0,0,1
46.0,462,393.0,1382,6.0,10,0,1.0,2,0
1.0,7,3.0,999,0.0,0,0,0.0,0,1
41.0,517,451.0,999,0.0,0,0,0.0,0,1
38.0,356,288.0,1585,0.0,0,0,0.0,0,1
21.0,311,275.0,1788,0.0,0,0,0.0,0,1
2.0,17,13.0,999,0.0,0,0,0.0,0,1
18.0,263,232.0,1457,0.0,7,0,1.0,0,0
3.0,49,41.0,999,0.0,0,0,1.0,0,1
33.0,377,337.0,912,0.0,5,0,0.8,0,0
1.0,6,3.0,999,0.0,0,0,0.0,0,1
915.0,1693,758.0,910,0.0,8,0,1.0,0,0
16.0,240,202.0,999,0.0,0,0,0.0,0,1
45.0,477,410.0,999,0.0,0,0,1.0,0,1
49.0,589,504.0,1522,0.0,2,0,0.88235,1,0
33.0,378,338.0,917,0.0,3,0,1.0,0,0
23.0,239,196.0,999,0.0,0,0,0.0,0,1
48.0,301,219.0,1457,6.0,2,0,1.0,1,0
29.0,262,216.0,877,0.0,4,0,1.0,0,0
26.0,311,262.0,999,0.0,0,0,0.0,0,1
32.0,259,207.0,1781,0.0,0,0,0.0,0,1
1.0,8,7.0,1687,0.0,0,0,0.0,0,1
47.0,612,537.0,1456,6.0,9,0,1.0,1,0
2.0,7,5.0,1769,0.0,0,0,0.0,0,1
3.0,20,17.0,1710,0.0,0,0,0.0,0,1
40.0,360,307.0,914,0.0,7,0,0.95238,0,0
819.0,1541,700.0,999,0.0,0,0,0.0,0,1
2.0,4,2.0,1914,0.0,0,0,0.0,0,1
26.0,313,251.0,1566,0.0,2,0,1.0,1,0
53.0,546,465.0,1352,7.0,8,0,1.0,3,0
36.0,495,422.0,999,0.0,0,0,0.0,0,1
22.0,328,285.0,1552,0.0,0,0,0.0,0,1
3.0,11,6.0,999,0.0,0,0,0.0,0,1
2.0,12,6.0,1713,0.0,0,0,0.0,0,1
37.0,334,279.0,999,0.0,0,0,0.0,0,1
51.0,429,338.0,910,0.0,7,0,1.0,0,0
32.0,309,245.0,1510,0.0,2,0,0.85714,1,0
328.0,642,292.0,1517,0.0,1,0,0.92857,0,0
30.0,415,367.0,212,0.0,1,0,0.4375,1,0
30.0,286,230.0,999,0.0,0,0,0.0,0,1
24.0,277,221.0,1517,0.0,2,0,1.0,1,0
3.0,41,34.0,1720,0.0,0,0,0.0,0,1
39.0,503,444.0,1457,4.0,9,0,0.9,3,0
9.0,40,30.0,999,0.0,0,0,0.0,0,1
1.0,3,2.0,999,0.0,0,0,0.0,0,1
1.0,3,2.0,999,0.0,0,0,0.0,0,1
1.0,3,1.0,999,0.0,0,0,0.0,0,1
1.0,16,15.0,999,0.0,0,0,0.0,0,1
2.0,8,6.0,999,0.0,0,0,0.0,0,1
1.0,4,3.0,999,0.0,0,0,0.0,0,1
1.0,3,2.0,999,0.0,0,0,0.0,0,1
1.0,3,1.0,999,0.0,0,0,0.0,0,1
1.0,3,1.0,999,0.0,0,0,0.0,0,1
1.0,3,2.0,999,0.0,0,0,0.0,0,1
1.0,2,1.0,999,0.0,0,0,0.0,0,1
1.0,4,3.0,999,0.0,0,0,0.0,0,1
1.0,3,2.0,999,0.0,0,0,0.0,0,1
3.0,7,4.0,1762,0.0,0,0,0.0,0,1
4.0,13,9.0,1925,0.0,0,0,0.0,0,1
1.0,9,6.0,1782,0.0,0,0,0.0,0,1
1.0,13,12.0,1715,0.0,0,0,0.0,0,1
1.0,6,3.0,1633,0.0,0,0,0.0,0,1
4.0,32,28.0,1526,0.0,0,0,1.0,0,1
1.0,3,2.0,999,0.0,0,0,0.0,0,1
2.0,17,10.0,1927,0.0,0,0,0.0,0,1
1.0,11,6.0,1714,0.0,0,0,0.0,0,1
1.0,9,5.0,1714,0.0,0,0,0.0,0,1
4.0,13,9.0,1779,0.0,0,0,0.0,0,1
12.0,69,45.0,1692,0.0,0,0,0.0,0,1
1.0,5,2.0,999,0.0,0,0,0.0,0,1
1.0,6,2.0,999,0.0,0,0,0.0,0,1
2.0,5,3.0,1783,0.0,0,0,0.0,0,1
1.0,4,2.0,999,0.0,0,0,0.0,0,1
1.0,14,7.0,1714,0.0,0,0,0.0,0,1
1.0,3,2.0,1713,0.0,0,0,1.0,0,1
1.0,8,6.0,999,0.0,0,0,0.66667,0,1
1.0,6,3.0,999,0.0,0,0,0.0,0,1
1.0,5,3.0,999,0.0,0,0,0.0,0,1
3.0,11,8.0,1676,0.0,0,0,0.0,0,1
2.0,6,4.0,1722,0.0,0,0,0.0,0,1
1.0,28,22.0,1724,0.0,0,0,0.0,0,1
48.0,441,381.0,1936,0.0,0,0,0.0,0,1
56.0,498,419.0,1788,0.0,0,0,1.0,0,1
37.0,272,213.0,999,0.0,0,0,1.0,0,1
3.0,27,19.0,1712,0.0,0,0,1.0,0,1
23.0,424,390.0,999,0.0,0,0,0.0,0,1
101.0,696,572.0,1421,0.0,0,0,0.0,0,1
34.0,532,477.0,999,0.0,2,0,1.0,0,0
1.0,4,1.0,999,0.0,0,0,0.0,0,1
1.0,19,17.0,1726,0.0,0,0,0.0,0,1
23.0,743,701.0,1562,0.0,0,0,0.0,0,1
1.0,10,9.0,1726,0.0,0,0,0.0,0,1
1.0,5,3.0,1408,0.0,0,0,0.0,0,1
20.0,494,434.0,1584,0.0,0,0,0.0,0,1
1.0,9,6.0,999,0.0,0,0,0.0,0,1
1.0,4,3.0,1724,0.0,0,0,1.0,0,1
5.0,24,15.0,1722,0.0,0,0,0.0,0,1
5.0,16,11.0,1722,0.0,0,0,0.0,0,1
1.0,4,3.0,1762,0.0,0,0,0.0,0,1
901.0,1432,531.0,1784,0.0,0,0,0.0,0,1
1.0,15,12.0,1732,0.0,0,0,0.0,0,1
38.0,399,344.0,909,0.0,7,0,0.875,0,0
28.0,344,285.0,872,0.0,2,0,0.33333,0,0
66.0,419,335.0,1785,0.0,0,0,0.0,0,1
1.0,2,1.0,999,0.0,0,0,0.0,0,1
3.0,11,8.0,999,0.0,0,0,0.0,0,1
3.0,12,7.0,999,0.0,0,0,0.0,0,1
1.0,2,1.0,999,0.0,0,0,0.0,0,1
1.0,2,1.0,999,0.0,0,0,0.0,0,1
2.0,7,3.0,999,0.0,0,0,0.0,0,1
2.0,7,5.0,999,0.0,0,0,0.0,0,1
3.0,13,8.0,999,0.0,0,0,0.0,0,1
1.0,7,5.0,999,0.0,0,0,0.0,0,1
1.0,4,1.0,999,0.0,0,0,0.0,0,1
1.0,5,2.0,999,0.0,0,0,0.0,0,1
1.0,2,1.0,999,0.0,0,0,0.0,0,1
2.0,6,3.0,999,0.0,0,0,0.0,0,1
1.0,2,1.0,999,0.0,0,0,0.0,0,1
1.0,3,2.0,999,0.0,0,0,0.0,0,1
1.0,3,1.0,999,0.0,0,0,0.0,0,1
3.0,30,22.0,999,0.0,0,0,0.0,0,1
2.0,8,2.0,999,0.0,0,0,0.0,0,1
1.0,4,1.0,999,0.0,0,0,0.0,0,1
1.0,2,1.0,999,0.0,0,0,0.0,0,1
18.0,214,178.0,1930,0.0,2,0,1.0,0,0
36.0,498,426.0,1298,18.33333,2,0,0.85714,1,0
21.0,296,251.0,999,0.0,2,0,1.0,0,0
16.0,335,306.0,999,0.0,2,0,1.0,0,0
13.0,187,146.0,1784,0.0,2,0,0.66667,0,0
32.0,314,264.0,851,0.0,2,0,1.0,0,0
24.0,439,382.0,854,0.0,2,0,1.0,0,0
58.0,646,559.0,377,0.0,2,0,1.0,0,0
31.0,341,278.0,891,0.0,2,0,1.0,0,0
22.0,309,259.0,999,0.0,2,0,1.0,0,0
25.0,425,378.0,999,0.0,2,0,0.66667,0,0
31.0,352,286.0,999,0.0,2,0,0.57143,0,0
25.0,187,157.0,885,0.0,2,0,1.0,0,0
10.0,145,117.0,999,0.0,0,0,0.0,0,1
65.0,488,383.0,1772,0.0,2,0,0.66667,0,0
2.0,8,6.0,1711,0.0,0,0,0.0,0,1
35.0,463,398.0,891,0.0,2,0,1.0,0,0
69.0,971,842.0,1783,0.0,2,0,0.6,0,0
1.0,2,1.0,999,0.0,0,0,0.0,0,1
1.0,35,26.0,1298,19.0,0,0,0.0,1,1
14.0,264,226.0,1298,10.0,2,0,0.66667,1,0
3.0,112,98.0,1298,8.916665,0,0,1.0,2,0
2.0,60,44.0,1298,13.90476,0,0,0.0,2,1
46.0,607,529.0,178,8.56667,21,0,0.95455,1,0
2.0,33,28.0,1298,20.0,0,0,0.0,1,1
11.0,124,102.0,1296,8.208335,0,0,0.5,2,0
2.0,33,26.0,1298,14.0,0,0,0.0,1,1
14.0,88,62.0,1298,20.0,0,0,0.0,1,0
3.0,49,39.0,1298,17.0,0,0,0.0,1,0
2.0,49,38.0,1297,16.190473333,0,0,1.0,3,0
30.0,649,588.0,803,19.0,2,0,1.0,1,0
1.0,31,25.0,1298,19.0,0,0,0.0,1,1
52.0,710,624.0,176,9.41667,21,0,0.82759,1,0
1.0,9,7.0,1576,0.0,0,0,0.0,0,1
1.0,8,5.0,999,0.0,0,0,0.0,0,1
6.0,109,96.0,1298,10.75,0,0,0.0,2,0
2.0,80,69.0,1298,9.0,0,0,0.0,2,1
2.0,34,29.0,1298,19.0,0,0,1.0,1,1
1.0,12,7.0,999,0.0,0,0,0.0,0,1
42.0,340,284.0,1428,0.0,6,0,1.0,0,0
76.0,794,635.0,1555,0.0,6,0,1.0,0,0
55.0,510,388.0,1519,0.0,2,0,1.0,1,0
98.0,785,642.0,1004,0.0,1,0,1.0,1,0
1.0,4,3.0,999,0.0,0,0,0.66667,0,1
25.0,203,144.0,999,0.0,1,0,0.66667,1,0
1.0,2,1.0,999,0.0,0,0,0.0,0,1
2.0,5,2.0,999,0.0,0,0,0.0,0,1
1.0,3,1.0,999,0.0,0,0,0.0,0,1
1.0,3,2.0,1895,0.0,0,0,0.0,0,1
11.0,29,9.0,999,0.0,0,0,0.0,0,1
1.0,3,2.0,999,0.0,0,0,0.0,0,1
2.0,5,3.0,999,0.0,0,0,0.0,0,1
2.0,26,24.0,999,0.0,0,0,0.0,0,1
1.0,12,10.0,999,0.0,0,0,0.0,0,1
2.0,6,4.0,1919,0.0,0,0,0.0,0,1
4.0,26,18.0,999,0.0,0,0,0.0,0,1
1.0,2,1.0,1831,0.0,0,0,0.5,0,1
1.0,10,9.0,1731,0.0,0,1,0.0,0,1
2.0,13,5.0,1690,0.0,0,0,0.0,0,1
2.0,10,4.0,999,0.0,0,0,0.0,0,1
1.0,2,1.0,1787,0.0,0,0,0.0,0,1
0.0,5,4.0,999,0.0,0,0,0.0,0,1
1.0,8,5.0,999,0.0,0,0,0.0,0,1
28.0,288,229.0,999,0.0,0,0,0.0,0,1
1.0,8,4.0,999,0.0,0,0,0.0,0,1
4.0,13,9.0,999,0.0,0,0,1.0,0,1
14.0,170,140.0,999,0.0,2,0,1.0,0,0
1.0,10,7.0,999,0.0,0,0,0.0,0,1
1.0,11,10.0,1440,0.0,0,0,0.0,0,1
1.0,2,1.0,1935,0.0,0,0,0.0,0,1
1.0,7,4.0,999,0.0,0,0,0.0,0,1
204.0,4062,2874.0,0,0.0,0,1,0.8,0,0
1.0,2,1.0,1887,0.0,0,0,1.0,0,1
86.0,1776,665.0,17,0.0,0,0,0.0,0,0
377.0,13490,11286.0,2,0.0,0,0,0.0,0,0
0.0,10,5.0,1765,0.0,0,0,0.0,0,1
3.0,26,18.0,1731,0.0,0,0,0.0,0,1
147.0,1390,1235.0,44,0.0,0,0,0.0,0,0
5.0,47,35.0,1726,0.0,0,0,0.0,0,1
1.0,16,11.0,1716,0.0,0,0,0.0,0,1
1.0,7,4.0,1706,0.0,0,0,0.0,0,1
5.0,37,23.0,1719,0.0,0,0,0.0,0,1
2.0,21,15.0,1675,0.0,0,0,0.0,0,1
3.0,40,32.0,1698,0.0,0,0,0.0,0,1
1.0,10,5.0,1724,0.0,0,0,0.0,0,1
6.0,25,15.0,1457,0.0,0,0,0.0,0,1
1.0,2,0.0,999,0.0,0,0,0.0,0,1
3.0,77,61.0,1720,0.0,0,0,0.0,0,1
1.0,7,2.0,1725,0.0,0,0,0.0,0,1
5.0,44,35.0,1641,0.0,0,0,1.0,0,1
5.0,42,31.0,1623,0.0,0,0,1.0,0,1
6.0,43,30.0,1645,0.0,0,0,0.5,0,1
3.0,37,26.0,1682,0.0,0,0,1.0,0,1
4.0,53,44.0,1682,0.0,0,0,0.0,0,1
1.0,29,24.0,1714,0.0,0,0,1.0,0,1
13.0,110,88.0,1592,0.0,0,0,0.0,0,1
2.0,4,1.0,999,0.0,0,0,0.0,0,1
1.0,10,7.0,1714,0.0,0,0,0.0,0,1
20.0,122,97.0,1618,0.0,0,0,0.0,0,1
6.0,35,25.0,1630,0.0,0,0,1.0,0,1
4.0,4,0.0,999,0.0,0,0,0.0,0,1
7.0,78,63.0,1671,0.0,0,0,1.0,0,1
1.0,40,37.0,1646,0.0,0,0,0.66667,0,1
1.0,1,0.0,999,0.0,0,0,0.0,0,1
1.0,1,0.0,999,0.0,0,0,0.0,0,1
2.0,16,10.0,1712,0.0,0,0,0.0,0,1
1.0,1,0.0,999,0.0,0,0,0.0,0,1
1.0,5,2.0,1714,0.0,0,0,0.0,0,1
5.0,42,28.0,1677,0.0,0,0,0.0,0,1
14.0,118,99.0,1602,0.0,0,0,0.0,0,1
3.0,25,16.0,1716,0.0,0,0,0.0,0,1
11.0,60,45.0,1600,0.0,0,0,0.0,0,1
5.0,76,62.0,1614,0.0,0,0,0.0,0,1
14.0,109,91.0,1622,0.0,0,0,0.0,0,1
1.0,1,0.0,999,0.0,0,0,0.0,0,1
3.0,13,4.0,1658,0.0,0,0,0.0,0,1
4.0,42,32.0,1639,0.0,0,0,1.0,0,1
1.0,9,3.0,1655,0.0,0,0,0.0,0,1
3.0,3,0.0,999,0.0,0,0,0.0,0,1
1.0,2,0.0,999,0.0,0,0,0.0,0,1
1.0,11,6.0,1642,0.0,0,0,1.0,0,1
2.0,15,9.0,1710,0.0,0,0,0.0,0,1
1.0,18,14.0,1716,0.0,0,0,0.0,0,1
12.0,119,98.0,1393,0.0,0,0,0.0,0,1
16.0,108,88.0,1614,0.0,0,0,0.0,0,1
9.0,46,33.0,1631,0.0,0,0,0.0,0,1
17.0,128,105.0,939,0.0,0,0,0.0,0,1
11.0,175,148.0,1298,11.25,0,0,1.0,3,0
1.0,26,22.0,1714,0.0,0,0,0.0,0,1
7.0,45,30.0,1618,0.0,0,0,0.0,0,1
3.0,43,36.0,1646,0.0,0,0,0.0,0,1
42.0,181,130.0,30,0.0,0,0,1.0,0,0
3.0,20,11.0,1675,0.0,0,0,0.0,0,1
5.0,21,11.0,1675,0.0,0,0,0.0,0,1
32.0,229,189.0,1596,0.0,0,0,0.25,0,1
13.0,73,56.0,1612,0.0,0,0,0.0,0,1
1.0,32,29.0,1714,0.0,0,0,0.0,0,1
3.0,49,38.0,1707,0.0,0,0,1.0,0,1
2.0,13,7.0,1694,0.0,0,0,0.0,0,1
1.0,5,1.0,999,0.0,0,0,0.0,0,1
1.0,7,4.0,1714,0.0,0,0,0.0,0,1
22.0,190,164.0,1627,0.0,0,0,0.0,0,1
1.0,13,10.0,1681,0.0,0,0,0.0,0,1
2.0,10,5.0,1673,0.0,0,0,0.0,0,1
1.0,4,1.0,999,0.0,0,0,0.0,0,1
1.0,6,2.0,1716,0.0,0,0,0.0,0,1
1.0,1,0.0,999,0.0,0,0,0.0,0,1
5.0,31,22.0,1614,0.0,0,0,0.0,0,1
2.0,12,6.0,1676,0.0,0,0,1.0,0,1
2.0,37,31.0,1677,0.0,0,0,0.0,0,1
3.0,7,2.0,999,0.0,0,0,0.0,0,1
1.0,4,1.0,1675,0.0,0,0,0.0,0,1
1.0,8,3.0,1716,0.0,0,0,0.0,0,1
4.0,26,13.0,1677,0.0,0,0,0.0,0,1
2.0,6,2.0,999,0.0,0,0,0.0,0,1
3.0,20,13.0,1670,0.0,0,0,0.0,0,1
6.0,64,52.0,1631,0.0,0,0,0.0,0,1
5.0,6,0.0,999,0.0,0,0,0.0,0,1
27.0,182,127.0,1574,0.0,0,0,0.0,0,1
6.0,49,38.0,1619,0.0,0,0,0.0,0,1
1.0,10,4.0,1716,0.0,0,0,0.0,0,1
17.0,164,142.0,1607,0.0,0,0,0.0,0,1
26.0,214,184.0,1220,0.0,0,0,0.5,0,1
1.0,129,122.0,1614,0.0,0,0,0.0,0,1
10.0,62,36.0,1623,0.0,0,0,0.0,0,1
45.0,453,384.0,891,0.0,2,0,1.0,0,0
20.0,192,161.0,832,0.0,0,0,0.0,0,1
6.0,72,59.0,1629,0.0,0,0,0.0,0,1
3.0,18,9.0,1651,0.0,0,0,0.0,0,1
25.0,152,123.0,1513,0.0,0,0,0.0,0,1
16.0,139,117.0,1230,0.0,0,0,0.0,0,1
1.0,15,9.0,1716,0.0,0,0,0.0,0,1
2.0,4,0.0,999,0.0,0,0,0.0,0,1
1.0,10,5.0,1661,0.0,0,0,0.0,0,1
2.0,2,0.0,999,0.0,0,0,0.0,0,1
13.0,101,84.0,1614,0.0,0,0,1.0,0,1
9.0,200,179.0,1298,10.5,0,0,1.0,2,0
1.0,15,9.0,1675,0.0,0,0,0.0,0,1
35.0,212,167.0,1608,0.0,0,0,0.0,0,1
2.0,17,11.0,1716,0.0,0,0,0.0,0,1
12.0,84,60.0,1616,0.0,0,0,0.0,0,1
1.0,11,5.0,1714,0.0,0,0,0.33333,0,1
1.0,12,8.0,1714,0.0,0,0,0.0,0,1
60.0,397,331.0,1614,0.0,0,0,0.9375,0,1
2.0,14,7.0,1675,0.0,0,0,0.0,0,1
1.0,1,0.0,999,0.0,0,0,0.0,0,1
3.0,170,161.0,1622,0.0,0,0,1.0,0,1
1.0,12,7.0,1661,0.0,0,0,0.0,0,1
9.0,31,17.0,1616,0.0,0,0,0.0,0,1
1.0,9,4.0,1714,0.0,0,0,0.0,0,1
5.0,57,47.0,1682,0.0,0,0,0.66667,0,1
1.0,25,20.0,1683,0.0,0,0,1.0,0,1
1.0,7,2.0,1716,0.0,0,0,0.0,0,1
11.0,90,75.0,1628,0.0,0,0,0.0,0,1
8.0,459,443.0,1592,0.0,0,0,0.0,0,1
17.0,180,159.0,1599,0.0,0,0,0.0,0,1
12.0,77,60.0,1626,0.0,0,0,0.0,0,1
5.0,47,33.0,1633,0.0,0,0,0.0,0,1
4.0,32,18.0,1675,0.0,0,0,0.0,0,1
12.0,98,82.0,1613,0.0,0,0,1.0,0,1
5.0,39,27.0,1626,0.0,0,0,0.0,0,1
4.0,125,116.0,1614,0.0,0,0,0.0,0,1
6.0,62,52.0,1616,0.0,0,0,0.0,0,1
11.0,99,75.0,1627,0.0,0,0,0.0,0,1
76.0,717,629.0,264,0.0,0,0,0.0,0,1
25.0,154,122.0,1509,0.0,0,0,0.0,0,1
1.0,2,0.0,999,0.0,0,0,0.0,0,1
4.0,27,19.0,1626,0.0,0,0,1.0,0,1
12.0,49,32.0,1622,0.0,0,0,0.0,0,1
2.0,14,8.0,1681,0.0,0,0,0.0,0,1
1.0,20,14.0,1671,0.0,0,0,0.0,0,1
1.0,2,1.0,999,0.0,0,0,0.0,0,1
5.0,31,20.0,1634,0.0,0,0,0.0,0,1
10.0,68,48.0,1633,0.0,0,0,1.0,0,1
5.0,73,60.0,1644,0.0,0,0,0.5,0,1
30.0,272,235.0,1162,0.0,0,0,0.0,0,1
2.0,32,26.0,1677,0.0,0,0,0.0,0,1
4.0,58,47.0,1630,0.0,0,0,0.0,0,1
2.0,20,13.0,1673,0.0,0,0,0.0,0,1
2.0,373,364.0,1600,0.0,0,0,0.0,0,1
5.0,26,17.0,1630,0.0,0,0,0.0,0,1
22.0,139,112.0,1614,0.0,0,0,0.0,0,1
1.0,9,4.0,1714,0.0,0,0,0.0,0,1
5.0,38,29.0,1675,0.0,0,0,0.0,0,1
3.0,24,17.0,1679,0.0,0,0,0.0,0,1
2.0,13,8.0,1679,0.0,0,0,0.0,0,1
10.0,60,44.0,1677,0.0,0,0,0.33333,0,1
2.0,10,4.0,1714,0.0,0,0,0.0,0,1
1.0,21,17.0,1714,0.0,0,0,1.0,0,1
4.0,16,8.0,1681,0.0,0,0,0.0,0,1
3.0,3,0.0,999,0.0,0,0,0.0,0,1
31.0,199,163.0,1574,0.0,0,0,0.0,0,1
3.0,30,23.0,1680,0.0,0,0,0.66667,0,1
18.0,80,58.0,1614,0.0,0,0,0.0,0,1
3.0,32,23.0,1714,0.0,0,0,0.0,0,1
20.0,178,150.0,1610,0.0,0,0,0.0,0,1
23.0,153,123.0,1583,0.0,0,0,0.0,0,1
1.0,10,5.0,1714,0.0,0,0,0.0,0,1
1.0,7,3.0,1714,0.0,0,0,0.0,0,1
24.0,144,115.0,1600,0.0,0,0,0.0,0,1
21.0,164,137.0,1616,0.0,0,0,0.0,0,1
11.0,105,88.0,1639,0.0,0,0,1.0,0,1
1.0,7,2.0,1716,0.0,0,0,0.0,0,1
1.0,4,1.0,999,0.0,0,0,0.0,0,1
2.0,29,23.0,1715,0.0,0,0,0.0,0,1
7.0,40,29.0,1613,0.0,0,0,0.0,0,1
2.0,22,15.0,1669,0.0,0,0,1.0,0,1
1.0,5,2.0,999,0.0,0,0,0.0,0,1
1.0,154,148.0,1598,0.0,0,0,1.0,0,1
2.0,8,2.0,1714,0.0,0,0,0.0,0,1
5.0,27,17.0,1692,0.0,0,0,0.0,0,1
3.0,73,61.0,1298,11.66667,0,0,0.0,1,0
1.0,11,6.0,1714,0.0,0,0,1.0,0,1
5.0,58,47.0,1445,0.0,0,0,0.33333,0,1
14.0,101,79.0,1610,0.0,0,0,1.0,0,1
1.0,8,4.0,1694,0.0,0,0,0.0,0,1
3.0,13,6.0,1662,0.0,0,0,0.0,0,1
3.0,6,1.0,1652,0.0,0,0,0.0,0,1
6.0,59,49.0,1614,0.0,0,0,0.0,0,1
1.0,9,4.0,1714,0.0,0,0,0.0,0,1
1.0,4,1.0,999,0.0,0,0,0.0,0,1
8.0,88,76.0,1630,0.0,0,0,0.0,0,1
11.0,59,43.0,1592,0.0,0,0,0.0,0,1
22.0,193,158.0,1646,0.0,0,0,0.0,0,1
22.0,159,133.0,1602,0.0,0,0,0.0,0,1
1.0,290,284.0,1618,0.0,0,0,0.0,0,1
1.0,5,2.0,999,0.0,0,0,0.0,0,1
2.0,7,2.0,999,0.0,0,0,0.0,0,1
18.0,144,122.0,1591,0.0,0,0,0.0,0,1
5.0,77,64.0,1675,0.0,0,0,0.0,0,1
1.0,24,19.0,1716,0.0,0,0,1.0,0,1
1.0,8,3.0,1676,0.0,0,0,0.0,0,1
4.0,18,10.0,1716,0.0,0,0,0.0,0,1
5.0,71,61.0,1653,0.0,0,0,1.0,0,1
34.0,327,286.0,1607,0.0,0,0,0.0,0,1
23.0,126,99.0,1616,0.0,0,0,0.0,0,1
1.0,26,23.0,1629,0.0,0,0,1.0,0,1
9.0,87,73.0,1597,0.0,0,0,0.0,0,1
1.0,7,2.0,1716,0.0,0,0,0.0,0,1
2.0,38,32.0,1714,0.0,0,0,1.0,0,1
6.0,50,37.0,1611,0.0,0,0,0.0,0,1
1.0,14,11.0,1714,0.0,0,0,0.0,0,1
16.0,136,116.0,1611,0.0,0,0,0.0,0,1
3.0,23,16.0,1676,0.0,0,0,0.0,0,1
11.0,90,71.0,1605,0.0,0,0,0.0,0,1
9.0,61,47.0,1612,0.0,0,0,0.0,0,1
67.0,531,419.0,790,23.83333,0,0,1.0,5,0
1.0,19,13.0,892,0.0,0,0,0.0,0,1
21.0,202,170.0,181,2.61667,6,0,0.96296,1,0
1905.0,2901,972.0,999,0.0,2,0,1.0,0,0
24.0,305,239.0,888,0.0,2,0,0.66667,0,0
17.0,252,217.0,790,26.272725,0,0,1.0,5,0
51.0,470,401.0,489,27.5,0,0,0.83333,5,0
1.0,21,18.0,1656,0.0,0,0,0.0,0,1
46.0,437,359.0,889,0.0,2,0,0.66667,0,0
29.0,445,384.0,889,0.0,2,0,0.66667,0,0
37.0,368,305.0,854,0.0,2,0,0.66667,0,0
27.0,297,239.0,999,0.0,2,0,1.0,0,0
20.0,298,251.0,999,0.0,2,0,1.0,0,0
21.0,204,161.0,887,0.0,2,0,1.0,0,0
31.0,436,380.0,999,0.0,2,0,1.0,0,0
11.0,231,194.0,872,0.0,2,0,1.0,0,0
21.0,258,219.0,792,27.045455,0,0,1.0,5,0
81.0,542,405.0,873,0.0,2,0,1.0,0,0
17.0,332,295.0,504,19.333333333,2,0,1.0,2,0
22.0,368,320.0,879,0.0,2,0,1.0,0,0
3.0,11,3.0,999,0.0,0,0,0.0,0,1
29.0,438,384.0,1594,24.666666666,2,0,1.0,2,0
31.0,490,435.0,868,0.0,2,0,1.0,0,0
23.0,388,336.0,999,0.0,2,0,1.0,0,0
26.0,303,232.0,868,0.0,2,0,1.0,0,0
45.0,612,508.0,860,0.0,2,0,1.0,0,0
20.0,324,282.0,495,6.0,2,0,1.0,2,0
16.0,236,195.0,999,0.0,2,0,0.66667,0,0
33.0,383,326.0,872,0.0,2,0,1.0,0,0
38.0,539,476.0,879,0.0,2,0,1.0,0,0
1376.0,2474,1070.0,890,0.0,2,0,1.0,0,0
45.0,410,342.0,999,0.0,2,0,0.5,0,0
66.0,550,460.0,849,0.0,2,0,1.0,0,0
27.0,321,263.0,999,0.0,2,0,1.0,0,0
1.0,1,0.0,999,0.0,0,0,0.0,0,1
25.0,548,495.0,886,0.0,2,0,1.0,0,0
23.0,277,228.0,999,0.0,2,0,1.0,0,0
4.0,28,18.0,1676,0.0,0,0,0.0,0,1
33.0,406,336.0,999,0.0,2,0,1.0,0,0
8.0,111,100.0,39,0.0,3,0,1.0,0,0
24.0,314,261.0,999,0.0,2,0,1.0,0,0
32.0,297,243.0,999,23.333333333,2,0,1.0,2,0
36.0,223,168.0,792,23.0,0,0,1.0,5,0
32.0,353,296.0,889,0.0,2,0,1.0,0,0
12.0,215,187.0,123,27.7,2,0,0.85714,4,0
34.0,306,248.0,790,27.59091,0,0,0.33333,5,0
26.0,292,242.0,999,0.0,2,0,0.66667,0,0
27.0,352,301.0,999,0.0,2,0,1.0,0,0
17.0,320,274.0,999,0.0,2,0,1.0,0,0
35.0,498,426.0,999,0.0,2,0,1.0,0,0
61.0,401,320.0,772,19.272725,0,0,1.0,6,0
57.0,584,487.0,999,0.0,2,0,1.0,0,0
2.0,30,24.0,999,0.0,0,0,0.0,0,1
20.0,184,141.0,999,0.0,2,0,1.0,0,0
68.0,557,421.0,782,17.878785,0,0,0.84615,5,0
40.0,431,365.0,999,0.0,2,0,0.875,0,0
65.0,624,514.0,999,4.0,2,0,1.0,2,0
11.0,214,177.0,999,0.0,2,0,1.0,0,0
2.0,38,32.0,1579,0.0,0,0,0.0,0,1
1.0,7,2.0,869,0.0,0,0,0.0,0,1
1.0,16,11.0,1717,0.0,0,0,0.0,0,1
6.0,32,22.0,1288,0.0,0,0,0.0,0,1
1.0,11,6.0,1406,0.0,0,0,0.0,0,1
19.0,221,188.0,1268,0.0,6,0,1.0,0,0
16.0,953,863.0,1633,0.0,0,0,0.0,0,1
25.0,230,194.0,1608,0.0,5,0,1.0,0,0
25.0,287,247.0,1606,0.0,6,0,1.0,0,0
35.0,321,241.0,1606,0.0,6,0,1.0,0,0
26.0,170,136.0,1605,0.0,4,0,0.75,0,0
22.0,157,126.0,1606,0.0,5,0,0.92308,0,0
16.0,182,156.0,1597,0.0,6,0,1.0,0,0
21.0,227,174.0,1608,0.0,6,0,1.0,0,0
16.0,159,131.0,1606,0.0,4,0,1.0,0,0
9.0,116,57.0,1308,0.0,0,0,0.0,0,1
113.0,1059,902.0,1482,21.7242825,1,0,0.5,10,0
90.0,949,811.0,1479,24.808691428,1,0,1.0,12,0
76.0,773,648.0,1483,17.625054285,1,0,1.0,11,0
2185.0,4773,2532.0,998,23.79091,1,0,1.0,11,0
73.0,677,558.0,1514,16.277237142,0,0,1.0,9,0
155.0,1517,1302.0,1274,20.3972325,1,0,1.0,11,0
105.0,1194,1043.0,497,16.570255,1,0,0.5,10,0
137.0,1467,1287.0,1487,11.368365714,1,0,1.0,10,0
70.0,1416,1290.0,1271,7.245014285,1,0,1.0,11,0
5200.0,8427,3164.0,1508,18.5721275,1,0,1.0,10,0
900.0,11716,8684.0,1,0.0,0,10,0.5,2,0
21.0,158,133.0,1403,0.0,0,0,0.58824,0,1
2.0,9,3.0,999,0.0,0,0,0.0,0,1
1.0,5,1.0,999,0.0,0,0,0.0,0,1
17.0,78,57.0,1591,0.0,0,0,0.0,0,1
22.0,110,62.0,1572,0.0,0,0,0.0,0,1
5.0,33,23.0,1615,0.0,0,0,0.0,0,1
22.0,463,427.0,916,0.0,8,0,1.0,0,0
34.0,388,320.0,917,0.0,3,0,1.0,0,0
21.0,273,243.0,917,0.0,4,0,1.0,0,0
49.0,460,399.0,913,0.0,4,0,1.0,0,0
29.0,494,445.0,898,0.0,8,0,1.0,0,0
24.0,311,260.0,999,0.0,2,0,1.0,1,0
38.0,535,386.0,1480,0.0,1,0,1.0,1,0
34.0,417,312.0,1510,0.0,1,0,1.0,1,0
38.0,467,391.0,1534,0.0,1,0,1.0,1,0
33.0,357,291.0,1517,0.0,0,0,1.0,1,0
38.0,373,302.0,1533,0.0,0,0,1.0,1,0
19.0,245,199.0,1525,0.0,0,0,1.0,1,0
23.0,227,188.0,1582,0.0,2,0,1.0,1,0
2249.0,4042,1753.0,999,0.0,0,0,1.0,1,0
46.0,381,303.0,284,0.0,1,0,1.0,1,0
17.0,100,79.0,1597,0.0,0,0,0.0,0,1
1714.0,2638,915.0,1015,0.0,0,0,0.0,0,1
4.0,40,32.0,1633,0.0,0,0,0.0,0,1
5.0,44,33.0,1628,0.0,0,0,0.0,0,1
1.0,7,4.0,999,0.0,0,0,0.0,0,1
1.0,12,9.0,999,0.0,0,0,0.0,0,1
42.0,415,342.0,999,0.0,0,0,0.0,0,1
45.0,372,295.0,999,0.0,0,0,1.0,0,1
36.0,307,249.0,999,0.0,0,0,0.0,0,1
42.0,464,384.0,999,0.0,0,0,1.0,0,1
56.0,516,390.0,999,0.0,0,0,1.0,0,1
39.0,348,287.0,999,0.0,0,0,0.0,0,1
78.0,1714,1456.0,999,0.0,0,0,1.0,2,0
30.0,762,723.0,1153,0.0,0,0,0.0,0,1
42.0,452,388.0,1457,5.0,5,0,1.0,3,0
23.0,448,404.0,1457,7.0,6,0,1.0,1,0
37.0,408,335.0,1457,6.0,8,0,1.0,1,0
62.0,551,472.0,1393,6.0,8,0,1.0,2,0
24.0,274,225.0,1457,7.0,9,0,1.0,2,0
28.0,423,377.0,1394,3.0,7,0,1.0,2,0
50.0,554,480.0,1395,6.0,9,0,0.9,3,0
33.0,426,374.0,1457,4.0,9,0,1.0,1,0
23.0,196,159.0,1457,4.0,7,0,1.0,1,0
34.0,364,302.0,1457,2.0,8,0,1.0,4,0
1.0,42,34.0,1298,10.33333,0,0,0.0,1,1
3.0,89,77.0,1298,12.22222,0,0,0.0,2,0
3.0,70,59.0,1298,11.875,0,0,0.0,2,0
4.0,97,82.0,1298,12.666665,0,0,0.0,3,0
1023.0,1798,764.0,914,10.541665,0,0,0.0,2,0
4.0,67,50.0,1298,9.041665,0,0,0.0,2,0
1.0,73,65.0,1298,20.0,0,0,0.0,1,1
3.0,97,74.0,1298,9.028572,0,0,0.66667,5,0
3.0,84,70.0,1298,9.875,0,0,0.0,2,0
1.0,2,0.0,999,0.0,0,0,0.0,0,1
3.0,63,50.0,1298,14.041665,0,0,0.0,2,0
5.0,119,98.0,1294,10.375,0,0,0.33333,2,0
3.0,64,52.0,1298,19.33333,0,0,0.0,1,0
38.0,656,585.0,174,11.85,6,0,1.0,4,0
3.0,49,34.0,1298,9.875,0,0,0.0,2,1
4.0,49,36.0,1298,10.708335,0,0,0.0,2,0
2.0,31,24.0,1298,13.33333,0,0,0.0,1,1
4.0,65,45.0,1296,13.833335,0,0,0.0,3,0
1.0,15,7.0,1303,3.75,0,0,1.0,1,1
3.0,66,53.0,1298,9.875,0,0,0.0,2,0
10.0,102,75.0,1295,12.666665,0,0,1.0,4,0
52.0,504,411.0,169,12.555556666,6,0,0.57143,5,0
479.0,684,195.0,1298,10.75,0,0,0.0,2,0
16.0,208,165.0,38,14.166665,3,0,0.5,5,0
1.0,61,53.0,1298,15.66667,0,0,0.5,1,0
23.0,364,319.0,35,11.833335,3,0,1.0,3,0
4.0,63,49.0,1298,5.875,0,0,1.0,2,0
3.0,101,84.0,1298,10.166665,0,0,0.0,3,0
22.0,164,126.0,67,7.166665,0,0,0.66667,2,0
1.0,37,32.0,1298,19.33333,0,0,0.0,1,1
1.0,6,2.0,1298,0.0,0,0,0.0,0,1
1.0,37,32.0,1298,19.33333,0,0,0.0,1,1
1.0,72,64.0,1298,19.33333,0,0,1.0,1,0
2.0,55,37.0,1298,14.333335,0,0,0.0,4,1
1173.0,1921,738.0,1298,10.5,0,0,0.0,2,0
3.0,74,65.0,1298,17.66667,0,0,0.0,1,0
4.0,157,134.0,1298,14.833335,0,0,0.0,4,0
2.0,76,61.0,1298,12.375,0,0,1.0,3,0
5.0,92,74.0,1296,12.5,0,0,0.5,3,0
2.0,72,57.0,1298,10.041665,0,0,0.0,3,1
3.0,94,78.0,1298,14.5,0,0,0.0,3,0
4.0,57,43.0,1298,10.33333,0,0,1.0,1,0
4.0,44,35.0,1298,19.66667,0,0,0.0,1,1
6.0,100,84.0,1298,8.541665,0,0,0.0,2,0
25.0,250,195.0,518,12.333334285,2,0,1.0,4,0
6.0,80,64.0,1296,9.708335,0,0,0.0,2,0
2.0,34,24.0,1298,17.33333,0,0,1.0,1,1
38.0,437,341.0,172,12.666666666,5,0,0.85714,5,0
1.0,33,27.0,1298,14.33333,0,0,1.0,1,1
44.0,409,341.0,172,10.805556666,5,0,1.0,3,0
1.0,3,1.0,999,0.0,0,0,0.0,0,1
3.0,115,97.0,1298,10.791665,0,0,0.0,3,0
3.0,54,40.0,1298,9.416665,0,0,1.0,2,0
5.0,121,105.0,1298,11.208335,0,0,1.0,2,0
3.0,70,56.0,1298,8.375,0,0,1.0,2,0
1.0,30,24.0,1298,10.0,0,0,0.0,1,1
5.0,54,38.0,1298,9.375,0,0,0.0,2,0
4.0,43,33.0,1298,0.0,0,0,1.0,0,1
11.0,113,92.0,1296,11.208335,0,0,0.0,2,0
5.0,108,90.0,1296,11.541665,0,0,1.0,3,0
1.0,62,54.0,1298,15.33333,0,0,0.0,1,1
1.0,59,52.0,1298,16.33333,0,0,0.0,1,1
336.0,592,245.0,1298,11.875,0,0,1.0,2,0
2.0,76,67.0,1298,15.0,0,0,0.0,1,1
1.0,74,65.0,1298,19.33333,0,0,0.0,1,1
4.0,56,37.0,1298,7.875,0,0,0.0,2,0
13.0,197,162.0,35,14.833335,3,0,1.0,3,0
3.0,76,58.0,1298,9.0,0,0,1.0,2,0
3.0,91,80.0,1298,12.5,0,0,0.0,2,0
2.0,78,56.0,1298,12.166665,0,0,1.0,4,0
2394.0,4481,2073.0,83,15.0,0,0,0.0,3,0
3.0,33,21.0,1298,5.375,0,0,0.0,2,1
5.0,93,74.0,1262,14.166665,0,0,1.0,3,0
10.0,159,131.0,1296,15.333332,0,0,0.0,4,0
2.0,91,77.0,1298,11.375,0,0,0.0,2,1
2.0,76,64.0,1298,11.875,0,0,1.0,2,0
2.0,63,50.0,1298,11.041665,0,0,0.0,2,1
2.0,87,75.0,1298,11.375,0,0,1.0,2,0
3.0,63,48.0,1298,10.375,0,0,0.0,2,0
3.0,49,32.0,1298,13.0,0,0,0.0,1,1
3.0,79,56.0,1296,12.0,0,0,0.5,5,0
2.0,37,28.0,1298,17.33333,0,0,0.0,1,1
4.0,115,94.0,1296,13.07936,0,0,1.0,2,0
3.0,60,46.0,1298,11.541665,0,0,0.0,2,0
2.0,136,124.0,1298,8.541665,0,0,0.0,2,1
3.0,47,36.0,1298,20.0,0,0,1.0,1,0
6.0,96,79.0,1296,11.875,0,0,0.66667,2,0
5.0,81,67.0,1293,12.625,0,0,0.0,2,0
3.0,108,83.0,1298,12.958335,0,0,0.0,7,0
3.0,54,40.0,1298,8.708335,0,0,1.0,2,0
4.0,59,44.0,1298,11.541665,0,0,0.0,2,0
3.0,171,157.0,1291,14.5,0,0,1.0,2,0
4.0,116,100.0,1281,10.541665,0,0,0.0,2,0
5.0,77,61.0,1298,9.791665,0,0,1.0,2,0
6.0,68,52.0,1296,11.083335,0,0,0.66667,2,0
5.0,116,98.0,1298,11.541665,0,0,0.5,3,0
2.0,58,43.0,1298,10.041665,0,0,1.0,2,0
2.0,80,68.0,1298,11.791665,0,0,1.0,2,0
3.0,45,32.0,1298,8.208335,0,0,0.66667,2,1
7.0,92,75.0,1298,6.875,0,0,0.0,2,0
1.0,74,68.0,1298,17.33333,0,0,0.0,1,1
3.0,41,28.0,1298,10.541665,0,0,0.0,2,1
2.0,56,42.0,1298,8.416665,0,0,0.0,2,1
6.0,80,61.0,1298,8.875,0,0,0.0,2,0
1.0,67,62.0,1298,19.0,0,0,0.0,1,1
6.0,87,70.0,1298,7.375,0,0,1.0,2,0
5.0,86,63.0,1298,14.166665,0,0,1.0,3,0
4.0,74,57.0,1296,13.666665,0,0,1.0,3,0
3.0,105,91.0,1298,8.875,0,0,0.5,2,0
5.0,72,55.0,1298,9.041665,0,0,0.0,2,0
1.0,62,54.0,1298,16.66667,0,0,1.0,1,0
1.0,50,42.0,1298,13.33333,0,0,0.0,1,1
1.0,56,47.0,1298,15.33333,0,0,1.0,1,0
2.0,43,34.0,1298,5.0,0,0,1.0,1,1
1.0,28,24.0,1298,11.33333,0,0,0.0,1,1
2.0,30,23.0,1298,15.33333,0,0,0.0,1,1
3.0,90,77.0,1298,11.375,0,0,0.0,2,0
2.0,84,70.0,1298,9.375,0,0,0.5,2,0
2.0,64,47.0,1298,11.833335,0,0,0.0,3,1
1.0,35,27.0,1298,16.66667,0,0,0.0,1,1
4.0,95,83.0,1298,8.041665,0,0,0.0,2,0
3.0,74,59.0,1298,11.875,0,0,1.0,2,0
1.0,30,24.0,1298,14.33333,0,0,0.0,1,1
79.0,487,383.0,87,11.875,0,0,1.0,2,0
3.0,114,93.0,1296,9.166665,0,0,0.0,3,0
2.0,56,47.0,1298,20.0,0,0,0.0,1,1
47.0,647,574.0,174,6.4,7,0,1.0,3,0
3.0,92,79.0,1298,11.541665,0,0,1.0,2,0
4.0,83,71.0,1298,18.33333,0,0,1.0,1,0
5.0,62,47.0,1278,10.583335,0,0,0.0,2,0
2.0,47,35.0,1298,10.12698,0,0,0.0,2,1
1.0,46,41.0,1298,18.33333,0,0,0.0,1,1
30.0,247,203.0,39,9.541665,3,0,1.0,2,0
2.0,100,85.0,1298,11.208335,0,0,0.0,3,1
5081.0,8488,3392.0,1298,11.375,0,0,0.0,3,0
5.0,116,101.0,1298,11.875,0,0,1.0,2,0
5.0,104,88.0,1298,9.916665,0,0,0.0,2,0
7.0,110,89.0,1298,11.875,0,0,0.0,2,0
5.0,70,50.0,1298,12.666665,0,0,1.0,3,0
2.0,44,31.0,1298,10.416665,0,0,0.0,2,1
1.0,45,39.0,1298,17.0,0,0,0.0,1,1
5.0,64,45.0,1298,11.375,0,0,1.0,3,0
3.0,111,96.0,1297,11.375,0,0,0.0,3,0
7.0,175,149.0,1298,14.166665,0,0,1.0,4,0
7.0,104,78.0,1298,13.666665,0,0,1.0,5,0
2.0,58,46.0,1298,9.75,0,0,1.0,2,0
1.0,37,29.0,1298,17.0,0,0,0.0,1,1
3.0,79,63.0,1298,14.166665,0,0,1.0,3,0
22.0,305,252.0,523,16.5,2,0,1.0,5,0
6.0,73,57.0,1298,11.333335,0,0,0.0,2,0
3.0,58,43.0,1298,8.041665,0,0,1.0,2,0
1886.0,3170,1266.0,169,14.5,5,0,1.0,2,0
10.0,192,166.0,1298,14.166665,0,0,0.0,4,0
5.0,114,98.0,1298,9.708335,0,0,0.5,2,0
9.0,108,84.0,1298,11.958335,0,0,1.0,3,0
6.0,88,72.0,1298,10.041665,0,0,0.0,2,0
1.0,90,73.0,1298,16.0,0,0,1.0,3,0
2.0,49,37.0,1298,8.541665,0,0,0.0,2,1
3.0,89,73.0,1298,10.166665,0,0,1.0,2,0
8.0,105,82.0,1298,10.375,0,0,0.5,3,0
2.0,36,27.0,1298,20.0,0,0,1.0,1,1
3.0,48,34.0,1298,13.125,0,0,1.0,2,0
4.0,117,98.0,1298,11.375,0,0,0.0,3,0
5.0,74,58.0,1297,11.875,0,0,0.5,2,0
6.0,118,100.0,1298,11.25,0,0,1.0,3,0
3.0,34,24.0,1298,18.66667,0,0,0.0,1,1
4.0,86,64.0,1298,12.25,0,0,1.0,3,0
3.0,84,73.0,1298,19.33333,0,0,0.0,1,0
3.0,96,83.0,1298,9.708335,0,0,1.0,2,0
7.0,110,91.0,1298,10.875,0,0,0.0,4,0
8.0,103,80.0,1297,8.625,0,0,1.0,3,0
2.0,11,8.0,1297,0.0,0,0,0.0,0,1
4.0,58,37.0,1296,13.708335,0,0,0.0,3,0
3.0,72,56.0,1298,13.5,0,0,1.0,3,0
3.0,55,42.0,1298,11.541665,0,0,0.0,2,0
4.0,74,58.0,1298,11.041665,0,0,0.0,2,0
4.0,101,81.0,1298,12.041665,0,0,1.0,4,0
6.0,100,87.0,777,16.66667,0,0,0.5,1,0
2.0,62,46.0,1298,11.666665,0,0,1.0,3,0
2.0,154,142.0,1298,9.166665,0,0,0.0,2,1
8.0,78,57.0,1298,10.875,0,0,1.0,2,0
3.0,84,67.0,1298,13.833335,0,0,0.0,3,0
9.0,106,83.0,1297,12.333335,0,0,0.5,3,0
8.0,159,133.0,1298,11.633332,0,0,1.0,4,0
3.0,124,103.0,1298,15.0,0,0,0.0,3,0
11.0,91,63.0,1298,10.541665,0,0,1.0,2,0
2.0,43,31.0,1298,11.208335,0,0,0.0,2,1
8.0,60,43.0,1297,11.875,0,0,0.0,2,0
5.0,46,31.0,1298,8.708335,0,0,0.0,2,1
4.0,90,68.0,1298,14.666665,0,0,1.0,4,0
4.0,60,44.0,1298,10.541665,0,0,0.0,2,0
8.0,90,61.0,1296,14.5,0,0,1.0,3,0
2.0,4,0.0,999,0.0,0,0,0.0,0,1
15.0,238,203.0,1297,14.666665,0,0,0.5,4,0
5.0,112,94.0,1298,9.791665,0,0,1.0,2,0
9.0,137,101.0,1295,14.5,0,0,0.0,6,0
3.0,113,100.0,1298,10.041665,0,0,0.0,2,0
2.0,99,86.0,1298,9.541665,0,0,1.0,2,0
6.0,67,48.0,1298,12.708335,0,0,0.0,3,0
3.0,93,75.0,1295,13.125,0,0,0.0,4,0
4.0,92,71.0,1291,13.5,0,0,1.0,3,0
5.0,58,41.0,1297,9.015873333,0,0,1.0,2,0
5.0,60,45.0,1278,7.875,0,0,0.0,2,0
3.0,44,32.0,1298,9.041665,0,0,1.0,2,1
22.0,346,288.0,521,18.666665714,2,0,0.5,6,0
41.0,493,433.0,111,20.4,2,0,0.6,3,0
5.0,73,55.0,1298,7.75,0,0,0.0,2,0
6.0,89,73.0,1298,9.041665,0,0,0.0,2,0
4.0,63,50.0,1298,19.33333,0,0,0.0,1,0
5.0,69,51.0,1298,10.875,0,0,1.0,3,0
2.0,102,90.0,1298,6.75,0,0,0.0,2,1
1.0,45,38.0,1298,15.66667,0,0,0.0,1,1
29.0,341,276.0,122,20.983334,2,0,1.0,7,0
10.0,181,158.0,1291,8.875,0,0,1.0,2,0
3.0,62,48.0,1272,9.041665,0,0,0.0,2,0
10.0,156,127.0,1297,14.5,0,0,1.0,3,0
1.0,162,154.0,1298,18.0,0,0,0.0,1,1
69.0,396,309.0,67,11.083335,0,0,1.0,2,0
1.0,42,34.0,1298,19.33333,0,0,0.0,1,1
4.0,54,38.0,1298,7.875,0,0,0.0,2,0
25.0,483,439.0,173,14.066665,6,0,1.0,2,0
2.0,47,36.0,1298,9.041665,0,0,0.0,2,1
1.0,26,22.0,1298,18.33333,0,0,0.0,1,1
2.0,78,67.0,1298,9.625,0,0,0.0,2,1
4.0,89,72.0,1298,11.541665,0,0,1.0,2,0
5.0,206,187.0,1298,10.875,0,0,0.0,2,0
1.0,64,58.0,1298,17.33333,0,0,0.0,1,1
4.0,75,64.0,1298,15.33333,0,0,0.0,1,0
6.0,63,51.0,1298,16.33333,0,0,0.5,1,0
2.0,74,62.0,1298,11.25,0,0,1.0,2,0
3.0,109,98.0,1298,15.66667,0,0,0.0,1,0
4.0,218,202.0,1278,15.968253333,0,0,0.0,2,0
12.0,126,101.0,1298,5.916665,0,0,1.0,2,0
2.0,115,104.0,1298,13.125,0,0,0.0,2,1
1.0,49,41.0,1298,16.33333,0,0,1.0,1,0
3.0,72,54.0,1298,12.791665,0,0,1.0,4,0
3.0,110,96.0,1298,11.208335,0,0,0.0,2,0
5.0,54,39.0,1298,14.33333,0,0,0.0,1,0
11.0,153,128.0,1290,8.541665,0,0,1.0,2,0
5.0,67,50.0,1298,9.916665,0,0,0.0,2,0
4.0,107,93.0,1298,11.208335,0,0,1.0,2,0
6.0,139,119.0,1296,10.875,0,0,1.0,3,0
5.0,110,92.0,1298,8.041665,0,0,0.0,2,0
2.0,115,103.0,1298,9.041665,0,0,1.0,2,0
4.0,53,36.0,1280,14.5,0,0,0.0,3,0
2.0,74,65.0,1298,19.0,0,0,1.0,1,0
7.0,92,75.0,1296,10.541665,0,0,0.0,2,0
3.0,74,60.0,1298,4.416665,0,0,1.0,2,0
12.0,92,65.0,1298,13.083335,0,0,1.0,4,0
33.0,433,373.0,175,13.11111,6,0,0.9375,3,0
4.0,115,95.0,1298,20.0,0,0,1.0,1,0
3.0,89,76.0,1298,7.375,0,0,1.0,2,0
2.0,65,55.0,1298,14.33333,0,0,1.0,1,0
5.0,113,94.0,1295,12.333335,0,0,0.0,3,0
4.0,78,64.0,1296,10.125,0,0,1.0,2,0
1.0,34,26.0,1298,16.33333,0,0,0.0,1,1
1.0,32,24.0,1298,19.33333,0,0,1.0,1,1
4.0,101,81.0,1296,13.041665,0,0,1.0,3,0
3.0,64,50.0,1298,11.666665,0,0,1.0,2,0
4.0,88,69.0,1298,14.166665,0,0,1.0,3,0
7.0,127,108.0,1296,9.708335,0,0,1.0,2,0
9.0,122,105.0,1296,10.875,0,0,1.0,2,0
6.0,96,79.0,1295,12.5,0,0,1.0,2,0
6.0,76,58.0,1296,10.708335,0,0,0.0,2,0
5.0,128,112.0,66,16.0,2,0,1.0,1,0
1.0,32,23.0,1298,11.0,0,0,0.0,1,1
14.0,151,127.0,1166,3.75,0,0,0.0,2,0
5.0,90,72.0,1295,8.416665,0,0,0.0,2,0
5.0,135,112.0,1296,10.541665,0,0,0.0,2,0
8.0,84,65.0,1296,9.583335,0,0,1.0,2,0
2.0,51,35.0,1298,14.166665,0,0,0.0,3,1
10.0,128,102.0,1294,15.0,0,0,0.66667,4,0
3.0,76,61.0,1298,11.875,0,0,1.0,3,0
2.0,75,53.0,1298,13.666665,0,0,1.0,6,0
9.0,199,176.0,1298,11.083335,0,0,1.0,3,0
3.0,44,30.0,1298,7.75,0,0,0.0,2,1
5.0,117,101.0,1298,11.375,0,0,1.0,2,0
5.0,63,50.0,1296,17.0,0,0,1.0,1,0
10.0,78,51.0,1298,10.708335,0,0,0.0,2,0
6.0,78,62.0,1298,11.375,0,0,0.0,2,0
1.0,37,29.0,1298,16.66667,0,0,1.0,1,1
3.0,135,115.0,1297,11.041665,0,0,1.0,5,0
33.0,228,182.0,185,10.541665,0,0,1.0,2,0
5.0,66,51.0,1296,11.541665,0,0,0.66667,2,0
3.0,76,63.0,1298,8.875,0,0,0.5,2,0
9.0,81,61.0,1295,9.875,0,0,1.0,2,0
10.0,108,84.0,1284,6.109524,0,0,1.0,3,0
6.0,188,158.0,1300,14.133332,0,0,1.0,5,0
6.0,91,75.0,1298,11.666665,0,0,1.0,2,0
31.0,413,352.0,153,12.594443333,6,0,1.0,4,0
3.0,37,28.0,1298,18.33333,0,0,0.0,1,1
1.0,217,204.0,1249,8.875,0,0,1.0,2,0
4.0,91,74.0,1298,11.041665,0,0,1.0,2,0
3.0,94,77.0,1293,8.75,0,0,1.0,3,0
5.0,83,67.0,1286,10.708335,0,0,1.0,2,0
9.0,110,89.0,1243,10.75,0,0,1.0,2,0
3.0,66,51.0,1298,11.208335,0,0,0.0,2,0
1.0,33,25.0,1298,14.0,0,0,0.0,1,1
3.0,90,78.0,1298,9.875,0,0,0.0,2,0
5.0,102,81.0,1260,10.125,0,0,0.0,3,0
4.0,57,45.0,1298,14.33333,0,0,0.0,1,0
2.0,39,27.0,1298,7.541665,0,0,0.0,2,1
3.0,89,73.0,1275,9.375,0,0,0.0,3,0
2.0,78,66.0,1298,8.0,0,0,0.0,1,1
5.0,82,64.0,1200,11.875,0,0,0.0,3,0
3823.0,6504,2660.0,495,13.0,0,0,0.0,4,0
3.0,201,184.0,1295,10.5,0,0,0.33333,3,0
7.0,293,270.0,1241,10.625,0,0,0.0,3,0
5.0,132,108.0,1298,10.933332,0,0,0.0,3,0
4.0,73,54.0,1298,9.166665,0,0,1.0,2,0
13.0,180,144.0,1298,6.666665,0,0,0.0,2,0
2.0,62,50.0,1298,19.33333,0,0,0.0,1,1
8.0,100,78.0,1295,9.291665,0,0,0.0,2,0
8.0,84,66.0,1296,4.791665,0,0,0.0,2,0
2.0,64,47.0,1298,8.208335,0,0,0.0,4,1
13.0,293,267.0,1296,9.25,0,0,0.5,3,0
4.0,60,50.0,1298,13.0,0,0,0.0,1,0
1.0,69,61.0,1298,15.0,0,0,0.5,1,0
1.0,31,25.0,1298,9.33333,0,0,0.0,1,1
2.0,60,51.0,1298,16.0,0,0,0.0,1,1
1.0,40,34.0,1298,9.0,0,0,0.0,1,1
6.0,103,78.0,1297,18.888886666,0,0,1.0,4,0
5.0,66,48.0,1298,6.458335,0,0,1.0,2,0
2.0,75,62.0,1298,6.75,0,0,1.0,2,0
8.0,108,88.0,1298,7.291665,0,0,1.0,2,0
2.0,134,121.0,1298,5.25,0,0,0.5,2,0
10.0,131,102.0,1298,8.875,0,0,1.0,3,0
4.0,73,58.0,1298,9.125,0,0,1.0,3,0
4.0,151,134.0,1298,8.958335,0,0,0.0,3,0
3.0,68,52.0,1298,9.833335,0,0,0.0,3,0
7.0,186,165.0,1286,13.766668,0,0,1.0,3,0
7.0,101,77.0,1298,10.416665,0,0,1.0,2,0
8.0,118,99.0,1298,9.25,0,0,0.33333,2,0
8.0,127,99.0,1295,12.0,0,0,1.0,5,0
3.0,50,37.0,1298,9.66667,0,0,0.0,1,0
6.0,143,122.0,1298,9.5,0,0,0.66667,2,0
3.0,67,57.0,1298,7.33333,0,0,0.0,1,0
4.0,110,98.0,1298,7.125,0,0,0.5,2,0
3.0,67,54.0,1298,10.375,0,0,0.0,2,0
29.0,380,328.0,185,9.166666666,5,0,0.83333,4,0
4.0,75,63.0,1296,4.166665,0,0,0.0,2,0
10.0,122,85.0,1298,9.0,0,0,1.0,3,0
3.0,112,95.0,1298,11.968253333,0,0,1.0,2,0
6.0,72,52.0,1298,11.5,0,0,1.0,3,0
2.0,95,80.0,1298,9.75,0,0,0.0,3,1
6.0,89,72.0,1298,12.0,0,0,1.0,1,0
3.0,83,67.0,1298,15.555553333,0,0,0.0,3,0
10.0,100,76.0,1298,8.25,0,0,1.0,3,0
1.0,32,23.0,1298,6.33333,0,0,0.0,1,1
2.0,58,46.0,1298,6.916665,0,0,0.0,2,1
8.0,140,120.0,1298,6.416665,0,0,0.66667,2,0
7.0,114,78.0,1298,12.0,0,0,1.0,6,0
45.0,352,259.0,522,11.571428571,2,0,1.0,4,0
11.0,103,76.0,1126,6.25,0,0,0.0,2,0
4.0,174,155.0,1298,10.291665,0,0,1.0,4,0
5.0,66,51.0,1206,6.583335,0,0,1.0,2,0
5.0,117,93.0,1298,10.666665,0,0,1.0,5,0
6.0,145,129.0,1298,14.0,0,0,0.0,1,0
5.0,103,88.0,1296,6.416665,0,0,1.0,2,0
19.0,282,233.0,174,8.805556666,7,0,1.0,4,0
2.0,37,27.0,1298,9.916665,0,0,0.0,2,1
81.0,594,483.0,174,7.533333333,6,0,1.0,3,0
6.0,175,154.0,1298,10.916665,0,0,0.0,3,0
27.0,342,294.0,174,8.094443333,6,0,1.0,3,0
4.0,96,76.0,1298,11.041665,0,0,1.0,3,0
4.0,75,62.0,1298,6.083335,0,0,0.0,2,0
43.0,398,335.0,184,8.81111,6,0,0.71429,3,0
4.0,61,49.0,1298,7.5,0,0,0.0,2,0
3.0,89,68.0,1298,10.0,0,0,1.0,3,0
3.0,122,109.0,1298,9.916665,0,0,0.0,2,0
3.0,114,98.0,1296,4.842856,0,0,1.0,3,0
5298.0,8451,3137.0,1298,7.916665,0,0,1.0,2,0
2.0,84,72.0,1298,10.083335,0,0,0.0,2,1
1.0,33,25.0,1298,9.33333,0,0,0.0,1,1
3.0,118,101.0,1296,6.291665,0,0,0.0,2,0
5.0,127,108.0,1298,5.25,0,0,0.0,2,0
67.0,501,382.0,169,5.291665,6,0,1.0,2,0
2.0,56,39.0,1298,12.166665,0,0,1.0,3,0
1.0,52,45.0,1298,8.0,0,0,0.0,1,1
3.0,47,34.0,1298,3.625,0,0,0.0,2,1
2.0,120,107.0,1298,7.416665,0,0,0.5,2,0
2.0,61,47.0,1298,5.75,0,0,1.0,2,0
5.0,94,75.0,1298,11.041665,0,0,1.0,2,0
3.0,127,97.0,1298,13.133332,0,0,0.0,6,0
2.0,100,87.0,1298,7.583335,0,0,1.0,3,0
8.0,123,104.0,1298,7.958335,0,0,1.0,2,0
42.0,538,467.0,119,17.85,2,0,0.75,7,0
4.0,119,106.0,1298,6.791665,0,0,0.0,2,0
3.0,60,46.0,1298,4.75,0,0,0.0,2,0
3.0,53,39.0,1298,4.791665,0,0,1.0,2,0
6.0,81,65.0,1298,9.083335,0,0,0.0,2,0
3.0,77,64.0,1298,8.416665,0,0,1.0,2,0
53.0,502,427.0,167,7.894443333,7,0,1.0,3,0
2.0,109,94.0,1298,11.5,0,0,1.0,3,0
6.0,84,65.0,1298,8.733332,0,0,1.0,3,0
7.0,106,84.0,1298,15.07936,0,0,1.0,2,0
8.0,90,70.0,1281,10.583335,0,0,0.0,2,0
6.0,95,73.0,1243,11.166665,0,0,1.0,3,0
5.0,83,69.0,1255,12.66667,0,0,0.0,1,0
5.0,124,100.0,1298,9.25,0,0,1.0,3,0
3.0,81,67.0,1298,8.416665,0,0,0.0,2,0
1.0,9,4.0,1303,2.5,0,0,0.0,1,1
2.0,28,21.0,1298,3.0,0,0,0.0,1,1
1.0,34,27.0,1298,13.0,0,0,0.0,1,1
25.0,159,122.0,1298,9.083335,0,0,1.0,2,0
3.0,73,60.0,1298,6.416665,0,0,0.66667,2,0
3.0,66,51.0,1298,6.083335,0,0,0.0,2,0
2.0,50,38.0,1298,10.291665,0,0,0.0,2,1
2.0,104,91.0,1298,6.625,0,0,0.0,2,1
2.0,58,46.0,1298,8.916665,0,0,0.0,2,1
6.0,87,66.0,1298,10.8,0,0,1.0,3,0
6.0,111,93.0,1298,7.791665,0,0,0.0,2,0
5.0,71,55.0,1296,9.416665,0,0,0.0,2,0
4.0,105,90.0,1296,9.25,0,0,1.0,2,0
2.0,52,39.0,1298,7.458335,0,0,1.0,2,0
4.0,48,25.0,1298,1.75,0,0,0.0,2,1
15.0,226,199.0,1242,6.75,0,0,0.0,2,0
1.0,95,82.0,1298,3.75,0,0,1.0,2,0
7.0,88,68.0,1294,6.125,0,0,0.0,2,0
7.0,132,112.0,1266,5.458335,0,0,0.0,2,0
6.0,244,210.0,1217,9.361904,0,0,1.0,4,0
3.0,65,46.0,1298,5.0,0,0,1.0,5,0
4.0,84,68.0,1297,7.083335,0,0,1.0,2,0
1.0,80,72.0,1298,10.33333,0,0,0.0,1,1
6.0,82,65.0,1244,8.916665,0,0,0.0,3,0
2.0,53,43.0,1298,14.33333,0,0,1.0,1,0
5.0,104,88.0,1298,9.416665,0,0,1.0,2,0
4.0,130,114.0,1292,7.583335,0,0,1.0,3,0
10.0,168,136.0,1297,10.208335,0,0,0.5,4,0
2.0,81,72.0,1298,6.083335,0,0,0.0,2,1
5.0,124,103.0,1298,9.166665,0,0,1.0,4,0
3.0,90,76.0,1298,5.75,0,0,0.0,2,0
7.0,129,107.0,1298,5.125,0,0,1.0,2,0
11.0,182,157.0,39,7.916665,3,0,0.8,2,0
5.0,130,109.0,1298,11.208335,0,0,0.0,2,0
1.0,55,48.0,1298,10.33333,0,0,1.0,1,0
5.0,91,75.0,1294,4.75,0,0,0.0,2,0
4.0,106,92.0,1298,9.25,0,0,1.0,2,0
1.0,56,48.0,1298,7.0,0,0,0.0,1,1
4.0,111,90.0,1298,12.625,0,0,1.0,2,0
3.0,87,73.0,1298,6.791665,0,0,0.0,2,0
7.0,80,62.0,1298,8.75,0,0,0.0,2,0
5.0,120,102.0,1281,10.125,0,0,0.0,2,0
35.0,493,430.0,181,8.38889,6,0,0.75,4,0
1.0,131,125.0,1298,12.33333,0,0,0.0,1,1
4.0,125,111.0,1298,7.541665,0,0,1.0,2,0
1.0,33,25.0,1298,7.0,0,0,1.0,1,1
5.0,93,70.0,1298,8.5,0,0,0.0,4,0
222.0,1044,765.0,29,6.583335,0,0,0.0,2,0
5.0,118,100.0,1220,12.0,0,0,1.0,3,0
3.0,68,54.0,1298,6.958335,0,0,0.0,2,0
3.0,80,58.0,1298,6.416665,0,0,0.0,4,0
4.0,98,81.0,1298,5.791665,0,0,1.0,2,0
4.0,100,85.0,1296,8.791665,0,0,0.0,2,0
6.0,150,127.0,1298,9.041665,0,0,1.0,3,0
3.0,88,72.0,1298,9.625,0,0,0.0,3,0
2.0,13,8.0,1302,0.0,0,0,0.0,0,1
4.0,54,39.0,1298,2.25,0,0,1.0,2,0
3.0,61,48.0,1200,7.375,0,0,0.5,2,0
2.0,2,0.0,999,0.0,0,0,0.0,0,1
7.0,87,64.0,1296,7.916665,0,0,1.0,2,0
7.0,103,84.0,1296,6.125,0,0,0.5,2,0
5.0,66,52.0,1298,12.0,0,0,1.0,1,0
2.0,62,50.0,1298,8.25,0,0,1.0,2,0
2.0,58,45.0,1298,4.416665,0,0,1.0,2,0
40.0,644,573.0,182,6.744446666,6,0,1.0,4,0
4.0,135,121.0,1296,7.375,0,0,0.0,2,0
2.0,95,82.0,1298,8.75,0,0,0.0,2,1
1.0,32,26.0,1298,8.66667,0,0,0.0,1,1
5.0,83,65.0,1298,11.875,0,0,0.0,3,0
2.0,127,114.0,1298,5.916665,0,0,1.0,2,0
1.0,84,76.0,1298,13.0,0,0,0.0,1,1
1.0,38,31.0,1298,2.25,0,0,1.0,2,1
3.0,77,66.0,1293,13.0,0,0,0.0,1,0
6.0,124,99.0,1298,10.833335,0,0,1.0,5,0
2.0,93,81.0,1298,11.083335,0,0,0.0,2,1
2.0,192,177.0,1298,5.375,0,0,1.0,3,0
3.0,95,81.0,1298,7.583335,0,0,0.5,2,0
9.0,171,150.0,1294,6.942856,0,0,1.0,3,0
7.0,98,83.0,1298,6.916665,0,0,1.0,2,0
4.0,91,72.0,1298,5.125,0,0,0.0,2,0
8.0,122,100.0,161,10.333335,0,0,1.0,3,0
1.0,34,29.0,1298,12.0,0,0,0.0,1,1
3.0,80,72.0,1298,9.0,0,0,0.0,1,0
2.0,71,56.0,1298,10.666665,0,0,0.0,3,1
2.0,109,97.0,1298,8.75,0,0,1.0,2,0
16.0,125,97.0,1206,9.5,0,0,1.0,2,0
6.0,75,58.0,1298,9.416665,0,0,1.0,2,0
5.0,79,64.0,1298,4.458335,0,0,0.0,2,0
4.0,109,94.0,1298,7.625,0,0,0.0,2,0
5.0,103,84.0,1295,7.75,0,0,0.66667,2,0
3.0,123,108.0,1298,8.416665,0,0,0.0,2,0
3.0,114,101.0,1298,6.916665,0,0,1.0,2,0
6.0,260,238.0,1298,10.125,0,0,0.0,3,0
9.0,96,76.0,1298,7.416665,0,0,0.0,2,0
4.0,133,113.0,1298,12.666665,0,0,0.0,4,0
3.0,56,45.0,1295,12.33333,0,0,1.0,1,0
2.0,80,67.0,1298,7.291665,0,0,0.0,2,1
6.0,234,203.0,1219,14.266668,0,0,1.0,7,0
3.0,91,77.0,1298,6.25,0,0,0.0,2,0
3.0,83,68.0,1298,8.083335,0,0,0.0,2,0
7.0,361,340.0,1298,4.75,0,0,1.0,2,0
2.0,96,78.0,1298,17.555553333,0,0,1.0,3,0
15.0,193,148.0,1280,15.0,0,0,1.0,3,0
3.0,95,81.0,1298,3.291665,0,0,1.0,2,0
5.0,137,119.0,1242,8.625,0,0,0.0,2,0
4.0,98,84.0,1201,8.416665,0,0,1.0,2,0
6.0,116,94.0,1298,12.333335,0,0,0.0,3,0
8.0,78,56.0,1298,6.958335,0,0,0.0,2,0
6.0,162,146.0,1295,7.25,0,0,0.0,2,0
15.0,160,134.0,1200,8.916665,0,0,0.0,2,0
5.0,106,80.0,1298,11.166665,0,0,1.0,5,0
5.0,73,57.0,1298,9.083335,0,0,0.0,2,0
5.0,106,91.0,1298,8.916665,0,0,1.0,2,0
6.0,92,76.0,1163,9.083335,0,0,0.0,2,0
9.0,118,89.0,1183,8.75,0,0,1.0,2,0
3.0,87,71.0,1295,6.083335,0,0,0.0,3,0
1.0,61,55.0,1298,11.0,0,0,0.0,1,1
4.0,106,92.0,1298,8.916665,0,0,1.0,2,0
5.0,147,124.0,1298,9.666668,0,0,1.0,4,0
4.0,57,43.0,1298,6.291665,0,0,0.0,2,0
6.0,74,57.0,1298,8.583335,0,0,0.5,3,0
3.0,74,61.0,1298,8.083335,0,0,1.0,2,0
2.0,61,49.0,1298,7.416665,0,0,0.0,2,1
5.0,91,76.0,1298,8.75,0,0,0.5,2,0
7.0,181,161.0,1298,8.75,0,0,1.0,2,0
3.0,129,113.0,1298,6.791665,0,0,1.0,2,0
4.0,73,59.0,1298,10.166665,0,0,1.0,2,0
3.0,105,91.0,1251,6.416665,0,0,1.0,2,0
6.0,120,104.0,1298,7.416665,0,0,1.0,2,0
6.0,100,80.0,1219,9.75,0,0,1.0,4,0
4.0,97,81.0,1296,8.583335,0,0,1.0,3,0
10.0,122,99.0,1298,11.416665,0,0,1.0,3,0
2.0,72,64.0,1298,10.33333,0,0,0.0,1,1
2.0,47,35.0,1298,9.25,0,0,1.0,2,1
5.0,141,121.0,1298,7.876188,0,0,1.0,3,0
3.0,76,59.0,1297,8.791665,0,0,0.0,2,0
4.0,107,93.0,1298,6.083335,0,0,1.0,2,0
21.0,495,454.0,1298,7.416665,0,0,1.0,2,0
1.0,2,0.0,999,0.0,0,0,0.0,0,1
7.0,98,79.0,1294,5.75,0,0,0.0,2,0
5.0,72,58.0,1298,6.291665,0,0,1.0,2,0
3.0,88,79.0,1298,12.33333,0,0,1.0,1,0
4.0,56,42.0,1298,6.916665,0,0,0.0,2,0
1.0,46,35.0,1298,7.841266666,0,0,0.0,2,1
1.0,55,46.0,1298,8.0,0,0,1.0,1,0
5.0,81,62.0,1298,8.061904,0,0,0.0,3,0
12.0,265,236.0,1292,10.228572,0,0,1.0,4,0
5.0,112,85.0,1298,11.041665,0,0,0.0,3,0
4.0,100,83.0,1298,9.25,0,0,0.0,3,0
43.0,541,468.0,122,17.166666,2,0,0.2,7,0
4.0,124,110.0,1298,14.5,0,0,0.5,2,0
1.0,51,45.0,1298,9.33333,0,0,0.0,1,1
49.0,452,360.0,518,14.523808571,2,0,0.66667,5,0
1.0,64,54.0,1298,9.33333,0,0,0.5,1,0
1.0,35,27.0,1298,4.66667,0,0,1.0,1,1
6.0,111,91.0,1212,9.375,0,0,1.0,2,0
8.0,93,75.0,1298,9.25,0,0,0.0,2,0
4.0,96,79.0,1298,8.791665,0,0,1.0,3,0
7.0,86,68.0,1298,8.583335,0,0,0.0,2,0
3.0,58,45.0,1298,7.0,0,0,0.0,2,0
516.0,707,181.0,277,9.708335,0,0,0.0,2,0
1.0,33,27.0,1298,8.0,0,0,0.0,1,1
4.0,77,63.0,1298,6.416665,0,0,1.0,2,0
7.0,166,142.0,1298,9.916665,0,0,1.0,3,0
7.0,81,59.0,1290,11.5,0,0,1.0,3,0
4.0,79,67.0,1298,8.416665,0,0,0.0,2,0
5.0,158,136.0,1298,8.2,0,0,1.0,3,0
1075.0,1779,692.0,1298,9.25,0,0,0.0,2,0
2.0,81,69.0,1298,5.75,0,0,0.0,2,1
1.0,50,45.0,1298,14.33333,0,0,0.0,1,1
4.0,143,122.0,1296,9.625,0,0,0.0,2,0
5.0,101,80.0,1198,12.0,0,0,0.0,3,0
6.0,92,73.0,1298,6.625,0,0,1.0,2,0
3.0,116,105.0,1297,7.75,0,0,0.0,2,0
4.0,62,51.0,1298,7.0,0,0,1.0,1,0
2.0,118,103.0,1298,14.333335,0,0,1.0,3,0
2.0,63,51.0,1298,8.25,0,0,1.0,2,0
3.0,105,92.0,1298,8.416665,0,0,0.0,2,0
1.0,32,24.0,1298,12.0,0,0,1.0,1,1
4.0,57,45.0,1298,8.75,0,0,0.0,2,0
4.0,96,81.0,1298,8.0,0,0,1.0,1,0
6.0,106,90.0,1298,9.833335,0,0,1.0,2,0
1.0,34,26.0,1298,9.33333,0,0,0.0,1,1
3.0,90,73.0,1298,7.75,0,0,0.0,3,0
3.0,82,66.0,1298,3.625,0,0,1.0,2,0
3.0,88,74.0,1298,7.916665,0,0,0.0,2,0
6.0,134,116.0,1294,9.75,0,0,0.33333,2,0
14.0,136,104.0,1298,12.33333,0,0,1.0,1,0
2.0,146,128.0,1298,10.333335,0,0,0.66667,3,0
3.0,121,103.0,1292,5.25,0,0,0.0,3,0
5.0,108,92.0,1298,8.583335,0,0,0.5,2,0
4.0,121,99.0,1298,11.041665,0,0,0.0,2,0
6.0,78,61.0,1298,8.583335,0,0,1.0,2,0
5.0,47,32.0,1298,7.958335,0,0,1.0,2,0
2.0,110,98.0,1298,5.371428,0,0,1.0,3,0
4.0,135,120.0,1298,8.25,0,0,1.0,2,0
1.0,51,44.0,1298,14.33333,0,0,0.0,1,1
5.0,69,54.0,1297,9.875,0,0,0.0,2,0
7.0,103,80.0,1298,10.375,0,0,1.0,3,0
6.0,89,72.0,1125,8.083335,0,0,1.0,2,0
10.0,94,74.0,1295,4.25,0,0,0.0,2,0
6.0,56,37.0,1298,6.75,0,0,0.0,2,0
1.0,69,60.0,1298,8.333335,0,0,1.0,2,0
4.0,261,238.0,1298,13.015873333,0,0,1.0,2,0
5.0,103,88.0,1298,11.208335,0,0,1.0,2,0
6.0,109,92.0,1294,8.75,0,0,0.0,2,0
5.0,81,65.0,1298,8.25,0,0,0.0,2,0
9.0,122,103.0,1298,4.625,0,0,1.0,2,0
22.0,261,215.0,999,0.0,2,0,1.0,0,0
32.0,382,323.0,424,0.0,2,0,1.0,0,0
1.0,11,5.0,1298,0.0,0,0,0.0,0,1
45.0,468,392.0,1298,10.583335,2,0,0.75,2,0
1.0,14,8.0,1295,0.0,0,0,0.0,0,1
8.0,156,137.0,1298,6.916665,0,0,0.0,2,0
3.0,92,75.0,1298,4.247616,0,0,1.0,3,0
34.0,420,350.0,999,0.0,2,0,1.0,0,0
3.0,67,55.0,1298,11.375,0,0,1.0,2,0
40.0,296,238.0,731,19.727275,0,0,0.4,5,0
3.0,107,93.0,1291,6.333335,0,0,1.0,2,0
92.0,1424,1301.0,177,3.125,20,0,0.91892,2,0
3.0,45,34.0,1298,6.958335,0,0,0.0,2,1
24.0,341,289.0,636,10.875,0,0,1.0,2,0
10.0,206,182.0,1298,9.761904,0,0,1.0,3,0
9.0,147,123.0,1295,10.69524,0,0,1.0,3,0
9.0,106,83.0,1298,15.07936,0,0,0.5,2,0
2.0,75,58.0,1298,15.33333,0,0,1.0,1,0
1.0,41,35.0,1298,16.33333,0,0,0.0,1,1
5.0,122,109.0,1298,18.33333,0,0,1.0,1,0
1.0,2,1.0,999,0.0,0,0,0.0,0,1
38.0,216,166.0,515,0.0,0,0,0.0,0,1
28.0,370,321.0,999,0.0,2,0,1.0,0,0
22.0,301,256.0,999,0.0,2,0,1.0,0,0
24.0,383,335.0,999,0.0,2,0,1.0,0,0
35.0,465,405.0,999,0.0,2,0,1.0,0,0
48.0,634,564.0,999,0.0,2,0,1.0,0,0
18.0,230,187.0,999,0.0,2,0,1.0,0,0
26.0,476,429.0,999,0.0,2,0,1.0,0,0
23.0,230,183.0,999,0.0,2,0,1.0,0,0
17.0,287,249.0,999,0.0,2,0,0.75,0,0
75.0,750,577.0,999,0.0,2,0,1.0,0,0
19.0,196,156.0,999,0.0,2,0,1.0,0,0
12.0,174,135.0,999,0.0,2,0,1.0,0,0
35.0,455,395.0,999,0.0,2,0,0.66667,0,0
36.0,574,515.0,999,0.0,2,0,1.0,0,0
24.0,350,296.0,999,0.0,2,0,1.0,0,0
25.0,360,314.0,999,0.0,2,0,0.66667,0,0
33.0,395,341.0,999,0.0,2,0,1.0,0,0
19.0,231,193.0,999,0.0,2,0,0.91667,0,0
47.0,565,480.0,999,0.0,2,0,1.0,0,0
27.0,220,181.0,683,5.656566666,0,0,0.75,4,0
28.0,196,143.0,795,24.51515,0,0,0.0,5,0
45.0,384,317.0,773,26.045455,0,0,1.0,6,0
12.0,130,105.0,856,10.878785,0,0,0.5,3,0
44.0,310,248.0,790,9.969695,0,0,1.0,5,0
32.0,259,211.0,782,10.0,0,0,0.14286,4,0
42.0,444,385.0,759,8.836364,0,0,0.0,6,0
46.0,302,239.0,791,26.0,0,0,1.0,5,0
19.0,150,115.0,795,17.81818,0,0,0.0,3,0
8.0,91,73.0,856,15.111106666,0,0,0.0,2,0
30.0,247,201.0,635,27.272725,0,0,1.0,5,0
56.0,596,518.0,771,25.060605,0,0,0.0,5,0
15.0,149,126.0,772,2.0,0,0,1.0,3,0
959.0,1485,510.0,772,13.0303,0,0,1.0,3,0
36.0,268,215.0,792,24.863635,0,0,1.0,5,0
13.0,156,131.0,865,8.0,0,0,0.0,3,0
26.0,270,228.0,792,18.8,0,0,1.0,4,0
1.0,44,38.0,891,0.0,0,0,0.0,0,1
39.0,178,121.0,263,0.0,0,0,0.0,0,1
75.0,892,783.0,182,7.21667,20,0,1.0,1,0
51.0,699,615.0,176,0.0,22,0,1.0,0,0
42.0,460,384.0,176,16.311113333,17,0,1.0,2,0
73.0,716,612.0,111,9.41667,20,0,0.88462,1,0
58.0,713,613.0,176,14.888886666,22,0,1.0,3,0
40.0,648,567.0,164,14.97778,19,0,1.0,2,0
62.0,1119,1023.0,188,12.455553333,19,0,0.8125,2,0
74.0,988,885.0,169,8.66667,18,0,1.0,1,0
167.0,2229,1945.0,178,9.75,19,0,0.84,1,0
99.0,1167,1011.0,158,16.0,17,0,0.94737,2,0
64.0,577,484.0,175,15.066666666,18,0,0.90476,3,0
73.0,798,670.0,177,16.011113333,23,0,0.95652,5,0
119.0,1275,1117.0,173,8.08333,21,0,1.0,1,0
91.0,910,758.0,186,14.9,19,0,1.0,2,0
94.0,1180,1052.0,177,5.31667,21,0,0.95833,1,0
98.0,1316,1101.0,107,14.366666666,19,0,0.91667,3,0
105.0,1332,1136.0,178,17.333333333,24,0,0.96774,4,0
17.0,248,208.0,999,22.666666666,2,0,0.66667,2,0
29.0,310,256.0,999,26.666666666,2,0,1.0,2,0
16.0,194,153.0,999,21.333333333,2,0,1.0,2,0
326.0,1238,869.0,29,24.666666666,2,0,1.0,2,0
21.0,193,145.0,999,26.666666666,2,0,0.875,2,0
19.0,342,297.0,999,24.666666666,2,0,1.0,2,0
47.0,664,575.0,999,24.666666666,2,0,1.0,2,0
24.0,303,253.0,999,22.0,2,0,0.33333,2,0
38.0,487,409.0,999,24.666666666,2,0,0.66667,2,0
2630.0,3890,1234.0,999,24.666666666,2,0,0.66667,2,0
26.0,288,241.0,999,24.666666666,2,0,1.0,2,0
14.0,146,106.0,999,26.666666666,2,0,1.0,2,0
20.0,219,178.0,999,25.333333333,2,0,0.66667,2,0
94.0,733,613.0,999,26.666666666,2,0,1.0,2,0
41.0,466,399.0,999,20.0,2,0,1.0,2,0
26.0,345,298.0,999,15.333333333,2,0,1.0,2,0
35.0,350,293.0,999,26.666666666,2,0,1.0,2,0
23.0,253,204.0,999,8.0,2,0,1.0,2,0
32.0,360,302.0,999,26.666666666,2,0,1.0,2,0
15.0,180,144.0,999,23.333333333,2,0,1.0,2,0
33.0,351,294.0,999,26.666666666,2,0,1.0,2,0
37.0,423,328.0,999,19.333333333,2,0,1.0,2,0
157.0,1377,1194.0,25,24.666666666,2,0,1.0,2,0
121.0,748,586.0,33,26.666666666,2,0,1.0,2,0
7.0,580,551.0,999,14.0,2,0,1.0,2,0
22.0,185,134.0,999,24.666666666,2,0,1.0,2,0
24.0,348,297.0,999,26.666666666,2,0,1.0,2,0
38.0,428,366.0,999,23.333333333,2,0,1.0,2,0
1983.0,3467,1440.0,999,20.0,2,0,1.0,2,0
30.0,394,342.0,999,26.666666666,2,0,1.0,2,0
52.0,719,643.0,999,26.666666666,2,0,1.0,2,0
47.0,477,406.0,999,22.666666666,2,0,1.0,2,0
61.0,620,518.0,999,25.333333333,2,0,0.8,2,0
38.0,478,416.0,999,9.333333333,2,0,1.0,2,0
44.0,354,285.0,999,26.666666666,2,0,1.0,2,0
26.0,294,241.0,999,17.333333333,2,0,0.66667,2,0
52.0,515,436.0,223,19.333333333,2,0,1.0,2,0
40.0,488,426.0,999,18.666666666,2,0,0.8,2,0
28.0,284,229.0,999,10.0,2,0,1.0,2,0
25.0,345,299.0,999,26.666666666,2,0,0.5,2,0
29.0,463,406.0,999,24.666666666,2,0,1.0,2,0
27.0,497,449.0,999,24.666666666,2,0,0.66667,2,0
23.0,317,273.0,999,14.0,2,0,1.0,2,0
2697.0,4413,1683.0,999,24.666666666,2,0,1.0,2,0
36.0,415,354.0,999,20.666666666,2,0,0.57143,2,0
16.0,242,205.0,999,24.666666666,2,0,1.0,2,0
31.0,361,305.0,999,22.666666666,2,0,0.66667,2,0
28.0,349,300.0,999,15.333333333,2,0,1.0,2,0
21.0,241,198.0,999,24.666666666,2,0,1.0,2,0
27.0,242,203.0,999,0.0,6,0,1.0,0,0
58.0,588,516.0,999,0.0,7,0,1.0,0,0
29.0,256,210.0,999,0.0,6,0,1.0,0,0
52.0,378,305.0,999,0.0,6,0,1.0,0,0
160.0,445,272.0,999,0.0,6,0,1.0,0,0
15.0,215,188.0,999,0.0,6,0,1.0,0,0
30.0,240,199.0,999,0.0,6,0,0.9,0,0
34.0,378,309.0,999,0.0,7,0,1.0,0,0
56.0,417,346.0,999,0.0,6,0,0.83333,0,0
36.0,369,318.0,999,0.0,6,0,1.0,0,0
24.0,224,186.0,999,0.0,6,0,1.0,0,0
33.0,379,331.0,999,0.0,4,0,0.92308,0,0
62.0,622,544.0,999,0.0,7,0,1.0,0,0
31.0,282,240.0,999,0.0,6,0,0.88889,0,0
36.0,439,383.0,999,0.0,6,0,1.0,0,0
53.0,421,352.0,999,0.0,7,0,1.0,0,0
22.0,221,186.0,999,0.0,6,0,1.0,0,0
29.0,309,258.0,999,0.0,6,0,1.0,0,0
34.0,327,280.0,999,0.0,6,0,0.86667,0,0
27.0,278,236.0,999,0.0,6,0,1.0,0,0
54.0,481,413.0,999,0.0,6,0,1.0,0,0
39.0,460,407.0,999,0.0,7,0,1.0,0,0
25.0,259,217.0,999,0.0,6,0,0.91667,0,0
39.0,492,437.0,999,0.0,6,0,0.84211,0,0
24.0,386,350.0,999,0.0,6,0,0.9375,0,0
37.0,353,305.0,999,0.0,6,0,1.0,0,0
25.0,222,190.0,999,0.0,3,0,1.0,0,0
7.0,115,100.0,160,0.0,0,0,0.0,0,0
3.0,15,9.0,999,0.0,0,0,0.0,0,1
18.0,455,427.0,202,0.0,0,0,0.0,0,1
5.0,42,30.0,999,0.0,0,0,0.0,0,1
57.0,1567,1499.0,129,0.0,0,0,1.0,0,0
7.0,23,8.0,999,0.0,0,0,0.0,0,1
11.0,100,84.0,112,0.0,1,0,0.57143,0,0
11.0,95,71.0,148,0.0,1,0,1.0,0,0
11.0,97,81.0,148,0.0,1,0,1.0,0,0
13.0,122,104.0,262,0.0,1,0,1.0,0,0
29.0,238,204.0,53,0.0,1,0,0.8,0,0
14.0,108,89.0,44,0.0,1,0,1.0,0,0
42.0,253,200.0,42,0.0,1,0,1.0,0,0
9.0,108,93.0,148,0.0,1,0,1.0,0,0
10.0,95,79.0,148,0.0,1,0,0.33333,0,0
13.0,129,112.0,148,0.0,0,0,0.6,0,0
14.0,100,72.0,140,0.0,1,0,1.0,0,0
9.0,138,118.0,148,0.0,1,0,0.57143,0,0
14.0,118,97.0,34,0.0,1,0,1.0,0,0
7.0,76,61.0,144,0.0,1,0,1.0,0,0
36.0,249,208.0,191,0.0,1,0,1.0,0,0
14.0,145,123.0,148,0.0,1,0,1.0,0,0
6.0,69,58.0,274,0.0,1,0,1.0,0,0
7.0,72,60.0,154,0.0,1,0,1.0,0,0
14.0,94,75.0,149,0.0,1,0,1.0,0,0
22.0,191,163.0,151,0.0,1,0,0.5,0,0
11.0,97,81.0,71,0.0,1,0,1.0,0,0
14.0,145,122.0,148,0.0,1,0,1.0,0,0
14.0,123,104.0,153,0.0,1,0,1.0,0,0
7.0,86,75.0,187,0.0,0,0,0.0,0,1
2.0,9,4.0,278,0.0,0,0,0.0,0,1
99.0,1272,1052.0,31,10.162687727,7,1,1.0,25,0
84.0,804,612.0,31,9.831435454,3,0,1.0,25,0
101.0,1187,989.0,31,8.647632727,7,0,0.99502,22,0
128.0,1889,1572.0,44,10.272727272,8,1,1.0,43,0
31.0,562,446.0,43,8.810495909,3,0,0.9951,19,0
177.0,1138,862.0,31,8.101175263,8,0,0.89286,17,0
43.0,356,296.0,35,8.0,0,0,0.97917,2,0
153.0,1532,1260.0,31,7.870258636,10,0,0.99485,20,0
169.0,948,674.0,189,7.0,3,0,0.96667,2,0
109.0,1732,1430.0,34,10.363636363,10,0,1.0,46,0
51.0,943,779.0,31,9.9189565,8,0,1.0,27,0
42.0,817,638.0,31,10.013416818,8,0,1.0,36,0
45.0,1010,824.0,36,10.363636363,8,1,1.0,36,0
69.0,1690,1424.0,43,10.4,9,0,1.0,49,0
191.0,1099,850.0,31,8.060408,3,1,1.0,12,0
9.0,34,21.0,278,0.0,0,0,1.0,0,1
134.0,945,775.0,31,7.0388,7,0,0.98925,5,0
23.0,110,82.0,87,0.0,0,0,0.0,0,0
51.0,858,693.0,31,9.767011363,7,0,1.0,23,0
36.0,807,645.0,36,8.518226818,9,0,1.0,27,0
9.0,279,238.0,31,7.14646375,6,0,1.0,5,0
7.0,67,52.0,228,0.0,0,0,0.95652,0,1
56.0,929,745.0,42,9.875420909,9,1,0.99519,28,0
533.0,3459,2507.0,31,9.009151818,10,3,1.0,31,0
131.0,746,561.0,190,0.0,1,0,1.0,0,0
33.0,687,555.0,56,9.8760605,7,0,0.98485,21,0
31.0,641,518.0,42,6.539914545,5,0,0.9881,22,0
75.0,978,823.0,42,6.9644325,4,0,0.98592,18,0
17.0,650,530.0,80,10.096007272,7,0,1.0,24,0
148.0,1328,1074.0,31,10.11111125,4,0,0.98529,25,0
357.0,688,321.0,43,9.0,0,0,1.0,1,0
135.0,1193,948.0,42,9.515039545,3,0,0.98361,24,0
1.0,8,3.0,278,0.0,0,0,0.0,0,1
37.0,892,744.0,31,10.3358025,9,0,0.99441,24,0
75.0,889,724.0,70,9.52862,7,0,1.0,20,0
84.0,751,588.0,31,8.451375,7,1,1.0,15,0
41.0,659,528.0,31,9.359708,4,0,1.0,18,0
7.0,49,37.0,262,0.0,0,0,0.0,0,1
49.0,1050,896.0,36,9.675540454,10,1,1.0,22,0
25.0,422,344.0,42,8.147185714,2,0,0.99412,11,0
1.0,9,8.0,263,0.0,0,0,0.0,0,1
177.0,2122,1767.0,28,10.202693181,10,0,1.0,44,0
39.0,760,623.0,79,9.389796363,9,0,1.0,20,0
149.0,1494,1226.0,39,10.04315909,8,1,1.0,26,0
181.0,1058,859.0,69,4.047813333,3,0,1.0,3,0
46.0,860,723.0,36,9.069982727,9,0,1.0,19,0
156.0,1712,1389.0,38,8.643925909,8,0,0.94488,41,0
32.0,520,414.0,69,8.192996,1,0,1.0,17,0
106.0,1115,853.0,9,9.886083181,9,0,1.0,42,0
44.0,846,692.0,42,9.740400909,9,1,1.0,24,0
26.0,859,735.0,31,9.122345,10,0,1.0,19,0
34.0,820,645.0,43,10.363636363,9,0,1.0,41,0
24.0,227,194.0,192,0.0,1,0,1.0,0,0
54.0,802,655.0,39,10.268135909,8,0,1.0,19,0
1.0,8,3.0,273,0.0,0,0,0.0,0,1
12.0,122,106.0,89,0.0,0,0,0.5,0,0
83.0,1027,909.0,42,8.419753333,3,1,1.0,7,0
179.0,1694,1356.0,31,9.842104285,7,0,0.96774,33,0
22.0,665,484.0,37,8.566911,6,0,1.0,38,0
78.0,1222,1018.0,31,9.934343181,10,0,1.0,26,0
9.0,219,204.0,92,0.0,2,0,1.0,0,0
76.0,370,280.0,42,0.0,0,0,0.0,0,0
82.0,1087,875.0,31,10.209774545,4,0,1.0,31,0
118.0,1383,1108.0,77,10.2319195,6,1,1.0,34,0
41.0,752,623.0,31,8.162214444,8,0,0.995,18,0
30.0,375,336.0,151,0.0,0,0,1.0,0,0
130.0,1409,1132.0,31,9.511223181,10,0,1.0,39,0
77.0,803,642.0,15,10.045455,5,0,0.99425,18,0
113.0,816,585.0,31,6.014581428,3,0,1.0,19,0
16.0,473,370.0,36,8.453453181,5,0,1.0,19,0
22.0,585,463.0,43,6.801881666,9,0,1.0,21,0
58.0,3429,3210.0,35,10.363636363,10,1,1.0,36,0
2.0,15,8.0,278,0.0,0,0,0.0,0,1
36.0,773,636.0,31,8.682498181,10,0,1.0,19,0
247.0,2232,1870.0,41,7.80919409,7,1,1.0,21,0
144.0,1205,945.0,42,7.028482727,2,0,0.99291,28,0
200.0,2184,1832.0,31,9.177912,9,1,1.0,38,0
44.0,873,713.0,21,9.54769909,6,0,1.0,29,0
8.0,53,40.0,228,0.0,0,0,0.5,0,1
147.0,1570,1278.0,31,10.272727272,8,0,1.0,34,0
37.0,869,732.0,43,9.391868181,6,0,1.0,21,0
139.0,1078,893.0,31,4.060606,5,0,1.0,3,0
71.0,993,822.0,31,9.262633636,7,0,0.99015,21,0
28.0,797,642.0,42,9.30297909,10,1,1.0,31,0
118.0,1066,822.0,29,8.512227727,4,1,0.99,21,0
37.0,466,342.0,42,7.159838823,1,0,0.96721,21,0
5.0,57,48.0,204,0.0,0,0,1.0,0,1
30.0,540,424.0,36,7.588620909,6,0,1.0,19,0
155.0,1435,1136.0,31,9.631371818,4,0,0.87097,39,0
8.0,151,123.0,42,6.521886666,0,0,1.0,4,0
69.0,1069,878.0,76,10.042421818,9,1,1.0,27,0
32.0,660,508.0,42,9.242995454,4,0,0.98529,24,0
8.0,38,26.0,214,0.0,0,0,1.0,0,1
31.0,192,158.0,187,0.0,0,0,0.0,0,1
15.0,143,127.0,101,0.0,0,0,0.0,0,0
133.0,1089,806.0,31,10.185184545,10,0,1.0,37,0
5.0,29,19.0,252,0.0,0,0,0.0,0,1
245.0,2541,2105.0,30,10.272727272,5,1,0.99497,47,0
29.0,816,687.0,31,9.048995454,5,0,0.99462,19,0
70.0,850,661.0,55,9.745566818,0,0,1.0,30,0
55.0,581,438.0,37,3.71477409,5,0,1.0,19,0
9.0,162,145.0,230,7.0,0,0,0.95652,1,0
72.0,490,407.0,57,0.0,0,0,1.0,0,0
88.0,1281,1038.0,31,8.933042727,10,0,0.97949,34,0
7.0,224,177.0,56,8.813590909,4,0,1.0,8,0
16.0,192,165.0,240,7.0,2,0,1.0,1,0
76.0,1651,1394.0,31,10.14141409,2,1,1.0,38,0
25.0,245,207.0,249,0.0,0,0,1.0,0,1
157.0,1488,1239.0,31,8.95096619,5,0,0.99448,19,0
124.0,1505,1263.0,31,9.798489545,8,0,1.0,23,0
12.0,475,374.0,42,7.638717647,8,0,1.0,15,0
8.0,106,83.0,31,1.75084,0,0,0.83333,2,0
21.0,163,122.0,232,10.0,0,0,0.875,2,0
89.0,1324,1113.0,31,9.436486363,10,0,1.0,28,0
58.0,623,478.0,42,7.404748095,1,0,1.0,18,0
97.0,1278,1038.0,39,9.562626818,10,0,1.0,30,0
179.0,1593,1266.0,30,10.134068181,8,0,1.0,33,0
35.0,517,430.0,42,7.0,7,1,1.0,1,0
159.0,1279,1026.0,31,9.44742409,5,1,0.99485,20,0
34.0,818,691.0,31,7.85167,7,0,0.99512,19,0
15.0,116,100.0,188,0.0,0,0,0.66667,0,1
80.0,1012,826.0,42,8.455617272,10,0,0.99505,24,0
54.0,1023,802.0,31,10.01678409,11,0,1.0,48,0
35.0,560,443.0,36,8.7743855,6,0,1.0,18,0
91.0,1786,1588.0,42,9.151335909,11,0,1.0,19,0
39.0,803,657.0,42,9.238758095,6,0,1.0,25,0
30.0,852,650.0,37,10.363636363,10,0,1.0,49,0
192.0,1287,1007.0,31,9.069336315,8,0,1.0,18,0
37.0,750,626.0,31,8.960317142,5,0,1.0,18,0
24.0,583,466.0,43,7.960077857,4,0,1.0,20,0
19.0,629,512.0,42,9.636980454,7,0,1.0,23,0
42.0,811,652.0,31,8.826021818,10,0,1.0,26,0
72.0,1034,796.0,31,10.10101,9,0,1.0,32,0
83.0,1082,881.0,56,9.030860454,5,0,0.97826,26,0
34.0,638,509.0,61,9.132435,8,0,0.99517,19,0
156.0,1263,1022.0,37,8.76551,5,0,0.99394,19,0
18.0,285,258.0,65,6.0,2,0,1.0,1,0
103.0,416,289.0,184,0.0,0,0,0.0,0,1
78.0,880,713.0,35,9.401235,6,0,1.0,19,0
11.0,177,153.0,65,2.45118,0,0,0.89474,1,0
2.0,10,4.0,278,0.0,0,0,0.0,0,1
198.0,1943,1593.0,42,9.626583636,7,0,0.99505,41,0
111.0,1569,1315.0,42,10.363636363,10,0,1.0,29,0
73.0,1049,822.0,26,10.035914545,11,0,1.0,41,0
161.0,1491,1140.0,31,10.4,9,0,1.0,39,0
8.0,92,75.0,78,3.151516666,0,0,1.0,1,0
42.0,864,707.0,30,8.976833636,6,0,1.0,26,0
94.0,864,660.0,88,9.895286363,3,0,0.9845,24,0
41.0,551,398.0,31,9.022233,4,0,0.96875,21,0
36.0,522,397.0,42,8.66779909,8,0,1.0,19,0
82.0,609,494.0,40,2.10101,6,0,0.94203,1,0
3.0,20,12.0,278,0.0,0,0,0.0,0,1
74.0,963,776.0,31,9.507855909,11,0,0.99517,24,0
32.0,623,500.0,31,6.368191363,7,0,1.0,20,0
63.0,907,711.0,42,9.8290795,9,0,1.0,37,0
58.0,860,684.0,42,9.141475,9,0,1.0,25,0
7.0,154,139.0,263,6.0,0,0,0.75,1,0
147.0,1444,1187.0,31,9.351799473,8,1,0.99517,17,0
221.0,1818,1425.0,31,10.4,10,0,1.0,32,0
99.0,1049,674.0,24,10.25074,6,0,1.0,70,0
10.0,121,104.0,206,0.0,0,0,1.0,0,1
143.0,1683,1376.0,31,10.363636363,11,0,1.0,35,0
27.0,471,336.0,42,7.923045238,0,0,0.96667,26,0
156.0,1277,974.0,31,9.24972909,9,1,1.0,19,0
31.0,828,695.0,31,9.322270454,6,0,1.0,22,0
5.0,27,17.0,192,0.0,0,0,0.0,0,1
47.0,1015,853.0,43,9.076540909,5,1,0.98985,24,0
141.0,1530,1223.0,31,9.74264909,10,0,1.0,36,0
59.0,927,749.0,31,9.604697727,7,0,0.99167,26,0
127.0,1307,1026.0,31,8.290403,5,0,1.0,18,0
75.0,860,683.0,31,9.833741818,1,0,0.99515,24,0
22.0,524,407.0,42,9.987552727,5,0,1.0,21,0
188.0,1462,1172.0,31,9.239338,7,0,1.0,18,0
38.0,727,642.0,42,7.575308888,1,0,1.0,9,0
38.0,554,422.0,34,9.730746666,11,1,1.0,18,0
9.0,134,117.0,223,0.0,1,0,0.5,0,0
127.0,1718,1418.0,34,10.363636363,9,2,1.0,36,0
125.0,1485,1266.0,42,9.193785909,12,1,1.0,19,0
37.0,782,625.0,39,8.597041818,6,0,1.0,30,0
217.0,1627,1257.0,34,8.581825454,6,1,0.95,24,0
172.0,1880,1412.0,21,10.02760909,3,1,0.57143,73,0
56.0,518,446.0,188,8.0,5,2,1.0,1,0
8.0,58,42.0,247,0.0,0,0,0.0,0,1
40.0,884,744.0,34,9.729517272,12,1,1.0,20,0
24.0,541,432.0,34,9.0226715,6,9,0.98592,19,0
151.0,1335,1096.0,34,9.8061725,9,0,0.9951,19,0
127.0,731,546.0,34,6.8658,1,0,1.0,6,0
123.0,1125,884.0,42,9.415263636,5,0,1.0,28,0
60.0,1098,911.0,39,9.281435,7,2,0.99405,26,0
78.0,888,708.0,42,9.961738636,6,0,0.9875,24,0
95.0,857,659.0,37,9.06633,5,0,0.97059,26,0
78.0,706,583.0,34,7.775420833,1,0,0.98601,9,0
63.0,840,683.0,7,9.341178,2,0,0.66667,20,0
61.0,873,701.0,34,9.700336818,10,0,0.99497,23,0
19.0,195,169.0,34,0.0,1,0,1.0,0,0
43.0,624,498.0,40,8.7821185,6,0,1.0,18,0
8.0,64,46.0,279,0.0,0,0,1.0,0,1
174.0,1341,1015.0,34,9.471665454,7,0,0.99474,36,0
27.0,499,348.0,34,10.4,4,0,1.0,31,0
196.0,1546,1201.0,23,10.09090909,7,0,0.99515,33,0
10.0,411,243.0,43,10.018462,3,0,0.98851,43,0
24.0,371,258.0,34,8.34004,1,0,1.0,18,0
19.0,321,223.0,42,9.467907368,6,0,0.94118,17,0
21.0,188,152.0,188,10.0,2,0,1.0,1,0
174.0,1176,878.0,22,9.8921105,1,0,0.91667,24,0
34.0,475,372.0,34,8.124002857,3,1,0.98182,14,0
202.0,1600,1263.0,34,10.1271605,7,0,0.88889,26,0
82.0,1445,1233.0,42,10.14870909,8,2,0.99515,31,0
37.0,356,309.0,188,0.0,1,0,1.0,0,0
24.0,398,289.0,34,9.5048825,7,0,1.0,18,0
97.0,802,607.0,34,9.326395909,8,0,1.0,19,0
127.0,832,689.0,34,0.700336666,1,0,1.0,1,0
29.0,607,499.0,39,9.408148,2,0,0.9697,18,0
123.0,1242,942.0,34,10.258765,7,0,1.0,44,0
91.0,621,528.0,188,0.0,1,0,1.0,0,0
25.0,521,405.0,34,7.711141578,9,0,0.98404,17,0
20.0,485,377.0,43,8.6182685,7,0,1.0,20,0
36.0,398,347.0,213,0.0,1,1,0.91667,0,0
1.0,10,5.0,279,0.0,0,0,0.0,0,1
60.0,786,621.0,34,8.725313684,1,0,0.98864,26,0
81.0,674,520.0,34,8.647763684,2,0,1.0,16,0
31.0,530,487.0,188,0.0,2,0,1.0,0,0
31.0,806,606.0,34,9.7536465,5,0,0.28571,50,0
109.0,748,548.0,34,8.85507,5,0,1.0,18,0
45.0,521,463.0,187,0.0,2,0,1.0,0,0
22.0,143,106.0,188,8.0,1,0,0.96774,1,0
67.0,616,467.0,34,7.987172777,2,0,1.0,19,0
1.0,27,26.0,259,0.0,0,0,0.0,0,1
50.0,857,700.0,37,8.384393636,9,1,0.99029,23,0
5.0,52,43.0,278,0.0,0,0,0.0,0,1
7.0,51,40.0,273,0.0,0,0,0.0,0,1
31.0,494,377.0,34,9.058709,6,0,0.72727,18,0
30.0,586,407.0,37,9.0426805,1,0,0.95556,38,0
304.0,2268,1729.0,20,10.134018,5,0,0.93902,28,0
3.0,15,8.0,279,0.0,0,0,0.0,0,1
256.0,1450,1152.0,34,7.691198571,2,0,0.33333,6,0
169.0,1400,1122.0,34,9.598387272,7,2,0.99476,22,0
151.0,1306,992.0,34,10.4,4,0,0.88889,36,0
96.0,1021,810.0,34,10.4,3,0,0.96129,27,0
206.0,1835,1368.0,37,10.2949495,4,0,0.92157,68,0
66.0,719,560.0,34,9.267636363,1,0,1.0,21,0
207.0,1211,823.0,34,9.137945454,4,0,0.9434,20,0
218.0,1504,1147.0,43,9.6181445,4,0,1.0,23,0
160.0,1114,862.0,34,8.693667142,7,1,1.0,18,0
6.0,57,50.0,36,0.0,0,0,0.0,0,0
34.0,195,153.0,34,5.0,1,0,0.875,1,0
61.0,1112,948.0,71,9.524130416,8,2,0.98361,21,0
174.0,1201,842.0,34,9.112692727,2,0,0.9898,32,0
54.0,1036,855.0,34,10.0,7,0,0.99,29,0
30.0,223,187.0,149,0.0,0,0,0.33333,0,0
80.0,668,515.0,42,7.775925833,2,0,0.81818,10,0
127.0,1295,1085.0,33,7.424278,1,0,1.0,18,0
148.0,1454,1157.0,34,9.976734,9,0,0.99048,40,0
126.0,1133,916.0,34,9.340011,4,3,0.99065,21,0
59.0,676,508.0,42,8.649744583,2,0,0.98592,29,0
100.0,1048,859.0,59,9.365172631,2,1,0.975,21,0
112.0,945,790.0,99,6.022896666,1,0,0.66667,6,0
37.0,494,388.0,34,8.71419,3,0,0.9902,14,0
45.0,518,432.0,34,7.747475555,1,0,0.96429,7,0
229.0,2039,1611.0,34,10.011111363,9,0,1.0,39,0
101.0,874,662.0,42,7.005495263,1,0,1.0,23,0
170.0,1189,973.0,42,7.36995,1,0,0.98592,6,0
279.0,1982,1512.0,21,9.854321,5,0,1.0,41,0
32.0,588,460.0,42,8.0377395,4,0,0.9932,23,0
10.0,333,246.0,76,8.833151052,3,0,1.0,17,0
80.0,675,581.0,188,9.0,1,0,1.0,2,0
74.0,1341,1085.0,34,10.0381595,8,0,1.0,47,0
35.0,611,481.0,34,9.3185005,1,0,1.0,22,0
2.0,12,10.0,233,0.0,0,0,0.0,0,1
1.0,6,5.0,999,0.0,0,0,0.0,0,1
5.0,22,13.0,279,0.0,0,0,1.0,0,1
2.0,11,5.0,279,0.0,0,0,0.0,0,1
3.0,19,11.0,279,0.0,0,0,0.0,0,1
89.0,1172,989.0,34,8.973186363,8,1,0.99507,20,0
191.0,1980,1579.0,36,10.018024,3,0,0.95789,53,0
2.0,10,4.0,279,0.0,0,0,0.0,0,1
101.0,802,616.0,35,9.440465909,2,0,1.0,20,0
4.0,15,7.0,279,0.0,0,0,0.0,0,1
68.0,632,485.0,34,5.232215,3,0,0.99457,17,0
82.0,1179,1005.0,34,9.308463181,10,0,0.99043,20,0
89.0,1233,940.0,34,9.598204545,6,0,1.0,48,0
98.0,945,719.0,34,8.616406363,5,0,1.0,31,0
62.0,955,681.0,34,10.25074,8,0,1.0,47,0
1.0,6,3.0,279,0.0,0,0,0.0,0,1
4.0,44,32.0,279,0.0,0,0,0.0,0,1
41.0,406,280.0,42,9.1137155,4,0,1.0,18,0
158.0,1432,1029.0,34,9.777165454,7,1,0.98901,50,0
2.0,15,9.0,210,0.0,0,0,0.0,0,1
142.0,1099,875.0,34,8.869088947,1,0,1.0,17,0
204.0,2116,1716.0,34,9.624226818,4,0,0.99061,49,0
264.0,2189,1728.0,34,10.363636363,6,0,0.98964,45,0
34.0,302,262.0,171,0.0,1,0,0.81818,0,0
70.0,777,620.0,34,9.5490915,4,0,0.98378,18,0
1.0,10,6.0,279,0.0,0,0,0.0,0,1
5.0,125,115.0,221,0.0,1,0,1.0,0,0
150.0,1554,1154.0,16,10.4,6,2,0.99448,61,0
31.0,184,146.0,187,0.0,0,0,0.75,0,1
75.0,913,747.0,34,8.536373181,8,0,1.0,20,0
70.0,643,480.0,37,9.4101905,1,0,0.5,19,0
32.0,359,307.0,185,9.0,6,0,0.97368,2,0
43.0,577,444.0,34,8.2497165,5,0,0.99462,19,0
61.0,1381,1070.0,39,13.541666666,9,11,1.0,72,0
57.0,957,757.0,35,11.567077916,4,1,0.95349,38,0
144.0,1438,1151.0,30,12.833333333,9,1,1.0,31,0
40.0,751,602.0,35,11.19311625,7,1,1.0,24,0
88.0,1007,821.0,39,12.396249166,8,1,1.0,21,0
164.0,1426,1118.0,22,12.375,9,1,0.77143,29,0
103.0,586,461.0,37,14.0,1,0,0.125,2,0
53.0,780,628.0,35,12.155135652,9,1,0.99379,20,0
136.0,821,650.0,106,18.75,2,1,1.0,3,0
45.0,1146,927.0,35,12.76763625,8,1,0.98592,40,0
35.0,329,288.0,260,0.0,0,0,0.0,0,1
72.0,997,811.0,35,12.386259565,8,0,1.0,21,0
40.0,433,379.0,105,18.666666666,2,1,1.0,2,0
52.0,747,641.0,35,10.410421428,4,1,1.0,11,0
64.0,869,668.0,35,12.377101666,9,1,0.98936,22,0
119.0,1758,1450.0,26,11.210076086,9,2,1.0,39,0
65.0,820,624.0,35,12.529526666,7,1,1.0,25,0
1.0,12,7.0,279,0.0,0,0,0.0,0,1
3.0,33,26.0,273,0.0,0,0,0.0,0,1
76.0,1232,1049.0,39,13.26898625,9,1,0.99371,24,0
83.0,1109,908.0,35,12.69253375,5,0,0.83333,28,0
112.0,2074,1862.0,35,11.846760833,9,1,1.0,21,0
2.0,34,28.0,273,0.0,0,0,1.0,0,1
194.0,1334,969.0,40,12.817545833,3,0,1.0,25,0
3.0,17,10.0,273,0.0,0,0,0.0,0,1
153.0,1432,1180.0,37,10.627385217,7,0,0.99479,22,0
170.0,1297,980.0,35,10.324715,4,1,0.97,21,0
175.0,1710,1436.0,39,12.157093333,6,1,0.99448,23,0
97.0,1240,1025.0,38,9.358863333,8,0,0.995,24,0
213.0,1959,1473.0,22,12.898147916,7,1,0.93407,46,0
68.0,962,777.0,36,11.538543333,5,6,0.98361,24,0
241.0,2443,2061.0,39,13.791666666,9,1,1.0,34,0
157.0,1095,893.0,35,13.345599285,0,0,0.93103,11,0
32.0,718,569.0,44,13.208333333,5,0,1.0,28,0
130.0,1838,1667.0,35,13.24619909,7,1,1.0,8,0
2.0,11,5.0,279,0.0,0,0,0.0,0,1
233.0,1560,1229.0,35,9.505232173,5,1,0.99,21,0
1.0,3,2.0,999,0.0,0,0,0.0,0,1
101.0,911,784.0,66,10.650792857,2,0,0.75,4,0
357.0,2990,2458.0,35,12.625,7,1,1.0,47,0
141.0,1692,1460.0,35,12.818791304,7,0,0.95455,21,0
229.0,2048,1699.0,35,11.745380416,9,1,0.99482,26,0
261.0,2144,1685.0,35,12.583333333,8,3,0.85,34,0
32.0,682,555.0,39,11.725654583,8,1,1.0,21,0
1.0,14,9.0,279,0.0,0,0,0.0,0,1
27.0,430,361.0,39,10.681819166,2,0,0.98324,9,0
6.0,37,27.0,279,0.0,0,0,1.0,0,1
145.0,1533,1274.0,35,10.164824545,9,0,1.0,20,0
50.0,442,372.0,42,5.525251666,2,1,0.95652,3,0
108.0,1284,1026.0,35,12.850720416,9,0,0.99487,39,0
31.0,599,547.0,149,17.75,2,2,1.0,3,0
35.0,849,735.0,35,11.5295285,5,2,1.0,19,0
6.0,59,49.0,251,0.0,0,0,1.0,0,1
47.0,324,261.0,43,19.333333333,1,0,1.0,2,0
241.0,1169,905.0,69,17.636364285,2,1,1.0,4,0
193.0,2150,1740.0,35,11.394444166,9,1,0.99474,52,0
119.0,1129,913.0,39,11.76867,7,0,1.0,21,0
99.0,745,618.0,39,24.75,6,2,0.75,3,0
54.0,447,360.0,35,24.25,2,1,0.85714,3,0
168.0,1190,924.0,35,10.748420869,6,1,0.9774,21,0
4.0,24,15.0,279,0.0,0,0,0.0,0,1
71.0,576,427.0,35,9.454545454,0,0,0.98864,15,0
52.0,941,699.0,35,11.311969565,9,1,0.99492,44,0
117.0,1097,835.0,35,12.055652916,6,1,0.98942,28,0
254.0,2558,1959.0,33,13.875,9,1,1.0,56,0
226.0,1724,1320.0,35,12.982154583,7,1,1.0,38,0
139.0,1859,1596.0,35,12.388754583,9,1,1.0,27,0
33.0,852,723.0,34,12.358697916,8,1,1.0,21,0
55.0,585,508.0,81,16.25,2,0,0.8,3,0
422.0,3330,2415.0,35,13.449915833,6,1,0.99471,29,0
68.0,936,847.0,106,30.5,2,1,1.0,3,0
159.0,1588,1319.0,42,11.870912173,9,1,0.99495,25,0
210.0,1534,1214.0,35,12.830300833,9,1,1.0,22,0
127.0,1284,1026.0,39,11.804729583,7,0,0.875,35,0
94.0,1065,858.0,39,11.1667225,7,1,0.97826,25,0
47.0,607,497.0,34,11.576832352,1,0,0.98765,14,0
230.0,2192,1782.0,37,12.631313181,9,1,1.0,34,0
139.0,757,593.0,169,26.666666666,0,0,0.75,2,0
162.0,1504,1212.0,35,11.107519583,9,1,1.0,33,0
38.0,580,506.0,56,11.663523333,2,1,0.98148,6,0
51.0,919,752.0,59,13.412149166,2,1,1.0,22,0
106.0,1339,1140.0,35,9.480808,6,4,1.0,19,0
131.0,1494,1260.0,35,11.697325217,8,1,1.0,22,0
77.0,1074,866.0,39,12.700624166,9,1,1.0,30,0
11.0,102,82.0,199,11.0,0,0,1.0,1,0
189.0,1617,1277.0,35,12.8606525,9,1,1.0,30,0
147.0,1574,1328.0,31,10.734267916,7,0,0.98387,22,0
72.0,996,831.0,30,10.791965833,6,0,1.0,21,0
78.0,659,555.0,35,14.0,1,0,1.0,2,0
146.0,1723,1431.0,36,12.73940375,9,1,1.0,32,0
43.0,501,450.0,35,0.0,2,1,0.66667,0,0
114.0,1146,925.0,35,9.393724782,9,0,0.92593,22,0
25.0,309,268.0,123,17.75,2,1,1.0,3,0
36.0,374,330.0,189,29.0,1,0,1.0,1,0
81.0,1169,951.0,35,13.017589583,9,0,0.27273,31,0
166.0,1471,1092.0,35,11.291666666,9,2,1.0,52,0
2.0,18,12.0,279,0.0,0,0,0.0,0,1
276.0,1728,1336.0,35,9.94267647,9,0,0.99495,20,0
24.0,542,417.0,39,8.281930434,8,0,0.85714,20,0
121.0,1261,1048.0,36,9.83948909,7,0,1.0,19,0
2.0,47,41.0,277,0.0,0,0,0.0,0,1
189.0,1683,1382.0,35,13.417945416,6,2,0.97468,26,0
21.0,377,336.0,203,29.0,2,1,1.0,3,0
255.0,1717,1271.0,35,11.09296826,8,1,1.0,22,0
45.0,897,709.0,35,11.542350434,9,1,1.0,32,0
10.0,178,162.0,278,0.0,0,0,1.0,0,1
74.0,1325,1121.0,39,13.479377083,8,1,0.99291,30,0
126.0,1393,1092.0,35,12.570482916,6,3,1.0,44,0
252.0,2133,1694.0,35,13.75,8,1,0.99355,36,0
141.0,1071,827.0,30,10.458713913,2,1,0.66667,24,0
228.0,1455,1078.0,21,9.515200434,7,0,0.93103,20,0
77.0,1053,877.0,38,13.518939583,9,5,1.0,21,0
229.0,2165,1812.0,35,13.08415625,8,1,0.9,26,0
260.0,1907,1414.0,35,13.301187916,9,1,0.98864,26,0
169.0,1586,1289.0,31,9.01287875,8,0,0.82353,21,0
269.0,1441,1036.0,204,21.0,1,1,0.75,3,0
196.0,1410,1046.0,39,11.887034166,1,1,0.33333,28,0
54.0,991,809.0,35,11.173913043,2,1,0.33333,31,0
102.0,1102,900.0,37,9.577647083,8,1,1.0,21,0
87.0,1075,891.0,35,12.656743333,8,0,0.68421,21,0
98.0,1102,833.0,36,10.259795652,0,0,0.25,41,0
79.0,991,780.0,37,8.508684545,7,1,0.99471,28,0
53.0,652,454.0,22,10.057335555,2,1,0.98958,30,0
137.0,1277,1042.0,36,9.722836363,6,3,1.0,21,0
17.0,435,336.0,43,9.344444545,0,0,0.95833,20,0
241.0,2008,1569.0,36,8.678475238,7,0,0.71429,26,0
39.0,508,386.0,35,6.087239,5,0,1.0,18,0
144.0,937,774.0,90,10.0,0,0,1.0,3,0
126.0,1236,953.0,37,10.607312307,7,0,1.0,37,0
57.0,1022,828.0,43,9.327609,2,0,0.9,23,0
138.0,1215,952.0,36,9.35065826,8,0,0.99485,26,0
170.0,1359,1066.0,31,9.332553157,3,0,1.0,27,0
67.0,918,734.0,36,9.7992,6,0,0.98765,25,0
116.0,1293,1001.0,32,10.782608695,9,0,0.98507,48,0
311.0,2511,2037.0,24,8.565470833,8,0,1.0,40,0
7.0,32,21.0,276,0.0,0,0,1.0,0,1
176.0,1502,1235.0,42,9.6171045,0,0,0.98765,21,0
75.0,1141,970.0,37,9.787329565,8,0,1.0,21,0
18.0,1243,1092.0,42,10.315619565,8,0,1.0,30,0
112.0,889,698.0,35,8.589296875,1,0,1.0,14,0
17.0,177,155.0,188,0.0,0,0,0.0,0,1
111.0,1129,921.0,35,9.345152173,6,0,0.98773,21,0
83.0,644,546.0,87,12.0,2,1,1.0,3,0
6.0,103,88.0,279,0.0,0,0,0.0,0,1
683.0,1547,774.0,35,10.422222272,6,0,0.83333,20,0
237.0,1761,1273.0,36,9.707246086,4,0,0.99476,29,0
46.0,756,592.0,43,9.877770434,0,0,0.99485,28,0
105.0,1049,821.0,42,9.33530913,8,0,0.97143,25,0
203.0,1310,951.0,36,10.099409565,8,0,1.0,24,0
134.0,753,596.0,74,10.0,2,1,1.0,1,0
237.0,1593,1200.0,36,10.695652173,7,0,1.0,32,0
114.0,686,550.0,31,0.0,1,0,0.94118,0,0
1.0,7,3.0,279,0.0,0,0,0.0,0,1
200.0,2177,1748.0,36,10.179338695,8,0,1.0,57,0
135.0,775,595.0,188,12.0,2,0,1.0,6,0
124.0,847,638.0,42,9.057799565,0,0,1.0,20,0
113.0,818,617.0,35,9.746198947,3,0,0.91304,16,0
10.0,92,73.0,233,0.0,0,0,0.0,0,1
260.0,1823,1427.0,36,9.934833478,5,0,1.0,28,0
118.0,830,606.0,64,8.137562727,0,1,1.0,24,0
215.0,1003,698.0,39,8.308972727,4,0,0.90909,19,0
162.0,1753,1465.0,36,8.393991818,8,1,1.0,31,0
94.0,814,633.0,35,9.05247409,0,0,1.0,19,0
260.0,2002,1569.0,26,10.666666666,9,0,1.0,38,0
101.0,1216,984.0,42,10.19318826,7,0,1.0,26,0
6.0,205,122.0,35,9.372548,0,0,0.0,19,0
124.0,1296,1057.0,36,9.849012173,6,0,1.0,26,0
37.0,734,584.0,42,9.981854782,7,0,0.99479,26,0
43.0,896,681.0,36,10.063815,6,2,0.98765,50,0
2.0,17,9.0,279,0.0,0,0,1.0,0,1
171.0,1465,1088.0,32,10.29629625,6,0,0.99468,52,0
204.0,1462,1035.0,36,10.078855652,1,0,0.97222,32,0
9.0,54,40.0,279,0.0,0,0,1.0,0,1
155.0,1122,823.0,27,9.751322857,2,0,1.0,21,0
142.0,965,670.0,36,9.78838909,1,0,0.99485,19,0
102.0,1032,808.0,42,9.198294583,1,0,1.0,21,0
84.0,741,638.0,125,6.0,0,0,0.0,1,0
106.0,972,762.0,43,10.341486,4,0,0.98718,23,0
46.0,763,584.0,42,10.156696666,7,0,1.0,30,0
195.0,2026,1681.0,13,10.187924347,4,2,0.99474,35,0
57.0,942,754.0,42,11.214386923,9,1,0.98864,30,0
265.0,1785,1433.0,36,10.5235644,7,1,1.0,19,0
7.0,213,120.0,36,10.4,1,0,0.94444,19,0
133.0,1351,1099.0,36,9.147133913,5,0,0.98969,21,0
55.0,445,381.0,223,0.0,0,0,0.0,0,1
298.0,2171,1658.0,36,10.608695652,9,1,1.0,30,0
94.0,843,710.0,35,4.5396825,0,0,1.0,2,0
217.0,1904,1532.0,36,8.018931739,4,0,0.98765,36,0
106.0,968,775.0,36,8.80879,2,0,1.0,16,0
47.0,587,438.0,36,10.257004782,6,1,0.96296,23,0
141.0,1301,1068.0,36,8.935301818,0,0,1.0,19,0
139.0,1092,821.0,36,9.484126521,9,0,0.99405,21,0
270.0,2320,1900.0,36,11.5,9,1,1.0,34,0
234.0,1975,1555.0,36,9.580185217,3,1,1.0,42,0
248.0,1625,1214.0,35,9.856735909,0,0,0.92727,29,0
67.0,783,606.0,36,10.018465217,7,0,1.0,23,0
20.0,443,305.0,36,10.1913585,0,0,0.66667,31,0
147.0,1116,852.0,36,9.764708518,6,1,1.0,21,0
169.0,2029,1567.0,35,10.1624685,1,0,0.66667,111,0
200.0,1317,1009.0,36,6.08651,3,0,0.99474,20,0
7.0,42,29.0,36,0.0,0,0,0.0,0,1
150.0,1562,1256.0,36,10.091754583,7,0,1.0,38,0
34.0,530,363.0,36,10.281094545,1,0,0.99465,33,0
71.0,984,804.0,39,10.315587083,7,1,1.0,24,0
167.0,1445,1165.0,36,9.889962608,9,0,1.0,21,0
57.0,496,344.0,36,8.546441333,0,0,0.76923,23,0
159.0,2354,1926.0,42,10.346660416,6,0,0.99479,41,0
177.0,1699,1295.0,36,10.173913043,7,0,0.98438,37,0
57.0,1200,939.0,36,10.155125652,3,1,0.99451,50,0
133.0,1561,1314.0,35,9.183448181,8,1,1.0,24,0
62.0,642,479.0,35,9.154341363,0,0,0.94737,22,0
257.0,1817,1439.0,36,9.746166956,7,1,0.99454,29,0
201.0,1696,1309.0,1,10.770833333,7,0,1.0,38,0
118.0,1228,1061.0,36,8.430077777,4,0,1.0,8,0
41.0,347,302.0,228,0.0,0,0,0.0,0,1
52.0,1004,811.0,42,10.087542727,8,0,1.0,35,0
82.0,882,701.0,36,9.309712727,2,3,1.0,22,0
3.0,17,9.0,279,0.0,0,0,0.0,0,1
86.0,1341,1098.0,39,10.1318516,8,1,1.0,37,0
113.0,924,706.0,36,9.296673913,0,0,0.97561,23,0
28.0,792,608.0,36,10.434782608,5,0,0.97861,43,0
35.0,627,479.0,42,8.598242692,6,0,1.0,25,0
95.0,8524,8283.0,42,10.26121875,9,0,1.0,41,0
22.0,466,366.0,36,8.414740952,3,1,1.0,18,0
253.0,1901,1418.0,36,8.60678826,8,1,0.99476,20,0
46.0,286,229.0,36,8.0,2,0,1.0,1,0
47.0,858,680.0,36,9.964358695,6,0,1.0,31,0
193.0,1940,1591.0,36,11.096153846,9,0,1.0,33,0
129.0,1331,1065.0,36,10.06425375,8,0,1.0,23,0
274.0,2040,1595.0,3,10.534192173,7,0,1.0,42,0
95.0,996,810.0,36,10.034175,7,0,1.0,20,0
97.0,1035,845.0,2,10.583333333,4,0,0.98182,22,0
441.0,1225,680.0,36,8.758813478,8,0,1.0,22,0
327.0,2354,1879.0,36,10.875,8,0,1.0,32,0
86.0,706,543.0,34,3.89641,1,0,0.96721,17,0
79.0,1106,857.0,37,11.04,9,0,0.99479,37,0
89.0,675,500.0,36,9.11858,1,0,1.0,19,0
176.0,1375,999.0,37,8.64392,5,0,0.95455,41,0
65.0,953,745.0,43,10.94,8,0,0.99265,33,0
91.0,1016,831.0,9,9.638531,0,0,0.17391,21,0
146.0,1364,1078.0,36,10.682566666,5,1,0.98947,36,0
80.0,373,268.0,224,0.0,0,0,0.9,0,1
103.0,1113,892.0,42,9.541013913,8,1,1.0,26,0
86.0,826,647.0,35,10.090755909,5,2,1.0,20,0
120.0,1960,1648.0,35,10.4228568,6,0,1.0,52,0
117.0,1758,1507.0,42,9.739569565,7,1,0.98953,33,0
88.0,628,463.0,36,5.999955555,0,0,0.0,15,0
211.0,2001,1611.0,36,10.001241666,7,1,1.0,45,0
111.0,1000,785.0,35,7.686410476,7,1,1.0,21,0
31.0,263,226.0,191,0.0,0,0,0.0,0,1
106.0,1000,777.0,36,10.0751025,8,1,1.0,25,0
33.0,610,461.0,22,9.915712727,4,0,1.0,28,0
49.0,531,380.0,43,10.45475,2,0,1.0,22,0
49.0,1888,1690.0,15,10.916666666,9,1,1.0,34,0
43.0,623,449.0,36,10.363636363,0,0,1.0,35,0
10.0,85,71.0,239,0.0,0,0,1.0,0,1
38.0,576,448.0,42,9.897962608,2,0,0.20408,21,0
131.0,815,625.0,36,9.096375882,1,0,0.5,14,0
39.0,752,602.0,42,8.944065652,4,1,0.97959,21,0
29.0,154,117.0,224,0.0,0,0,0.0,0,1
200.0,1732,1310.0,25,10.275516086,4,0,1.0,54,0
66.0,737,567.0,36,9.437521739,2,0,1.0,21,0
154.0,924,693.0,36,8.550595,0,0,1.0,14,0
96.0,795,597.0,42,10.079595217,5,0,1.0,24,0
173.0,1741,1455.0,36,11.306394814,7,1,1.0,22,0
87.0,1555,1336.0,42,9.847097727,5,0,0.99296,30,0
102.0,1150,914.0,38,11.12,8,1,1.0,32,0
232.0,1829,1474.0,36,9.6532884,8,0,1.0,26,0
89.0,886,700.0,36,10.608695652,5,1,1.0,22,0
156.0,1600,1312.0,27,10.057819166,8,1,1.0,28,0
146.0,3766,3426.0,25,9.894736842,1,0,0.97196,56,0
284.0,2370,1900.0,9,12.0,9,1,1.0,36,0
71.0,980,778.0,42,9.681534583,7,1,1.0,27,0
3.0,26,19.0,279,0.0,0,0,0.0,0,1
80.0,768,584.0,36,9.673202941,1,0,1.0,26,0
164.0,1804,1494.0,36,10.094179047,7,1,0.97778,30,0
10.0,151,134.0,173,0.0,0,0,1.0,0,0
25.0,194,162.0,260,0.0,0,0,0.0,0,1
127.0,1377,1144.0,36,8.579410869,7,1,1.0,23,0
100.0,1554,1205.0,36,10.478260869,7,1,0.99482,84,0
154.0,2017,1703.0,36,7.916953333,9,0,1.0,34,0
156.0,1316,1126.0,69,9.20202,2,1,1.0,7,0
190.0,1606,1143.0,36,10.434782608,9,0,1.0,31,0
63.0,809,653.0,36,9.624687368,4,0,0.85,19,0
16.0,379,266.0,35,10.52173913,4,0,0.96429,22,0
35.0,603,467.0,42,9.642033478,4,0,1.0,22,0
30.0,535,405.0,42,9.827107142,4,0,0.96552,26,0
118.0,1013,786.0,36,9.945015,4,3,1.0,24,0
131.0,1908,1487.0,36,10.782608695,2,2,0.99485,84,0
33.0,480,351.0,36,9.667583913,7,1,1.0,21,0
37.0,519,383.0,42,9.812619565,8,0,1.0,20,0
200.0,1275,975.0,36,9.740416086,4,0,0.91304,22,0
28.0,715,591.0,35,10.115238,3,0,0.5,19,0
99.0,814,624.0,37,8.566960476,1,0,1.0,19,0
279.0,2285,1825.0,36,9.67831913,9,1,1.0,34,0
94.0,1315,1077.0,36,11.148148461,9,0,1.0,30,0
133.0,1161,882.0,22,10.316156521,9,1,1.0,26,0
1022.0,1739,705.0,81,6.0,3,1,1.0,1,0
13.0,161,142.0,189,12.0,0,0,1.0,2,0
37.0,700,499.0,42,9.630381739,5,0,0.99479,54,0
403.0,1385,765.0,42,10.608695652,2,2,1.0,77,0
124.0,1013,775.0,42,9.873596521,9,0,1.0,27,0
134.0,1133,802.0,36,9.827665,7,0,1.0,26,0
122.0,840,622.0,36,9.541138636,2,0,0.99459,20,0
55.0,630,492.0,42,3.507604761,1,0,0.98649,20,0
81.0,1116,884.0,42,11.083333333,9,1,1.0,34,0
81.0,545,449.0,73,11.333333333,1,0,1.0,3,0
37.0,441,346.0,42,8.432594,6,0,0.975,8,0
85.0,629,486.0,42,9.777777692,0,0,0.0,11,0
41.0,351,278.0,191,9.0,0,0,0.94118,2,0
229.0,2191,1764.0,9,10.782608695,4,0,1.0,53,0
157.0,1413,1102.0,1,10.980816923,7,0,1.0,38,0
80.0,754,564.0,36,9.65920619,5,0,0.99476,24,0
961.0,2194,1093.0,21,10.586956521,3,0,0.88235,34,0
75.0,1001,771.0,36,9.155317916,6,0,1.0,42,0
5.0,655,592.0,43,8.903628666,3,0,1.0,12,0
137.0,889,654.0,36,9.649441304,7,0,0.86207,21,0
48.0,1541,1226.0,42,10.708333333,9,0,1.0,69,0
93.0,919,710.0,36,7.446773333,0,0,1.0,26,0
128.0,1081,865.0,36,9.755330416,4,0,1.0,20,0
148.0,1342,1019.0,36,10.248475217,9,0,1.0,23,0
204.0,1662,1211.0,36,10.782222,6,0,0.91429,80,0
133.0,1242,974.0,36,11.310325714,7,2,1.0,22,0
85.0,562,395.0,36,9.382242173,2,0,0.66667,18,0
9.0,1309,1201.0,42,9.858244347,9,0,1.0,20,0
132.0,1495,1261.0,42,9.043615238,9,0,1.0,20,0
16.0,173,148.0,208,0.0,0,0,0.0,0,1
189.0,1353,1041.0,36,10.782608695,6,0,0.99485,24,0
22.0,239,198.0,36,12.0,0,0,1.0,4,0
133.0,982,743.0,7,9.643153478,5,0,0.99479,21,0
274.0,2002,1575.0,36,8.455256521,6,0,0.98361,38,0
28.0,499,371.0,35,8.116724782,1,0,0.75,24,0
189.0,1388,1024.0,36,9.720877826,9,1,0.94872,28,0
225.0,1260,923.0,36,10.4,6,0,1.0,20,0
266.0,1971,1563.0,18,9.81472,7,0,0.98969,37,0
102.0,1020,786.0,42,10.582304166,9,0,1.0,28,0
92.0,2906,2663.0,22,10.695652173,9,1,1.0,36,0
92.0,883,668.0,37,8.312169285,0,0,1.0,33,0
456.0,693,230.0,189,0.0,0,0,0.0,0,1
124.0,1548,1248.0,37,11.020833333,8,0,1.0,36,0
130.0,1919,1627.0,7,10.814814583,9,1,1.0,35,0
79.0,1014,797.0,42,10.782608695,3,1,1.0,33,0
143.0,2182,1860.0,35,10.75,8,1,1.0,41,0
137.0,1813,1537.0,36,10.791666666,9,1,1.0,32,0
135.0,1256,968.0,36,9.9130704,7,1,1.0,41,0
70.0,726,542.0,36,8.488401578,0,0,0.97619,22,0
6.0,68,56.0,278,0.0,0,0,1.0,0,1
57.0,779,555.0,21,9.0072055,0,0,1.0,41,0
48.0,299,239.0,69,8.0,1,0,0.72222,1,0
384.0,2653,2065.0,25,9.169501818,7,1,1.0,36,0
93.0,1125,870.0,4,9.707478636,5,0,0.98864,42,0
92.0,935,752.0,31,8.076487,1,1,1.0,19,0
182.0,1379,990.0,31,8.497990454,6,1,1.0,27,0
164.0,1062,829.0,31,8.047295882,2,3,1.0,14,0
34.0,458,411.0,91,10.0,3,2,1.0,2,0
104.0,975,745.0,31,9.595926,2,0,0.96552,26,0
256.0,2102,1699.0,31,9.3358,7,4,0.985,20,0
20.0,147,120.0,192,0.0,0,0,0.0,0,1
252.0,1838,1378.0,31,8.925001428,4,1,0.99296,33,0
147.0,1467,1212.0,31,9.016232272,3,1,1.0,22,0
80.0,831,707.0,31,6.402115714,7,1,0.97368,5,0
23.0,325,249.0,31,8.582144615,2,0,0.98765,12,0
4.0,35,26.0,273,0.0,0,0,0.0,0,1
107.0,1016,832.0,33,8.791932857,3,0,0.99213,16,0
26.0,396,354.0,213,7.0,4,1,1.0,2,0
112.0,721,593.0,31,0.0,1,0,1.0,0,0
73.0,986,794.0,40,9.565265909,5,2,1.0,25,0
165.0,1530,1266.0,31,8.890192727,6,1,1.0,20,0
1450.0,3281,1692.0,31,10.224977272,10,0,1.0,30,0
101.0,917,723.0,42,6.674701363,4,2,1.0,21,0
184.0,1210,930.0,31,8.336438333,3,0,0.96364,16,0
49.0,492,381.0,82,5.51108,1,0,1.0,13,0
33.0,277,233.0,106,7.0,3,2,1.0,1,0
60.0,943,760.0,31,9.5351675,2,0,0.95783,35,0
122.0,1141,875.0,31,9.20135409,6,2,1.0,35,0
110.0,1208,978.0,21,9.733394545,7,0,0.984,26,0
83.0,1012,838.0,31,9.523657894,6,0,0.9875,17,0
19.0,365,320.0,80,0.0,2,0,0.98507,0,0
53.0,945,786.0,31,9.627980476,6,0,1.0,24,0
67.0,1089,864.0,31,10.09090909,7,1,1.0,35,0
1.0,9,4.0,273,0.0,0,0,1.0,0,1
98.0,818,627.0,31,8.7412295,4,0,1.0,17,0
100.0,1020,833.0,31,9.45241,2,1,0.99145,20,0
60.0,743,589.0,31,7.463723636,7,1,1.0,19,0
121.0,1196,942.0,31,9.268645909,4,0,1.0,20,0
49.0,661,593.0,88,6.0,1,0,1.0,1,0
141.0,1244,981.0,31,8.853042727,8,0,1.0,23,0
147.0,1025,786.0,31,8.8427275,5,2,0.99187,19,0
2.0,17,10.0,278,0.0,0,0,0.0,0,1
73.0,944,779.0,42,9.364766363,8,2,1.0,20,0
125.0,1128,849.0,42,10.4,5,1,1.0,20,0
74.0,444,356.0,31,0.0,4,0,1.0,0,0
66.0,353,281.0,31,0.0,2,0,0.33333,0,0
7.0,73,60.0,252,0.0,0,0,0.0,0,1
94.0,655,539.0,31,0.0,2,0,0.66667,0,0
49.0,587,483.0,41,8.926807142,5,0,0.95455,11,0
126.0,1604,1350.0,31,10.4,7,0,0.96296,30,0
131.0,1658,1310.0,65,9.472662727,4,0,0.99507,57,0
56.0,1005,806.0,31,9.581440909,7,2,1.0,30,0
140.0,949,728.0,31,8.95361409,2,0,0.9,19,0
77.0,582,485.0,188,8.0,4,0,0.95,1,0
88.0,1050,841.0,42,9.77429909,6,0,0.99324,26,0
42.0,804,642.0,37,10.272727272,10,0,1.0,25,0
83.0,428,327.0,72,0.0,0,0,1.0,0,0
73.0,518,387.0,31,7.698942142,1,0,1.0,11,0
162.0,1385,1088.0,31,9.396278636,7,0,0.99474,25,0
158.0,1696,1381.0,42,9.960943181,7,1,1.0,36,0
48.0,793,661.0,31,7.850305555,3,2,1.0,19,0
48.0,1123,925.0,31,10.181818181,6,0,1.0,30,0
134.0,1471,1085.0,42,9.920599545,8,0,0.97778,51,0
131.0,994,706.0,31,6.9105965,6,0,1.0,27,0
185.0,2000,1549.0,31,10.363636363,6,0,0.98429,50,0
62.0,1101,924.0,74,9.917171818,9,2,1.0,23,0
248.0,2017,1555.0,31,10.006506818,7,2,1.0,41,0
8.0,178,163.0,185,0.0,1,0,0.5,0,0
8.0,37,24.0,278,0.0,0,0,0.0,0,1
41.0,1189,1016.0,31,9.543393636,10,2,0.98919,29,0
56.0,912,750.0,34,9.678900454,4,0,1.0,25,0
124.0,965,717.0,35,8.642686111,7,0,1.0,16,0
136.0,1275,1009.0,31,9.616671363,8,1,1.0,25,0
20.0,249,212.0,227,10.0,0,0,0.88889,2,0
6.0,70,52.0,264,10.0,0,0,1.0,2,0
113.0,1423,1184.0,29,8.5244325,7,0,0.94643,21,0
100.0,2053,1820.0,28,9.71223,10,1,1.0,24,0
286.0,2023,1581.0,31,8.205503333,7,2,0.99301,25,0
142.0,1432,1158.0,33,8.9829675,5,3,0.99,30,0
174.0,1354,1096.0,31,6.093186666,6,0,0.99444,6,0
107.0,1353,1140.0,31,9.286715454,3,1,0.90698,19,0
252.0,1672,1333.0,31,9.13563409,5,0,1.0,19,0
103.0,879,688.0,31,8.667738181,3,0,1.0,19,0
38.0,676,514.0,31,9.473921363,7,0,0.91111,29,0
3.0,38,34.0,252,0.0,0,0,1.0,0,1
230.0,1786,1440.0,31,9.312965,7,1,1.0,23,0
106.0,961,708.0,40,8.572901176,5,4,0.99099,33,0
102.0,1489,1238.0,31,8.041402272,10,2,0.99029,34,0
100.0,1616,1409.0,31,9.382545714,8,1,1.0,22,0
77.0,1143,959.0,31,9.585837619,7,0,1.0,22,0
82.0,1217,1014.0,31,10.181818181,7,4,0.99363,28,0
114.0,1155,951.0,31,9.328282727,7,2,1.0,19,0
61.0,785,612.0,31,8.691596,4,0,0.99375,25,0
172.0,1164,859.0,31,8.7993355,7,0,1.0,20,0
80.0,1029,855.0,13,7.977049545,10,1,0.99505,19,0
31.0,635,462.0,39,9.017887727,8,0,0.76923,32,0
7.0,50,39.0,31,0.0,0,0,0.0,0,0
63.0,1153,950.0,40,8.446269565,6,1,0.95455,35,0
29.0,642,502.0,33,8.059444117,3,0,0.98529,25,0
109.0,1210,1005.0,31,9.659135517,13,5,1.0,22,0
52.0,864,716.0,31,8.797538,13,6,1.0,24,0
66.0,1110,902.0,29,10.195937419,15,0,1.0,41,0
69.0,624,481.0,31,8.825407692,11,5,0.9927,19,0
10.0,84,73.0,214,0.0,0,0,1.0,0,1
98.0,1344,1085.0,31,10.140403636,11,1,0.9939,35,0
64.0,783,623.0,15,9.440465909,7,0,0.98571,20,0
4.0,107,99.0,273,0.0,0,0,1.0,0,1
9.0,120,101.0,266,6.0,0,0,0.16667,5,0
33.0,372,326.0,106,5.0,3,0,0.9,1,0
67.0,923,733.0,42,10.223868333,6,0,0.99454,32,0
39.0,950,793.0,11,9.135055,21,0,1.0,35,0
122.0,1351,1137.0,31,9.33661423,14,1,0.98062,25,0
157.0,1077,784.0,31,9.619952631,7,0,1.0,22,0
55.0,648,488.0,77,7.950531,9,0,1.0,23,0
14.0,337,316.0,32,5.0,0,0,0.96296,1,0
28.0,832,650.0,40,9.59467409,8,0,1.0,44,0
39.0,378,324.0,186,9.0,0,0,0.0,2,0
104.0,1483,1225.0,31,9.853204,11,1,0.97015,47,0
2.0,16,14.0,228,0.0,0,0,0.0,0,1
90.0,1481,1301.0,31,8.30415,13,0,1.0,24,0
66.0,856,655.0,22,9.946360344,4,0,0.98485,37,0
541.0,2157,1526.0,31,9.248718,11,7,0.99237,18,0
1.0,6,2.0,280,0.0,0,0,0.0,0,1
15.0,149,128.0,224,0.0,0,0,0.0,0,1
202.0,1389,1139.0,33,0.0,4,0,0.97778,0,0
2146.0,3706,1479.0,41,9.029982142,6,0,0.94118,17,0
186.0,1283,937.0,42,10.4,4,0,0.98925,20,0
210.0,1648,1329.0,31,8.9470105,11,0,0.91176,19,0
29.0,561,443.0,31,9.261137619,5,0,0.42857,19,0
7.0,31,16.0,265,0.0,0,0,0.0,0,1
68.0,880,704.0,31,7.34774,5,2,0.96053,22,0
129.0,1389,1063.0,31,10.25,9,0,0.81818,42,0
154.0,1525,1232.0,30,9.749581612,9,1,1.0,33,0
152.0,1446,1175.0,31,9.710003666,18,2,0.97244,32,0
1.0,6,3.0,278,0.0,0,0,0.0,0,1
100.0,773,610.0,31,8.7950625,6,0,0.77778,10,0
64.0,779,638.0,31,6.789515,5,1,0.98387,13,0
96.0,1641,1421.0,15,9.313542666,6,6,0.55118,29,0
26.0,170,137.0,31,0.0,0,0,1.0,0,0
39.0,336,284.0,73,9.0,0,1,1.0,2,0
150.0,1356,1144.0,31,9.13888875,8,1,1.0,20,0
14.0,427,319.0,41,9.16627909,4,0,1.0,22,0
65.0,567,480.0,92,6.0,5,0,0.96,8,0
9.0,152,133.0,210,7.0,2,0,1.0,1,0
14.0,154,132.0,242,8.0,0,0,0.0,1,0
123.0,1777,1495.0,34,10.363636363,15,1,1.0,31,0
95.0,1029,883.0,5,4.718515,20,0,1.0,2,0
107.0,1120,904.0,31,8.713201034,7,5,1.0,26,0
1.0,4,1.0,999,0.0,0,0,0.0,0,1
74.0,1135,981.0,31,8.445385,8,0,0.90741,14,0
140.0,1023,771.0,1,9.268411363,6,0,0.93939,19,0
65.0,982,819.0,32,8.592985416,11,0,1.0,20,0
108.0,1165,952.0,31,7.867210952,4,0,1.0,19,0
356.0,1292,798.0,35,10.592592592,4,0,1.0,34,0
8.0,202,131.0,40,8.009757647,0,0,1.0,16,0
62.0,598,527.0,112,8.0,1,0,0.97297,1,0
84.0,792,654.0,74,6.129689047,4,0,1.0,14,0
43.0,700,591.0,51,7.845134782,3,0,0.95775,16,0
61.0,912,754.0,58,9.669488571,11,1,1.0,20,0
133.0,1461,1197.0,31,8.559771562,4,2,1.0,27,0
114.0,1497,1167.0,6,9.6,15,0,1.0,59,0
94.0,775,663.0,186,10.0,6,0,1.0,10,0
39.0,565,501.0,42,4.85522,6,0,0.85,3,0
157.0,2791,2541.0,75,8.606529473,11,0,0.99359,18,0
91.0,1295,1054.0,42,10.363636363,8,0,0.96,36,0
1.0,7,3.0,278,0.0,0,0,1.0,0,1
66.0,369,298.0,84,0.0,0,0,0.0,0,0
27.0,179,145.0,29,0.0,0,0,0.0,0,0
129.0,602,432.0,18,0.0,0,0,0.0,0,0
241.0,1240,994.0,70,0.0,0,0,0.0,0,0
114.0,481,359.0,74,0.0,0,0,1.0,0,0
75.0,371,286.0,69,0.0,0,0,0.0,0,0
45.0,207,157.0,55,0.0,0,0,0.0,0,0
1.0,9,3.0,280,0.0,0,0,0.0,0,1
78.0,416,330.0,29,0.0,0,0,0.0,0,0
5.0,65,54.0,112,0.0,0,0,1.0,0,0
176.0,510,324.0,70,0.0,0,0,0.0,0,0
6.0,49,36.0,245,0.0,0,0,0.0,0,1
2.0,12,6.0,209,0.0,0,0,0.0,0,1
51.0,251,196.0,29,0.0,0,0,0.0,0,0
63.0,276,207.0,29,0.0,0,0,0.0,0,0
248.0,1155,829.0,6,0.0,0,0,0.0,0,0
85.0,615,521.0,29,0.0,0,0,0.0,0,0
153.0,587,413.0,29,0.0,0,0,0.0,0,0
54.0,293,222.0,77,0.0,0,0,0.0,0,0
147.0,699,527.0,92,0.0,0,0,1.0,0,0
19.0,108,83.0,193,0.0,0,0,1.0,0,1
190.0,819,583.0,54,0.0,0,0,0.0,0,0
97.0,481,354.0,70,0.0,0,0,0.0,0,0
220.0,944,706.0,29,0.0,0,0,1.0,0,0
10.0,90,74.0,185,0.0,0,0,0.0,0,1
65.0,321,249.0,180,0.0,0,0,0.0,0,1
50.0,255,197.0,29,0.0,0,0,0.0,0,0
210.0,855,612.0,29,0.0,0,0,0.0,0,0
2.0,19,11.0,280,0.0,0,0,0.0,0,1
182.0,870,622.0,69,0.0,0,0,0.0,0,0
81.0,533,436.0,36,0.0,3,0,0.77778,0,0
218.0,1216,990.0,0,0.0,3,0,0.8,0,0
163.0,1023,854.0,29,0.0,1,0,1.0,0,0
42.0,395,336.0,37,0.0,3,0,1.0,0,0
99.0,575,456.0,37,0.0,3,0,0.95,0,0
160.0,988,814.0,38,0.0,3,0,0.57143,0,0
71.0,439,362.0,29,0.0,1,0,1.0,0,0
224.0,1151,804.0,19,0.0,3,0,0.6,0,0
168.0,870,683.0,56,0.0,3,0,0.93333,0,0
116.0,839,681.0,38,0.0,3,0,1.0,0,0
49.0,320,256.0,37,0.0,3,0,1.0,0,0
61.0,499,425.0,37,0.0,3,0,0.71429,0,0
203.0,1128,890.0,29,0.0,3,0,0.71429,0,0
258.0,1510,1237.0,29,0.0,3,0,0.75,0,0
182.0,1226,1006.0,40,0.0,3,0,0.25,0,0
201.0,1028,794.0,37,0.0,4,0,1.0,0,0
119.0,798,668.0,9,0.0,3,0,1.0,0,0
137.0,837,686.0,37,0.0,3,0,0.66667,0,0
38.0,263,213.0,37,0.0,3,0,0.57143,0,0
138.0,933,780.0,25,0.0,3,0,0.83333,0,0
217.0,1311,1016.0,29,0.0,3,0,0.94444,0,0
224.0,1217,981.0,29,0.0,3,0,0.8,0,0
40.0,279,227.0,39,0.0,4,0,0.57143,0,0
76.0,569,480.0,29,0.0,3,0,0.71429,0,0
56.0,445,356.0,23,0.0,4,0,1.0,0,0
149.0,1584,1424.0,29,0.0,3,0,1.0,0,0
149.0,885,701.0,37,0.0,3,0,0.5,0,0
254.0,1243,953.0,37,0.0,2,0,0.66667,0,0
88.0,466,368.0,29,0.0,3,0,0.94444,0,0
140.0,852,700.0,35,0.0,3,0,0.95238,0,0
116.0,679,542.0,36,0.0,3,0,0.92857,0,0
245.0,1304,927.0,37,0.0,3,0,0.83333,0,0
139.0,725,519.0,29,0.0,3,0,0.94118,0,0
115.0,1137,991.0,29,0.0,3,0,0.375,0,0
148.0,752,581.0,29,0.0,4,0,1.0,0,0
75.0,437,350.0,37,0.0,1,0,1.0,0,0
244.0,1616,1352.0,29,0.0,2,0,0.94737,0,0
11.0,143,124.0,37,0.0,2,0,0.33333,0,0
75.0,523,442.0,29,0.0,0,0,0.0,0,0
122.0,493,360.0,29,0.0,0,0,1.0,0,0
45.0,378,326.0,29,0.0,0,0,0.0,0,0
7.0,43,30.0,70,0.0,0,0,0.0,0,1
155.0,535,359.0,49,0.0,0,0,0.0,0,0
74.0,452,368.0,185,0.0,0,0,0.0,0,1
157.0,737,538.0,71,0.0,0,0,0.0,0,0
11.0,87,71.0,185,0.0,0,0,0.0,0,1
180.0,706,517.0,29,0.0,0,0,0.0,0,0
44.0,223,161.0,30,0.0,0,0,0.0,0,0
107.0,496,370.0,20,0.0,0,0,0.0,0,0
123.0,737,603.0,29,0.0,0,0,0.0,0,0
6.0,28,15.0,259,0.0,0,0,0.0,0,1
5.0,33,22.0,257,0.0,0,0,0.0,0,1
131.0,655,468.0,59,0.0,0,0,0.0,0,0
134.0,589,430.0,68,0.0,0,0,0.0,0,0
5.0,330,317.0,24,0.0,0,0,1.0,0,0
6.0,33,21.0,185,0.0,0,0,0.0,0,1
186.0,956,667.0,69,0.0,0,0,0.0,0,0
25.0,153,120.0,87,0.0,0,0,0.0,0,0
142.0,514,339.0,11,0.0,0,0,0.0,0,0
93.0,815,705.0,40,0.0,0,0,1.0,0,0
147.0,924,733.0,73,0.0,0,0,0.0,0,0
58.0,300,232.0,32,0.0,0,0,0.0,0,0
12.0,58,40.0,209,0.0,0,0,1.0,0,1
16.0,75,53.0,122,0.0,0,0,0.0,0,0
8.0,76,61.0,29,0.0,0,0,1.0,0,0
105.0,457,337.0,29,0.0,0,0,1.0,0,0
79.0,460,372.0,77,0.0,0,0,0.0,0,0
6.0,76,66.0,30,0.0,0,0,1.0,0,0
85.0,347,253.0,29,0.0,0,0,1.0,0,0
127.0,768,619.0,19,0.0,0,0,0.0,0,0
3.0,48,40.0,247,0.0,0,0,0.0,0,1
48.0,251,193.0,29,0.0,0,0,0.0,0,0
43.0,235,170.0,69,0.0,0,0,0.0,0,0
6.0,44,33.0,209,0.0,0,0,0.0,0,1
130.0,1056,917.0,28,0.0,0,0,0.0,0,0
50.0,295,232.0,207,0.0,0,0,0.0,0,1
35.0,209,167.0,29,0.0,0,0,0.0,0,0
91.0,473,314.0,29,0.0,0,0,0.0,0,0
72.0,370,291.0,82,0.0,0,0,0.0,0,0
85.0,303,209.0,92,0.0,0,0,1.0,0,0
77.0,409,327.0,29,0.0,0,0,0.0,0,0
140.0,659,511.0,29,0.0,0,0,0.0,0,0
48.0,215,162.0,216,0.0,0,0,0.0,0,1
102.0,408,292.0,68,0.0,0,0,0.0,0,0
152.0,801,635.0,29,0.0,0,0,1.0,0,0
83.0,530,425.0,29,0.0,0,0,1.0,0,0
89.0,468,370.0,29,0.0,0,0,1.0,0,0
18.0,143,117.0,209,0.0,0,0,0.0,0,1
25.0,203,170.0,69,0.0,0,0,0.0,0,0
86.0,439,335.0,72,0.0,0,0,0.0,0,0
58.0,381,315.0,29,0.0,0,0,0.0,0,0
3.0,80,71.0,255,0.0,0,0,0.0,0,1
76.0,403,322.0,115,0.0,0,0,0.0,0,0
156.0,752,592.0,67,0.0,0,0,0.0,0,0
125.0,677,540.0,71,0.0,0,0,0.0,0,0
97.0,467,342.0,83,0.0,0,0,0.0,0,0
34.0,222,178.0,192,0.0,0,0,0.0,0,1
81.0,361,257.0,29,0.0,0,0,1.0,0,0
86.0,382,280.0,71,0.0,0,0,0.0,0,0
12.0,110,92.0,214,0.0,0,0,0.0,0,1
18.0,164,140.0,206,0.0,0,0,1.0,0,1
14.0,70,52.0,70,0.0,0,0,0.0,0,0
55.0,265,204.0,86,0.0,0,0,1.0,0,0
105.0,510,396.0,67,0.0,0,0,0.0,0,0
92.0,458,350.0,29,0.0,0,0,0.0,0,0
12.0,75,58.0,248,0.0,0,0,1.0,0,1
22.0,193,164.0,70,0.0,0,0,1.0,0,0
110.0,483,347.0,68,0.0,0,0,0.0,0,0
118.0,536,377.0,72,0.0,0,0,0.0,0,0
25.0,196,165.0,68,0.0,0,0,1.0,0,0
54.0,220,158.0,29,0.0,0,0,0.0,0,0
47.0,236,180.0,10,0.0,0,0,1.0,0,0
54.0,244,177.0,77,0.0,0,0,0.0,0,0
90.0,423,328.0,1,0.0,0,0,0.0,0,0
62.0,358,281.0,93,0.0,0,0,0.0,0,0
55.0,252,183.0,75,0.0,0,0,0.0,0,0
123.0,938,810.0,8,0.0,0,0,1.0,0,0
190.0,1088,884.0,29,0.0,0,0,1.0,0,0
764.0,1698,884.0,22,0.0,0,0,1.0,0,0
52.0,295,237.0,22,0.0,0,0,0.0,0,0
155.0,724,549.0,29,0.0,0,0,0.0,0,0
14.0,114,96.0,209,0.0,0,0,0.0,0,1
88.0,325,230.0,29,0.0,0,0,0.0,0,0
130.0,983,844.0,29,0.0,0,0,1.0,0,0
92.0,310,212.0,29,0.0,0,0,0.0,0,0
27.0,152,118.0,29,0.0,0,0,1.0,0,0
28.0,168,129.0,98,0.0,0,0,0.0,0,0
3.0,29,19.0,280,0.0,0,0,1.0,0,1
31.0,184,142.0,208,0.0,0,0,0.0,0,1
18.0,125,98.0,70,0.0,0,0,1.0,0,0
128.0,547,402.0,29,0.0,0,0,0.0,0,0
41.0,213,167.0,72,0.0,0,0,0.0,0,0
16.0,113,89.0,29,0.0,0,0,0.0,0,0
20.0,141,110.0,234,0.0,0,0,1.0,0,1
53.0,251,194.0,193,0.0,0,0,0.0,0,1
108.0,497,369.0,128,0.0,0,0,1.0,0,0
172.0,790,533.0,29,0.0,0,0,0.0,0,0
22.0,105,73.0,51,0.0,0,0,0.0,0,0
29.0,142,107.0,106,0.0,0,0,0.0,0,0
491.0,878,372.0,209,0.0,0,0,0.0,0,1
39.0,231,185.0,29,0.0,0,0,0.0,0,0
17.0,137,116.0,75,0.0,0,0,0.0,0,0
1.0,1,0.0,999,0.0,0,0,0.0,0,1
5.0,33,26.0,999,0.0,0,0,0.0,0,1
2.0,17,13.0,278,0.0,0,0,0.0,0,1
1.0,14,10.0,999,0.0,0,0,0.0,0,1
9.0,39,19.0,279,0.0,0,0,0.0,0,1
1.0,5,2.0,999,0.0,0,0,0.0,0,1
2.0,11,7.0,999,0.0,0,0,0.0,0,1
7.0,24,12.0,999,0.0,0,0,0.0,0,1
52.0,433,355.0,1,0.0,0,0,0.0,0,0
362.0,2098,1619.0,37,12.148419583,6,0,0.98361,26,0
93.0,664,553.0,189,27.75,1,0,1.0,3,0
289.0,2964,2555.0,35,12.98112625,9,1,1.0,25,0
260.0,2287,1880.0,34,10.0,7,5,1.0,36,0
73.0,976,830.0,71,9.171717272,3,4,0.97826,17,0
2.0,8,4.0,999,0.0,0,0,0.0,0,1
63.0,960,784.0,44,10.3263495,2,0,1.0,24,0
141.0,1091,824.0,53,9.760156818,2,0,1.0,30,0
20.0,317,245.0,42,9.096418181,1,0,0.8125,9,0
54.0,1084,794.0,36,10.130190909,9,0,1.0,78,0
165.0,1638,1324.0,36,10.363636363,6,1,1.0,35,0
95.0,991,769.0,36,8.083303043,5,0,0.99485,30,0
20.0,514,403.0,36,9.38846,4,0,1.0,16,0
24.0,423,368.0,35,6.31111,2,0,1.0,2,0
172.0,2102,1781.0,36,10.321202608,7,6,0.77876,34,0
3.0,23,16.0,269,0.0,0,0,1.0,0,1
26.0,207,180.0,238,0.0,0,0,0.0,0,1
54.0,747,603.0,31,8.062382727,8,1,0.995,19,0
218.0,1837,1350.0,36,10.133762173,8,2,1.0,42,0
50.0,234,176.0,234,0.0,0,0,1.0,0,1
76.0,727,544.0,43,9.381187619,7,0,0.96364,18,0
178.0,1550,1226.0,35,8.515527727,2,1,0.99482,27,0
159.0,1272,1024.0,30,9.307413157,5,1,0.98507,20,0
110.0,1717,1472.0,31,9.48165,10,0,0.99099,30,0
115.0,723,570.0,32,4.902356666,0,0,1.0,4,0
90.0,673,560.0,41,4.259048,1,1,0.90909,3,0
137.0,1774,1415.0,31,9.839056818,0,0,0.99468,61,0
50.0,581,435.0,29,6.0395915,1,0,0.98361,21,0
156.0,1367,1086.0,39,9.915824545,4,0,0.71429,28,0
46.0,694,486.0,33,8.7948115,3,0,0.99412,40,0
95.0,976,782.0,41,9.2974075,6,0,1.0,21,0
133.0,1479,1213.0,34,8.842563684,8,0,0.99259,27,0
94.0,675,499.0,34,8.619213888,5,0,1.0,16,0
156.0,1403,1062.0,42,10.13037,2,0,1.0,43,0
182.0,1757,1320.0,42,10.066172,4,0,0.11111,35,0
247.0,2408,1954.0,35,11.956521739,8,1,0.90909,48,0
131.0,1532,1291.0,35,11.136475416,7,0,0.5,21,0
197.0,2036,1683.0,36,13.922839583,8,1,0.97872,36,0
202.0,1874,1478.0,1,9.914512916,7,1,1.0,30,0
95.0,775,580.0,36,9.760074347,5,0,1.0,21,0
196.0,1136,872.0,36,7.282323333,0,0,0.33333,13,0
137.0,816,641.0,36,6.183955,0,0,1.0,8,0
39.0,1865,1677.0,35,11.444444444,9,1,1.0,35,0
80.0,1038,788.0,34,10.608695652,6,1,0.99408,39,0
175.0,2089,1785.0,33,11.28,6,0,0.99465,31,0
128.0,1788,1471.0,31,11.423076923,9,0,0.99482,35,0
162.0,1296,1039.0,8,8.612730909,5,2,1.0,19,0
106.0,1188,968.0,36,10.098437692,8,0,1.0,22,0
43.0,481,378.0,36,7.694790588,0,0,0.99465,14,0
115.0,1341,1049.0,36,10.786008333,8,0,1.0,40,0
134.0,1172,927.0,37,10.316958181,3,0,1.0,24,0
112.0,856,640.0,35,9.566016666,6,0,1.0,21,0
109.0,1115,842.0,36,11.888888888,7,0,1.0,36,0
2.0,8,3.0,266,0.0,0,0,0.0,0,1
11.0,128,111.0,92,0.0,0,0,0.0,0,0
116.0,1257,1003.0,42,10.210437727,8,0,1.0,33,0
159.0,1662,1398.0,20,9.053965909,11,0,0.98148,21,0
98.0,1020,783.0,34,9.854321,8,0,0.96,37,0
32.0,488,372.0,34,8.9845905,6,0,0.875,19,0
53.0,921,647.0,33,10.347475,5,0,1.0,52,0
120.0,1083,825.0,39,6.31092238,1,0,0.88235,26,0
247.0,2311,1888.0,34,10.363636363,9,1,1.0,45,0
70.0,789,629.0,56,9.132955454,9,0,1.0,20,0
21.0,591,467.0,42,10.9738272,9,0,1.0,25,0
100.0,1026,831.0,42,9.88536909,5,0,1.0,21,0
100.0,1099,853.0,35,10.958333333,2,1,0.98667,35,0
140.0,1706,1391.0,36,9.647985,7,0,0.98305,33,0
137.0,1794,1502.0,35,10.458333333,5,0,1.0,38,0
160.0,1452,1099.0,34,10.241077727,8,0,0.98413,48,0
491.0,773,282.0,216,0.0,0,0,1.0,0,1
15.0,190,171.0,36,8.0,1,0,0.10526,1,0
65.0,1341,1136.0,35,11.956521739,9,1,1.0,31,0
83.0,941,710.0,36,10.52173913,2,0,0.98773,40,0
168.0,1741,1470.0,25,9.571728181,10,0,1.0,20,0
57.0,246,173.0,29,0.0,0,0,0.0,0,0
9.0,107,97.0,217,0.0,0,0,0.0,0,1
7.0,60,50.0,216,0.0,0,0,0.0,0,1
1.0,10,9.0,229,0.0,0,0,0.0,0,1
1.0,9,8.0,232,0.0,0,0,0.0,0,1
1.0,4,3.0,232,0.0,0,0,0.0,0,1
2.0,20,17.0,204,0.0,0,0,0.0,0,1
1.0,7,6.0,232,0.0,0,0,1.0,0,1
3.0,11,8.0,233,0.0,0,0,0.0,0,1
2.0,25,22.0,232,0.0,0,0,0.0,0,1
1.0,13,12.0,226,0.0,0,0,0.0,0,1
2.0,23,21.0,225,0.0,0,0,0.0,0,1
1.0,15,14.0,231,0.0,0,0,0.0,0,1
2.0,36,32.0,228,0.0,0,0,0.0,0,1
1.0,20,19.0,232,0.0,0,0,0.0,0,1
1.0,25,24.0,232,0.0,0,0,0.0,0,1
1.0,4,3.0,232,0.0,0,0,0.0,0,1
6.0,44,38.0,217,0.0,0,0,0.0,0,1
1.0,10,9.0,228,0.0,0,0,0.0,0,1
2.0,32,30.0,210,0.0,0,0,0.0,0,1
1.0,11,10.0,232,0.0,0,0,0.0,0,1
1.0,14,13.0,232,0.0,0,0,1.0,0,1
4.0,35,31.0,232,0.0,0,0,0.0,0,1
1.0,18,17.0,232,0.0,0,0,0.0,0,1
1.0,1,0.0,999,0.0,0,0,0.0,0,1
2.0,5,2.0,999,0.0,0,0,0.0,0,1
2.0,14,12.0,244,0.0,0,0,0.0,0,1
1.0,7,6.0,229,0.0,0,0,0.0,0,1
2.0,7,5.0,225,0.0,0,0,0.0,0,1
2.0,10,8.0,227,0.0,0,0,0.0,0,1
2.0,40,36.0,229,0.0,0,0,1.0,0,1
1.0,6,5.0,246,0.0,0,0,0.0,0,1
2.0,10,8.0,229,0.0,0,0,0.0,0,1
3.0,7,4.0,222,0.0,0,0,0.0,0,1
1.0,8,7.0,232,0.0,0,0,0.0,0,1
26.0,398,291.0,25,9.2437145,1,0,1.0,20,0
75.0,793,623.0,36,8.0248675,1,0,0.98864,18,0
181.0,1163,934.0,35,10.588497857,1,0,0.92308,12,0
35.0,392,343.0,185,9.21667,6,0,1.0,1,0
43.0,434,366.0,15,9.8,6,0,0.91667,1,0
19.0,201,176.0,174,0.0,6,0,1.0,0,0
16.0,390,364.0,173,9.0,6,0,1.0,1,0
21.0,254,225.0,174,10.0,5,0,1.0,1,0
12.0,159,137.0,179,9.6,5,0,1.0,1,0
26.0,327,292.0,183,9.75,5,0,0.96296,1,0
16.0,158,131.0,174,9.66667,6,0,1.0,1,0
26.0,274,233.0,186,9.66667,4,0,1.0,1,0
21.0,377,343.0,174,8.55,6,0,0.83333,2,0
40.0,302,249.0,171,10.0,6,0,1.0,1,0
24.0,304,268.0,173,8.6,6,0,1.0,1,0
30.0,497,427.0,169,10.0,7,0,1.0,6,0
4.0,54,50.0,213,0.0,0,0,1.0,0,1
23.0,495,460.0,112,8.0,7,0,1.0,1,0
25.0,421,388.0,169,0.0,7,0,0.875,0,0
122.0,1140,900.0,36,9.48784,7,0,1.0,22,0
77.0,506,428.0,29,0.0,0,0,0.0,0,0
2.0,10,8.0,232,0.0,0,0,0.0,0,1
26.0,344,219.0,36,9.215546363,0,0,1.0,25,0
20.0,112,88.0,190,10.0,0,0,0.0,1,0
32.0,638,516.0,36,9.590608695,1,1,1.0,21,0
34.0,241,194.0,187,6.0,1,0,1.0,1,0
19.0,169,139.0,187,8.0,1,0,1.0,1,0
21.0,255,210.0,123,25.75,2,0,1.0,5,0
14.0,247,216.0,124,28.666666666,2,0,0.66667,5,0
35.0,338,284.0,117,20.25,2,0,1.0,5,0
35.0,446,392.0,118,23.583333333,2,0,1.0,5,0
33.0,357,307.0,117,29.0,2,0,1.0,5,0
26.0,419,374.0,113,31.333333333,2,0,1.0,5,0
68.0,574,481.0,112,22.61111,2,0,1.0,5,0
12.0,180,151.0,122,25.833333333,2,0,1.0,5,0
43.0,510,443.0,103,26.166666666,2,0,0.25,5,0
45.0,453,389.0,111,24.52778,2,0,1.0,5,0
173.0,615,420.0,22,21.88889,1,0,0.25,5,0
37.0,443,383.0,112,18.694443333,2,0,0.6,5,0
24.0,280,238.0,123,29.833333333,2,0,1.0,5,0
69.0,865,761.0,122,28.36111,2,0,1.0,5,0
28.0,482,434.0,122,24.083333333,2,0,0.66667,5,0
44.0,446,385.0,122,25.166666666,2,0,1.0,5,0
44.0,703,628.0,118,29.916666666,2,0,1.0,5,0
35.0,375,319.0,122,23.694443333,2,0,0.66667,5,0
37.0,382,323.0,38,29.416666666,2,0,1.0,5,0
24.0,351,309.0,78,24.444443333,2,0,1.0,5,0
17.0,364,329.0,126,23.444443333,2,0,1.0,5,0
37.0,326,264.0,122,29.722223333,2,0,1.0,5,0
14.0,234,203.0,125,15.0,2,0,1.0,5,0
16.0,157,128.0,122,14.5,2,0,0.75,3,0
36.0,436,350.0,113,18.416666666,2,0,0.66667,5,0
30.0,255,206.0,123,29.833333333,2,0,0.83333,5,0
25.0,295,259.0,113,23.65,2,0,0.75,3,0
43.0,404,343.0,112,23.694443333,2,0,0.0,5,0
25.0,281,238.0,113,28.666666666,2,0,0.25,5,0
42.0,541,476.0,112,23.5,2,0,1.0,5,0
50.0,556,488.0,29,23.0,2,0,1.0,5,0
28.0,393,342.0,122,19.25,2,0,0.6,5,0
31.0,381,332.0,113,26.333333333,2,0,0.66667,5,0
19.0,240,204.0,122,25.0,2,0,1.0,5,0
44.0,413,312.0,113,26.75,2,0,1.0,5,0
49.0,420,351.0,123,16.916666666,2,0,1.0,5,0
33.0,292,235.0,122,29.833333333,2,0,0.25,5,0
54.0,546,475.0,117,31.777776666,2,0,1.0,5,0
25.0,299,257.0,112,21.027776666,2,0,0.0,5,0
57.0,628,549.0,122,24.0,1,0,0.83333,5,0
30.0,341,288.0,122,26.777776666,2,0,0.8,5,0
34.0,337,282.0,114,16.833333333,2,0,1.0,5,0
19.0,294,256.0,69,26.666666666,2,0,1.0,5,0
21.0,271,232.0,122,21.805556666,2,0,1.0,5,0
46.0,502,432.0,22,24.777776666,2,0,1.0,5,0
27.0,325,281.0,122,31.194446666,2,0,0.66667,5,0
38.0,422,354.0,113,22.722223333,2,0,1.0,5,0
38.0,302,240.0,122,23.944443333,2,0,0.2,5,0
32.0,361,309.0,114,29.0,2,0,0.5,5,0
25.0,295,253.0,113,25.527776666,2,0,1.0,5,0
18.0,295,264.0,124,14.61111,0,0,0.0,5,0
18.0,297,262.0,113,20.416666666,2,0,1.0,5,0
53.0,564,492.0,109,26.944443333,2,0,1.0,5,0
24.0,278,236.0,113,21.13889,2,0,1.0,5,0
20.0,197,157.0,125,24.083333333,2,0,0.33333,5,0
32.0,359,309.0,86,30.9,2,0,1.0,5,0
42.0,448,389.0,118,27.5,2,0,1.0,5,0
41.0,386,328.0,113,23.416666666,2,0,1.0,5,0
45.0,550,484.0,112,24.777776666,2,0,1.0,5,0
71.0,961,869.0,102,27.277776666,2,0,0.88889,5,0
26.0,442,399.0,123,15.11111,2,0,0.875,5,0
40.0,408,336.0,118,26.36111,2,0,1.0,5,0
32.0,373,305.0,114,28.416666666,2,0,0.0,5,0
47.0,524,459.0,120,29.833333333,2,0,0.8,5,0
26.0,374,329.0,122,25.833333333,2,0,1.0,5,0
40.0,424,367.0,116,15.555556666,2,0,1.0,5,0
34.0,326,274.0,111,16.11111,2,0,1.0,5,0
12.0,524,509.0,34,0.0,0,0,0.0,0,0
18.0,285,264.0,2,0.0,0,0,1.0,0,0
85.0,3927,3493.0,19,0.0,0,0,0.5,1,0
37.0,520,473.0,30,0.0,0,0,1.0,0,0
95.0,1668,1555.0,37,0.0,0,0,1.0,0,0
9.0,266,254.0,39,0.0,3,0,0.66667,0,0
10.0,174,160.0,37,0.0,3,0,1.0,0,0
3.0,38,34.0,44,0.0,1,0,1.0,0,0
1.0,18,16.0,66,0.0,1,0,1.0,0,1
9.0,97,84.0,38,0.0,3,0,0.66667,0,0
4.0,41,34.0,40,0.0,3,0,1.0,0,0
13.0,143,122.0,36,0.0,3,0,1.0,0,0
12.0,120,105.0,39,0.0,3,0,0.75,0,0
16.0,168,147.0,35,0.0,3,0,1.0,0,0
48.0,305,253.0,13,0.0,3,0,1.0,0,0
9.0,96,83.0,38,0.0,3,0,1.0,0,0
14.0,143,122.0,37,0.0,3,0,1.0,0,0
8.0,115,102.0,37,0.0,3,0,1.0,0,0
13.0,172,148.0,35,0.0,2,0,1.0,0,0
11.0,137,123.0,28,0.0,3,0,1.0,0,0
10.0,158,145.0,40,0.0,3,0,1.0,0,0
7.0,202,192.0,37,0.0,3,0,1.0,0,0
14.0,130,113.0,36,0.0,3,0,1.0,0,0
10.0,121,107.0,41,0.0,3,0,1.0,0,0
6.0,65,56.0,36,0.0,3,0,1.0,0,0
7.0,123,110.0,39,0.0,3,0,1.0,0,0
1.0,5,4.0,1,0.0,0,0,0.0,0,1
2.0,14,12.0,1,0.0,0,0,0.0,0,1
